League,Season,Team,League_Rank,League_Home_MP,League_Home_W,League_Home_D,League_Home_L,League_Home_GF,League_Home_GA,League_Home_GD,League_Home_Pts,League_Home_Pts/MP,League_Away_MP,League_Away_W,League_Away_D,League_Away_L,League_Away_GF,League_Away_GA,League_Away_GD,League_Away_Pts,League_Away_Pts/MP,Num.Players,Av.Age,Av.Poss,League_Match.Played,League_Min.Played,League_Gls,League_Ast,League_G+A,League_G-PK,League_PK,League_PKatt,League_CrdY,League_CrdR,League_Gls.per90,League_Ast.per90,League_G+A.per90,League_G-PK.per90,League_G+A-PK.per90,League_Starts,League_Subs.used,League_Subs.unused,League_PointsperMatch,League_GoalonPitch,League_GoalAgainstonPitch,League_+/-,League_+/-90,Note,Total_Pts,post_5subs,post_conf_lg,covid_season,ligue1_18teams,total_matches,domestic_matches,european_matches,conf_lg_matches,cup_matches,mean_recovery_days,mean_matches_L7D,mean_matches_L14D,mean_matches_L21D,european_team,total_injuries,fatigue_injuries,trauma_injuries,illness_injuries,other_injuries,total_days_missed,total_games_missed,total_injury_cost,fatigue_cost,trauma_cost,illness_cost,other_cost,squad_total_minutes,total_squad_value,squad_mean_value,squad_median_value,top_q_minutes_share,bottom_q_minutes_share,top3_minutes_share,mv_gini,mv_cr3,avg_mv_per_minute,n_players_with_mv,max_possible_avg_mv,Pts_per_Match,log_injury_cost,log_fatigue,log_trauma,log_fatigue_cost,log_trauma_cost,n_matches_with_recovery,n_fifpro_v2d,n_fifpro_v3d,n_fifpro_v35d,n_fifpro_v4d,n_congested_weeks,max_consec_congested_weeks,fifpro_addl_violation,Pts_per_Match_lag,log_total_matches,high_mv_inequality,deployment_intensity
FRA,2223,Ajaccio,18,19,4,3,12,10,30,-20,15,0.79,19,3,2,14,13,44,-31,11,0.58,36,29.1,43.2,38,3420,22,12,34,16,6,9,86,10,0.58,0.32,0.89,0.42,0.74,418,172,164,0.68,23,74,-51,-1.34,Relegated,26,1,1,0,0,40,38,0,0,2,7.743589743589744,0.675,1.675,2.625,0,50,11,1,2,36,1159,161,121300000,33800000,700000,650000,86150000,39340,26300000,692105.2631578947,400000,0.36329435688866296,0.023055414336553125,0.1947635993899339,0.5310186111666999,0.2661596958174905,983943.8230808338,38,1690909.0909090908,0.68,18.6137773821583,2.4849066497880004,0.6931471805599453,17.335971390039045,13.45883704259595,39,0,0,2,5,1,1,0,NA,3.713572066704308,1,0.5819022609617834
ESP,1617,Alavés,9,19,7,8,4,19,21,-2,29,1.53,19,7,5,7,22,22,0,26,1.37,25,25.4,44.4,38,3420,41,27,68,37,4,4,120,5,1.08,0.71,1.79,0.97,1.68,418,114,150,1.45,41,43,-2,-0.05,NA,55,0,0,0,0,47,38,0,0,9,6.064538043478261,0.9148936170212766,2.021276595744681,3.106382978723404,0,16,10,0,0,6,784,84,196500000,63500000,0,0,133000000,46387,84100000,3234615.3846153845,2000000,0.3497531636018712,0.1560997693319249,0.20193157565697287,0.49359736577334656,0.4161712247324614,4448112.617759286,26,5863636.363636363,1.45,19.09617299436265,2.3978952727983707,0,17.96655047961095,0,46,0,6,12,15,8,3,1,NA,3.871201010907891,1,0.7585928495403435
ESP,1718,Alavés,14,19,9,1,9,21,23,-2,28,1.47,19,6,1,12,19,27,-8,19,1,30,25.5,40.3,38,3420,40,31,71,39,1,3,109,4,1.05,0.82,1.87,1.03,1.84,418,111,154,1.24,40,50,-10,-0.26,NA,47,0,0,0,0,44,38,0,0,6,6.370397286821706,0.8409090909090909,1.9318181818181819,2.8636363636363638,0,15,4,2,0,9,965,116,123800000,32700000,4500000,0,86600000,42450,69650000,2487500,1500000,0.3892579505300353,0.09100117785630153,0.2144640753828033,0.4459286227053634,0.38765254845656855,3465366.313309776,28,4445454.545454546,1.24,18.634177926292313,1.6094379124341003,1.0986122886681098,17.30288566644852,15.319588176962746,43,0,3,8,12,6,4,1,1.45,3.8066624897703196,0,0.7795302545277615
ESP,1819,Alavés,11,19,7,8,4,19,19,0,29,1.53,19,6,3,10,20,31,-11,21,1.11,26,26.7,42.7,38,3420,39,27,66,37,2,3,101,1,1.03,0.71,1.74,0.97,1.68,418,113,153,1.32,39,50,-11,-0.29,NA,50,0,0,0,0,40,38,0,0,2,6.998397435897436,0.675,1.575,2.375,0,21,9,2,0,10,796,94,393100000,89100000,48500000,0,255500000,36950,103800000,4152000,2000000,0.44895805142083894,0.059756427604871445,0.22516914749661704,0.5114450867052023,0.3853564547206166,6427634.641407307,25,7636363.636363637,1.32,19.78957459293597,2.302585092994046,1.0986122886681098,18.30526990366438,17.697074376526267,39,0,4,5,7,2,1,0,1.24,3.713572066704308,1,0.8417140601842902
ESP,1920,Alavés,16,19,7,6,6,20,19,1,27,1.42,19,3,3,13,14,40,-26,12,0.63,32,27.6,41.5,38,3420,34,20,54,28,6,6,111,7,0.89,0.53,1.42,0.74,1.26,418,133,187,1.03,34,59,-25,-0.66,NA,39,0,0,1,0,39,38,0,0,1,8.842105263157894,0.8461538461538461,1.7435897435897436,2.6666666666666665,0,16,8,1,0,7,509,57,243200000,166000000,24000000,0,53200000,36662,100925000,3255645.1612903224,2000000,0.394741148873493,0.07108177404396923,0.1348535268125034,0.5381351530600014,0.3715630418627694,4748503.900496427,31,7018181.818181818,1.03,19.309394712168128,2.1972245773362196,0.6931471805599453,18.927498352344912,16.993564429978885,38,0,4,8,12,7,3,1,1.32,3.6888794541139363,1,0.6766002967028587
ESP,2021,Alavés,16,19,6,6,7,21,25,-4,24,1.26,19,3,5,11,15,32,-17,14,0.74,30,28.7,42.8,38,3420,35,21,56,30,5,8,96,8,0.92,0.55,1.47,0.79,1.34,418,163,254,1,36,57,-21,-0.55,NA,38,1,0,1,0,41,38,0,0,3,6.307291666666667,0.7073170731707317,1.853658536585366,2.926829268292683,0,7,2,1,1,3,442,52,122200000,10200000,57200000,800000,54000000,40334,79350000,2645000,2100000,0.3891010065949323,0.07884167203847871,0.17360043635642386,0.4266960722537281,0.2772526780088217,3661625.427678881,30,4863636.363636363,1,18.621169612885076,1.0986122886681098,0.6931471805599453,16.13789837629371,17.862064473832543,40,0,1,7,11,3,2,0,1.03,3.7376696182833684,0,0.7528575645694896
ESP,2122,Alavés,20,19,7,4,8,17,21,-4,25,1.32,19,1,3,15,14,44,-30,6,0.32,33,27.9,42,38,3420,29,20,49,23,6,7,93,4,0.76,0.53,1.29,0.61,1.13,418,167,277,0.82,31,65,-34,-0.89,Relegated,31,1,1,0,0,40,38,0,0,2,7.202991452991453,0.725,1.5,2.325,0,16,5,1,4,6,338,49,85700000,17700000,19200000,18500000,30300000,37555,56750000,1891666.6666666667,1750000,0.367327919052057,0.06603647982958327,0.22684063373718547,0.3923935389133626,0.24669603524229075,2684445.4799627215,30,3318181.8181818184,0.82,18.26636339523662,1.791759469228055,0.6931471805599453,16.68907525404123,16.770420889081343,39,0,1,7,9,4,2,0,1,3.713572066704308,0,0.8090109665641078
ESP,2324,Alavés,10,19,9,4,6,23,19,4,31,1.63,19,3,6,10,13,27,-14,15,0.79,30,25.6,41.8,38,3420,33,28,61,30,3,7,84,1,0.87,0.74,1.61,0.79,1.53,418,187,258,1.21,36,46,-10,-0.26,NA,46,1,1,0,0,42,38,0,0,4,6.971290650406504,0.6190476190476191,1.619047619047619,2.4047619047619047,0,21,2,3,0,16,739,109,212100000,9500000,114800000,0,87800000,41325,119950000,3869354.8387096776,2500000,0.43353901996370237,0.03852389594676346,0.1659286146400484,0.5887130390350819,0.4168403501458941,5961897.156684816,31,8454545.454545455,1.21,19.17256842424967,1.0986122886681098,1.3862943611198906,16.066802461833923,18.55870205056054,41,0,3,6,7,3,1,0,0.82,3.7612001156935624,1,0.7051706314358384
ESP,2425,Alavés,15,19,6,6,7,14,17,-3,24,1.26,19,4,6,9,24,31,-7,18,0.95,29,26.6,45.3,38,3420,38,20,58,29,9,11,107,5,1,0.53,1.53,0.76,1.29,418,161,275,1.11,38,48,-10,-0.26,NA,42,1,1,0,0,40,38,0,0,2,7.207264957264957,0.625,1.55,2.25,0,10,4,0,0,6,299,36,101700000,72000000,0,0,29700000,39869,84500000,2816666.6666666665,2000000,0.41352930848528935,0.13052747748877574,0.21219493842333642,0.45660749506903353,0.3254437869822485,4252790.388522411,30,5345454.545454546,1.11,18.43753787085163,1.6094379124341003,0,18.09217669086922,0,39,0,1,6,8,2,1,0,1.21,3.713572066704308,0,0.7955900386691585
ESP,2223,Almería,17,19,10,3,6,29,22,7,33,1.74,19,1,5,13,20,43,-23,8,0.42,29,26.4,45.1,38,3420,49,33,82,47,2,3,98,4,1.29,0.87,2.16,1.24,2.11,418,187,254,1.08,49,65,-16,-0.42,NA,41,1,1,0,0,39,38,0,0,1,7.735745614035087,0.5641025641025641,1.5384615384615385,2.5384615384615383,0,3,2,0,0,1,226,26,172200000,165000000,0,0,7200000,38306,95200000,3173333.3333333335,2250000,0.31937555474338225,0.09309246593222993,0.13279903931498982,0.42829131652661045,0.28886554621848737,3935036.286743591,30,5909090.909090909,1.08,18.964167155765104,1.0986122886681098,0,18.92145603792546,0,38,0,2,4,6,2,2,0,NA,3.6888794541139363,0,0.6659292177566077
ESP,2324,Almería,19,19,1,8,10,22,36,-14,11,0.58,19,2,4,13,21,39,-18,10,0.53,35,25.6,46.4,38,3420,42,25,67,40,2,2,93,6,1.11,0.66,1.76,1.05,1.71,418,176,257,0.55,43,75,-32,-0.84,Relegated,21,1,1,0,0,40,38,0,0,2,7.3835470085470085,0.675,1.475,2.15,0,8,1,1,0,6,460,85,280900000,21000000,66500000,0,193400000,38444,89400000,2980000,2000000,0.35173238996982625,0.09543751950889606,0.17412340027052337,0.43698732289336295,0.30201342281879195,3897734.366871293,30,5681818.181818182,0.55,19.453509295634458,0.6931471805599453,0.6931471805599453,16.860033043306743,18.012712520663676,39,0,3,5,5,2,1,0,1.08,3.713572066704308,0,0.6860012485693476
FRA,1718,Amiens,13,19,8,5,6,26,19,7,29,1.53,19,4,4,11,11,23,-12,16,0.84,30,27.5,43.3,38,3420,36,24,60,33,3,4,74,5,0.95,0.63,1.58,0.87,1.5,418,111,155,1.18,37,42,-5,-0.13,NA,45,0,0,0,0,42,38,0,0,4,7.003810975609756,0.9047619047619048,1.7619047619047619,2.5714285714285716,0,3,0,2,0,1,140,24,45400000,0,30400000,0,15000000,41437,69300000,2235483.870967742,800000,0.4312088230325554,0.06544875352945435,0.14535318676545117,0.6681096681096681,0.5339105339105339,2587578.733981707,31,5363636.363636363,1.18,17.63102268503801,0,1.0986122886681098,0,17.229953199271186,41,0,5,8,9,7,2,0,NA,3.7612001156935624,1,0.48242993345421664
FRA,1819,Amiens,15,19,7,5,7,20,22,-2,26,1.37,19,2,6,11,11,30,-19,12,0.63,26,26.5,46.5,38,3420,30,22,52,28,2,3,62,6,0.79,0.58,1.37,0.74,1.32,418,106,160,1,31,52,-21,-0.55,NA,38,0,0,0,0,42,38,0,0,4,6.957401761517615,0.7857142857142857,1.619047619047619,2.5,0,8,2,2,0,4,395,59,258000000,92500000,42000000,0,123500000,41405,69100000,2559259.2592592593,2500000,0.30177514792899407,0.10682284748218814,0.1680473372781065,0.43624376909470985,0.27496382054992763,3327617.4375075474,27,4545454.545454546,1,19.36847014676186,1.0986122886681098,1.0986122886681098,18.342719213293464,17.553180200057167,41,0,3,5,8,3,1,0,1.18,3.7612001156935624,0,0.7320758362516604
FRA,1920,Amiens,19,14,3,5,6,17,23,-6,14,1,14,1,6,7,14,27,-13,9,0.64,27,27.4,45.6,28,2520,30,20,50,27,3,5,59,4,1.07,0.71,1.79,0.96,1.68,308,83,113,0.82,31,50,-19,-0.68,Relegated,23,0,0,1,0,42,38,0,0,4,7.025735294117647,0.6428571428571429,1.4047619047619047,2.142857142857143,0,6,1,0,0,5,846,96,416800000,48000000,0,0,368800000,29785,57600000,2057142.857142857,1600000,0.22454255497733758,0.1488333053550445,0.07852946113815679,0.464812748015873,0.3177083333333333,2270759.610542219,28,3800000,0.82,19.848117050802664,0.6931471805599453,0,17.6867115897055,0,34,0,3,6,9,4,2,0,1,3.7612001156935624,0,0.5975683185637419
FRA,1516,Angers,9,19,6,8,5,20,15,5,26,1.37,19,7,3,9,20,23,-3,24,1.26,29,27.2,42.5,38,3420,40,25,65,36,4,5,71,0,1.05,0.66,1.71,0.95,1.61,418,110,155,1.32,40,38,2,0.05,NA,50,0,0,0,0,41,38,0,0,3,7,0.7804878048780488,1.6585365853658536,2.4878048780487805,0,4,2,1,0,1,48,9,15300000,10800000,1500000,0,3000000,38185,29950000,1109259.2592592593,800000,0.4434725677622103,0.06607306533979311,0.22349089956789314,0.4115501143881779,0.2838063439065108,1649782.637161189,27,1954545.4545454546,1.32,16.54336345172214,1.0986122886681098,0.6931471805599453,16.195056784687036,14.220976332738882,40,0,3,4,8,2,1,0,NA,3.7376696182833684,0,0.8440748376173525
FRA,1617,Angers,12,19,8,5,6,23,17,6,29,1.53,19,5,2,12,17,32,-15,17,0.89,29,26.7,46.1,38,3420,39,25,64,36,3,4,60,1,1.03,0.66,1.68,0.95,1.61,418,112,151,1.21,40,49,-9,-0.24,NA,46,0,0,0,0,45,38,0,0,7,6.523674242424242,0.8666666666666667,1.9333333333333333,2.8,0,13,1,6,0,6,935,142,211150000,800000,175900000,0,34450000,41475,44650000,1539655.1724137932,1000000,0.47551537070524413,0.10796865581675709,0.22003616636528028,0.37672317256825116,0.24636058230683092,2176244.7257383964,29,2704545.4545454546,1.21,19.168079344080198,0.6931471805599453,1.9459101490553132,13.592368256649284,18.985426215392835,44,0,4,11,15,7,2,0,1.32,3.828641396489095,0,0.804661915399071
FRA,1718,Angers,14,19,5,7,7,23,28,-5,22,1.16,19,4,7,8,19,24,-5,19,1,27,27.1,45.1,38,3420,41,30,71,37,4,4,70,3,1.08,0.79,1.87,0.97,1.76,418,112,153,1.08,42,52,-10,-0.26,NA,41,0,0,0,0,42,38,0,0,4,6.979674796747967,0.8571428571428571,1.8095238095238095,2.5238095238095237,0,10,2,0,0,8,327,35,78500000,10000000,0,0,68500000,40080,63850000,2364814.814814815,1500000,0.3455339321357285,0.11788922155688623,0.18340818363273453,0.4919516227268772,0.41503523884103366,3442219.3113772455,27,4318181.818181818,1.08,18.17860919549149,1.0986122886681098,0,16.118095750958314,0,41,0,1,8,11,5,2,0,1.21,3.7612001156935624,1,0.7971455247399937
FRA,1819,Angers,13,19,5,9,5,24,22,2,24,1.26,19,5,7,7,20,27,-7,22,1.16,24,28,43.3,38,3420,42,27,69,37,5,10,49,4,1.11,0.71,1.82,0.97,1.68,418,110,155,1.21,44,49,-5,-0.13,NA,46,0,0,0,0,40,38,0,0,2,7.3344907407407405,0.725,1.6,2.45,0,20,6,3,0,11,596,56,164000000,53000000,13000000,0,98000000,39827,69000000,2760000,2000000,0.40249077259145805,0.10462751399804153,0.2070454716649509,0.4756521739130435,0.391304347826087,3878862.329575414,25,4818181.818181818,1.21,18.915376991886035,1.9459101490553132,1.3862943611198906,17.78580249038432,16.380459992348886,39,0,2,4,5,1,2,0,1.08,3.713572066704308,0,0.8050468985911235
FRA,1920,Angers,11,15,8,3,4,20,13,7,27,1.8,13,3,3,7,8,20,-12,12,0.92,26,28,45.3,28,2520,27,21,48,26,1,1,43,2,0.96,0.75,1.71,0.93,1.68,308,80,116,1.39,28,33,-5,-0.18,NA,39,0,0,1,0,42,38,0,0,4,7.025735294117647,0.6666666666666666,1.4761904761904763,2.119047619047619,0,13,5,1,2,5,397,59,378700000,78000000,11200000,17100000,272400000,31895,66000000,2640000,1600000,0.32770026649945133,0.2052359303966139,0.1627527825678006,0.4706363636363635,0.4090909090909091,3080485.9695877098,25,4563636.363636363,1.39,19.752254895512635,1.791759469228055,0.6931471805599453,18.17221939747438,16.231424425551033,34,0,3,7,7,4,2,0,1.21,3.7612001156935624,0,0.6750068857662312
FRA,2021,Angers,13,19,6,3,10,20,27,-7,21,1.11,19,6,5,8,20,31,-11,23,1.21,31,27.9,46.4,38,3420,40,23,63,35,5,6,65,2,1.05,0.61,1.66,0.92,1.53,418,170,168,1.16,40,58,-18,-0.47,NA,44,1,0,1,0,42,38,0,0,4,6.6869918699187,0.7619047619047619,1.7380952380952381,2.7142857142857144,0,23,8,1,3,11,921,154,579700000,191500000,39000000,101800000,247400000,41033,93500000,3224137.9310344825,2000000,0.27792264762508223,0.15058611361587015,0.15984695245290376,0.5500645399225521,0.42780748663101603,3663980.211049643,29,6590909.090909091,1.16,20.17802128803499,2.1972245773362196,0.6931471805599453,19.070398371806906,17.479072229734946,41,0,1,6,10,2,2,0,1.39,3.7612001156935624,1,0.5559142389178768
FRA,2122,Angers,14,19,8,2,9,23,23,0,26,1.37,19,2,9,8,21,32,-11,15,0.79,30,27.4,48.4,38,3420,41,25,66,32,9,9,70,4,1.08,0.66,1.74,0.84,1.5,418,154,183,1.08,44,55,-11,-0.29,NA,41,1,1,0,0,39,38,0,0,1,7.532894736842105,0.7435897435897436,1.5384615384615385,2.358974358974359,0,11,0,2,0,9,456,51,249100000,0,12500000,0,236600000,38494,87400000,2913333.3333333335,1500000,0.3089052839403543,0.19213383903985037,0.1847041097313867,0.5558352402745994,0.40045766590389015,3901296.3059178055,30,6227272.7272727275,1.08,19.33336498424686,0,1.0986122886681098,0,16.341239282272525,38,0,0,4,7,2,1,0,1.16,3.6888794541139363,1,0.6264855381765819
FRA,2223,Angers,20,19,3,3,13,20,36,-16,12,0.63,19,1,3,15,13,45,-32,6,0.32,33,25.7,46.9,38,3420,31,18,49,27,4,4,69,5,0.82,0.47,1.29,0.71,1.18,418,157,184,0.47,33,81,-48,-1.26,Relegated,18,1,1,0,0,41,38,0,0,3,7.50625,0.7804878048780488,1.7073170731707317,2.707317073170732,0,15,4,2,0,9,766,102,106600000,23300000,28200000,0,55100000,39570,58050000,1872580.6451612904,1500000,0.3718473591104372,0.10725296942127875,0.14334091483447056,0.49278986413269976,0.36175710594315247,2572639.6259792773,31,3727272.727272727,0.47,18.48459407907688,1.6094379124341003,1.0986122886681098,16.963963961454382,17.154832571369333,40,0,0,4,7,4,2,0,1.08,3.7376696182833684,1,0.690220387457855
FRA,2425,Angers,14,17,5,2,10,18,33,-15,17,1,17,5,4,8,14,20,-6,19,1.12,30,27.5,41.2,34,3060,31,17,48,26,5,6,49,2,0.91,0.5,1.41,0.76,1.26,374,157,148,1.06,32,53,-21,-0.62,NA,36,1,1,0,1,38,34,0,0,4,7.3558558558558556,0.7105263157894737,1.5789473684210527,2.4473684210526314,0,27,13,1,0,13,1132,146,242400000,136300000,7200000,0,98900000,37804,50800000,1751724.1379310344,1000000,0.37234155115860756,0.16902973230345994,0.21003068458364194,0.5562720608199836,0.41338582677165353,2615732.4621733148,29,3663636.3636363638,1.06,19.306099816284846,2.6390573296152584,0.6931471805599453,18.73036890400352,15.789591722875162,37,0,0,3,4,1,1,0,0.47,3.6635616461296463,1,0.7139716397991678
GER,2021,Arminia,15,17,6,2,9,13,23,-10,20,1.18,17,3,6,8,13,29,-16,15,0.88,26,26,42.3,34,3060,23,16,39,22,1,2,52,1,0.68,0.47,1.15,0.65,1.12,374,147,157,1.03,26,52,-26,-0.76,NA,35,1,0,1,0,35,34,0,0,1,7.349264705882353,0.7142857142857143,1.542857142857143,2.342857142857143,0,27,5,0,1,21,532,81,163550000,38100000,0,4800000,120650000,34180,52225000,2008653.8461538462,1000000,0.3937975424224693,0.060005851375073145,0.19458747805734347,0.5129248444231689,0.40210627094303497,3016337.770626097,26,3827272.727272727,1.03,18.912629318063004,1.791759469228055,0,17.455724866343648,0,34,0,2,4,5,3,1,0,NA,3.58351893845611,1,0.7881167571707142
GER,2122,Arminia,17,17,2,10,5,15,23,-8,16,0.94,17,3,3,11,12,30,-18,12,0.71,26,25.8,40.7,34,3060,26,18,44,24,2,2,55,2,0.76,0.53,1.29,0.71,1.24,374,150,148,0.82,27,53,-26,-0.76,Relegated,28,1,1,0,0,36,34,0,0,2,8,0.6666666666666666,1.4722222222222223,2.1944444444444446,0,37,2,2,12,21,678,81,233500000,41700000,32500000,37000000,122300000,35900,61250000,2450000,2000000,0.4380779944289694,0.15183844011142061,0.2211699164345404,0.3716571428571429,0.31020408163265306,3166139.275766017,25,3863636.3636363638,0.82,19.26869263935588,1.0986122886681098,1.0986122886681098,17.546011710749845,17.296750678069195,35,0,0,2,4,2,1,0,1.03,3.6109179126442243,0,0.819471341962969
ENG,1516,Arsenal,2,19,12,4,3,31,11,20,40,2.11,19,8,7,4,34,25,9,31,1.63,25,27,58.3,38,3420,62,53,115,61,1,2,45,0,1.63,1.39,3.03,1.61,3,418,107,159,1.87,65,36,29,0.76,→ Champions League via league finish,71,0,0,0,0,54,38,8,0,8,5.415094339622642,1.0555555555555556,2.185185185185185,3.4074074074074074,1,32,12,2,1,17,1863,348,5841500000,1532500000,116000000,26000000,4167000000,53247,438100000,15106896.551724138,12000000,0.3334835765395234,0.08545082352057393,0.19415178319905346,0.45456477422096975,0.30814882446929925,21056260.44659793,29,28090909.09090909,1.87,22.488253450292667,2.5649493574615367,1.0986122886681098,21.15016622642717,18.569100757691327,53,1,6,15,20,12,4,1,NA,4.007333185232471,0,0.7495756146038098
ENG,1617,Arsenal,5,19,14,3,2,39,16,23,45,2.37,19,9,3,7,38,28,10,30,1.58,29,26.9,58.9,38,3420,73,55,128,69,4,6,69,0,1.92,1.45,3.37,1.82,3.26,418,111,155,1.97,77,44,33,0.87,→ Europa League via cup win 1 1. Arsenal qualified for a Europa League group stage berth by virtue of winning the FA Cup.,75,0,0,0,0,55,38,8,0,9,5.297453703703704,1.1272727272727272,2.272727272727273,3.4909090909090907,1,39,17,1,2,19,2368,376,5215500000,1887500000,8000000,200000000,3120000000,50309,438500000,14145161.290322581,12000000,0.42308533264425846,0.034387485340595124,0.1851557375419905,0.45569573693309295,0.27366020524515394,20895684.668747142,31,27181818.181818184,1.97,22.374900798272037,2.8903717578961645,0.6931471805599453,21.358519039617256,15.894952224644102,54,0,4,17,27,15,4,1,1.87,4.02535169073515,0,0.7687375630642761
ENG,1718,Arsenal,6,19,15,2,2,54,20,34,47,2.47,19,4,4,11,20,31,-11,16,0.84,30,26.8,61.4,38,3420,73,61,134,69,4,5,57,NA,1.92,1.61,3.53,1.82,3.42,418,101,165,1.66,74,51,23,0.61,→ Europa League via league finish,63,0,0,0,0,60,38,14,0,8,4.746468926553672,1.2166666666666666,2.6166666666666667,3.933333333333333,1,36,11,3,1,21,924,176,3873000000,1591000000,140000000,0,2142000000,59613,642200000,22144827.586206898,15000000,0.32414070756378643,0.15372485867176622,0.09395601630516834,0.4930357929101472,0.3192151977577079,25024575.17655545,29,43636363.63636363,1.66,22.077295237737225,2.4849066497880004,1.3862943611198906,21.187628586930597,18.757152987716434,59,0,17,26,31,21,5,1,1.97,4.110873864173311,1,0.5734798477960624
ENG,1819,Arsenal,5,19,14,3,2,42,16,26,45,2.37,19,7,4,8,31,35,-4,25,1.32,28,26.7,58.1,38,3420,69,52,121,65,4,5,74,2,1.82,1.37,3.18,1.71,3.08,418,113,153,1.84,73,51,22,0.58,→ Europa League via league finish,70,0,0,0,0,58,38,15,0,5,5.0928362573099415,1.1724137931034482,2.5172413793103448,3.8793103448275863,1,61,21,5,5,30,2179,372,6910500000,2061000000,2005000000,581000000,2263500000,54077,590300000,21082142.85714286,12000000,0.3810307524455869,0.09205392310963996,0.1925217745067219,0.5001633551946951,0.33034050482805355,29653096.51053128,28,41363636.36363637,1.84,22.656307831153065,3.091042453358316,1.791759469228055,21.446457139339934,21.418909898203697,57,0,18,26,28,18,6,1,1.66,4.07753744390572,1,0.7168880475073496
ENG,1920,Arsenal,8,19,10,6,3,36,24,12,36,1.89,19,4,8,7,20,24,-4,20,1.05,29,25.8,53.8,38,3420,56,35,91,53,3,3,88,5,1.47,0.92,2.39,1.39,2.32,418,123,163,1.47,56,48,8,0.21,→ Europa League via cup win 2 2. Arsenal qualified for a Europa League group stage berth by virtue of winning the FA Cup.,56,0,0,1,0,54,38,8,0,8,6.7197327044025155,1.1481481481481481,2.425925925925926,3.5925925925925926,1,47,10,6,4,27,1741,287,5838900000,1213000000,780500000,123000000,3722400000,36184,565800000,21761538.46153846,16750000,0.31610656643820473,0.14517466283440195,0.19400840150342694,0.3680833129401526,0.2757158006362672,27103999.00508512,26,35772727.27272727,1.47,22.48780826005218,2.3978952727983707,1.9459101490553132,20.916362467732725,20.47544529920099,53,0,14,24,26,17,6,1,1.84,4.007333185232471,0,0.7576721449960263
ENG,2021,Arsenal,8,19,8,4,7,24,21,3,28,1.47,19,10,3,6,31,18,13,33,1.74,29,25.9,53.5,38,3420,53,38,91,47,6,6,49,5,1.39,1,2.39,1.24,2.24,418,114,201,1.61,55,39,16,0.42,NA,61,1,0,1,0,58,38,14,0,6,4.683845029239766,1.2241379310344827,2.6379310344827585,4,1,46,18,4,5,19,1008,224,3993500000,1238000000,206000000,167500000,2382000000,56661,584200000,18256250,17000000,0.31384903196201974,0.09705088155874411,0.12327703358571152,0.42353859979459085,0.2482026703183841,23760351.917544696,32,33818181.81818182,1.61,22.107933876572126,2.9444389791664403,1.6094379124341003,20.93676301201657,19.143386731608224,57,0,15,23,28,20,6,1,1.47,4.07753744390572,0,0.7025910513252464
ENG,2122,Arsenal,5,19,13,2,4,35,17,18,41,2.16,19,9,1,9,26,31,-5,28,1.47,27,24.4,52.8,38,3420,60,41,101,55,5,8,67,4,1.58,1.08,2.66,1.45,2.53,418,110,232,1.82,61,48,13,0.34,→ Europa League via league finish,69,1,1,0,0,45,38,0,0,7,6.40530303030303,0.8,1.7333333333333334,2.6666666666666665,0,21,3,0,6,12,686,104,2464000000,433000000,0,228000000,1803000000,40951,516000000,19846153.846153848,15000000,0.39657151229518206,0.09296476276525603,0.20873727137310444,0.37835420393559915,0.24224806201550386,26849649.58120681,26,33727272.72727273,1.82,21.625051883023527,1.3862943611198906,0,19.88624828827623,0,44,0,5,8,12,4,2,0,1.61,3.828641396489095,0,0.7960812544293124
ENG,2223,Arsenal,2,19,14,3,2,53,25,28,45,2.37,19,12,3,4,35,18,17,39,2.05,26,24.7,59.3,38,3420,84,64,148,81,3,4,51,0,2.21,1.68,3.89,2.13,3.82,418,150,192,2.21,88,43,45,1.18,→ Champions League via league finish,84,1,1,0,0,49,38,8,0,3,6.163628472222222,0.9795918367346939,2.2244897959183674,3.2653061224489797,1,17,7,0,0,10,1138,195,5874000000,1504000000,0,0,4370000000,48840,962500000,35648148.14814815,25000000,0.406019656019656,0.06996314496314496,0.21595004095004094,0.4293217893217893,0.3012987012987013,51064045.864045866,27,62909090.90909091,2.21,22.49380166989308,2.0794415416798357,0,21.131394063138952,0,48,0,9,12,13,11,6,1,1.82,3.912023005428146,0,0.8117117117117117
ENG,2324,Arsenal,2,19,15,2,2,48,16,32,47,2.47,19,13,3,3,43,13,30,42,2.21,25,25,58.2,38,3420,86,62,148,76,10,10,64,2,2.26,1.63,3.89,2,3.63,418,154,188,2.34,91,29,62,1.63,→ Champions League via league finish,89,1,1,0,0,52,38,10,0,4,5.627450980392157,1.0192307692307692,2.2115384615384617,3.25,1,21,9,1,0,11,911,178,7789000000,2946000000,2014000000,0,2829000000,47262,1069100000,42764000,35000000,0.4851043121323685,0.07449959798569676,0.25711988489695736,0.4495594425217473,0.3460854924703021,66269702.93258855,25,73727272.72727273,2.34,22.77597831901261,2.302585092994046,0.6931471805599453,21.803714155326293,21.423388631739307,51,0,7,19,22,13,4,1,2.21,3.970291913552122,0,0.8988492382965153
ENG,2425,Arsenal,2,19,11,6,2,35,17,18,39,2.05,19,9,8,2,34,17,17,35,1.84,25,25.8,56.9,38,3420,67,55,122,65,2,2,70,6,1.76,1.45,3.21,1.71,3.16,418,142,200,1.95,69,34,35,0.92,→ Champions League via league finish,74,1,1,0,0,58,38,14,0,6,4.930555555555555,1.1206896551724137,2.5172413793103448,3.793103448275862,1,46,17,5,2,22,1943,338,15817000000,7774000000,1952000000,215000000,5876000000,NA,NA,NA,NA,NA,NA,NA,NA,NA,NA,NA,NA,1.95,23.484351147990985,2.8903717578961645,1.791759469228055,22.774050669505076,21.392120325449607,57,0,7,20,31,15,6,1,2.34,4.07753744390572,NA,NA
ENG,1516,Aston Villa,20,19,2,5,12,14,35,-21,11,0.58,19,1,3,15,13,41,-28,6,0.32,29,26.6,46.4,38,3420,24,19,43,22,2,2,77,0,0.63,0.5,1.13,0.58,1.08,418,85,181,0.45,27,76,-49,-1.29,Relegated,17,0,0,0,0,44,38,0,0,6,6.534883720930233,0.8863636363636364,1.7727272727272727,2.772727272727273,0,17,6,3,0,8,974,150,884500000,150000000,405000000,0,329500000,43795,110450000,3944642.8571428573,3250000,0.3145792898732732,0.11574380637059024,0.1036191346044069,0.3709661773265214,0.24445450430058852,4498652.814248201,28,6681818.181818182,0.45,20.600533072694695,1.9459101490553132,1.3862943611198906,18.826145858727198,19.81939762753995,43,0,1,7,13,7,2,0,NA,3.8066624897703196,0,0.6732677681187784
ENG,1920,Aston Villa,17,19,7,3,9,22,30,-8,24,1.26,19,2,5,12,19,37,-18,11,0.58,28,25.7,44.1,38,3420,40,32,72,39,1,3,70,1,1.05,0.84,1.89,1.03,1.87,418,113,173,0.92,41,67,-26,-0.68,NA,35,0,0,1,0,46,38,0,0,8,7.798611111111112,0.9565217391304348,2.0652173913043477,3.0652173913043477,0,32,19,2,1,10,1735,202,2077900000,612300000,960000000,6600000,499000000,43335,213950000,7924074.074074074,6000000,0.38456213222568364,0.10201915310949579,0.19667705088265836,0.4847273073494154,0.35989717223650386,11560448.828891197,27,14727272.727272727,0.92,21.454623605751365,2.995732273553991,1.0986122886681098,20.232732918081368,20.682443843467823,45,0,5,11,19,9,3,1,0.45,3.8501476017100584,0,0.7849687476407603
ENG,2021,Aston Villa,11,19,7,4,8,29,27,2,25,1.32,19,9,3,7,26,19,7,30,1.58,24,25.2,48.5,38,3420,52,38,90,47,5,6,71,4,1.37,1,2.37,1.24,2.24,418,91,229,1.45,55,46,9,0.24,NA,55,1,0,1,0,42,38,0,0,4,6.09375,0.9047619047619048,1.9523809523809523,2.880952380952381,0,19,5,1,1,12,1208,148,2420500000,304500000,0,40000000,2076000000,37924,386500000,8988372.093023255,1500000,0.7440407130049573,0.01684948845058538,0.2245280033751714,0.6973133969132645,0.34152652005174644,23466439.457863096,43,28363636.363636363,1.45,21.60723996775716,1.791759469228055,0.6931471805599453,19.5341816483983,0,41,0,4,11,15,10,3,1,0.92,3.7612001156935624,1,0.8273424167836348
ENG,2122,Aston Villa,14,19,6,5,8,29,29,0,23,1.21,19,7,1,11,23,25,-2,22,1.16,31,26.1,46.5,38,3420,50,42,92,47,3,3,81,2,1.32,1.11,2.42,1.24,2.34,418,113,228,1.18,52,54,-2,-0.05,NA,45,1,1,0,0,41,38,0,0,3,7.026041666666667,0.7560975609756098,1.6097560975609757,2.341463414634146,0,20,7,1,4,8,954,141,1814400000,1071000000,30000000,138000000,575400000,39719,466750000,14143939.393939395,10000000,0.5668571716307057,0.04906971474609129,0.19924972934867444,0.47224034669133763,0.22495982860203534,24279210.20166671,33,28818181.818181816,1.18,21.319020672048854,2.0794415416798357,0.6931471805599453,20.79185862934573,17.216707972959764,40,0,3,6,9,2,1,0,1.45,3.7376696182833684,0,0.8424962530546808
ENG,2223,Aston Villa,7,19,12,2,5,33,21,12,38,2,19,6,5,8,18,25,-7,23,1.21,26,27,49.3,38,3420,49,35,84,46,3,4,80,1,1.29,0.92,2.21,1.21,2.13,418,144,193,1.61,51,46,5,0.13,→ Conference League via league finish,61,1,1,0,0,41,38,0,0,3,7.3765625,0.7317073170731707,1.7560975609756098,2.6341463414634148,0,18,8,0,0,10,810,109,2294000000,838000000,0,0,1456000000,39444,477600000,19104000,15000000,0.418542744143596,0.1192069769800223,0.23410404624277456,0.34862646566164157,0.2554438860971524,25819463.036203224,25,30454545.454545453,1.61,21.55356285608951,2.1972245773362196,0,20.546528659639673,0,40,0,3,8,10,4,2,0,1.18,3.7376696182833684,0,0.8478032638753298
ENG,2324,Aston Villa,4,19,12,4,3,48,28,20,40,2.11,19,8,4,7,28,33,-5,28,1.47,31,26.9,53.1,38,3420,72,55,127,68,4,4,94,2,1.89,1.45,3.34,1.79,3.24,418,151,186,1.79,76,61,15,0.39,→ Champions League via league finish,68,1,1,0,0,56,38,14,14,4,5.107954545454546,1.0357142857142858,2.3214285714285716,3.5714285714285716,1,34,13,1,2,18,1701,259,5655000000,1265000000,910000000,70000000,3410000000,53751,665300000,20790625,14000000,0.4673029338989042,0.02602742274562334,0.21283324961396066,0.4916156245302872,0.28558545017285436,34515125.29999442,32,42818181.81818182,1.79,22.45580594669133,2.6390573296152584,0.6931471805599453,20.95833795991641,20.628955158574072,55,0,15,18,23,12,4,1,1.61,4.04305126783455,1,0.8060857288746042
ENG,2425,Aston Villa,6,19,11,7,1,34,20,14,40,2.11,19,8,2,9,24,31,-7,26,1.37,28,27,50.5,38,3420,56,45,101,53,3,6,76,4,1.47,1.18,2.66,1.39,2.58,418,170,170,1.74,58,51,7,0.18,→ Europa League via league finish,66,1,1,0,0,57,38,12,0,7,5.016741071428571,1.1578947368421053,2.456140350877193,3.736842105263158,1,39,19,2,2,16,721,151,3972000000,2532000000,176000000,30000000,1234000000,NA,NA,NA,NA,NA,NA,NA,NA,NA,NA,NA,NA,1.74,22.1025355833811,2.995732273553991,1.0986122886681098,21.652275341623287,18.985994558684244,56,0,6,21,31,17,4,1,1.79,4.060443010546419,NA,NA
ITA,1516,Atalanta,13,19,8,6,5,27,21,6,30,1.58,19,3,6,10,14,26,-12,15,0.79,33,27.8,48.4,38,3420,38,23,61,34,4,6,114,0,1,0.61,1.61,0.89,1.5,418,114,329,1.18,41,47,-6,-0.16,NA,45,0,0,0,0,40,38,0,0,2,7.0227029914529915,0.775,1.65,2.45,0,28,6,0,0,22,830,116,255700000,67400000,0,0,188300000,37255,65600000,2342857.1428571427,1500000,0.44541672258757214,0.17283586095826065,0.22048047241980942,0.47898519163763065,0.3048780487804878,3463757.8848476713,28,4536363.636363637,1.18,19.35951544417225,1.9459101490553132,0,18.02615559071933,0,39,0,0,3,7,2,1,0,NA,3.713572066704308,0,0.76355384235119
ITA,1617,Atalanta,4,19,12,4,3,31,18,13,40,2.11,19,9,5,5,31,23,8,32,1.68,32,25.2,50.2,38,3420,62,43,105,57,5,5,90,2,1.63,1.13,2.76,1.5,2.63,417,110,337,1.89,62,41,21,0.55,→ Europa League via league finish,72,0,0,0,0,41,38,0,0,3,7.172135416666666,0.6585365853658537,1.5853658536585367,2.4146341463414633,0,29,11,1,0,17,639,99,297750000,109000000,32000000,0,156750000,39574,142600000,4321212.121212121,2500000,0.5640319401627331,0.0433365340880376,0.2086976297569111,0.5551022142887501,0.3506311360448808,7823197.048567241,33,9818181.818181818,1.89,19.511764769558205,2.4849066497880004,0.6931471805599453,18.50685844936773,17.281246492014,40,0,0,6,8,3,1,0,1.18,3.7376696182833684,1,0.7968071067985153
ITA,1718,Atalanta,7,19,9,6,4,30,18,12,33,1.74,19,7,6,6,27,21,6,27,1.42,25,25.7,55.4,38,3420,57,38,95,52,5,9,66,NA,1.5,1,2.5,1.37,2.37,418,108,313,1.58,57,39,18,0.47,→ Europa League via league finish,60,0,0,0,0,50,38,8,0,4,5.571428571428571,0.96,2.02,3.24,1,23,3,1,0,19,631,105,916600000,51000000,60000000,0,805600000,45383,170050000,7085416.666666667,5500000,0.4276711543970209,0.026617896569199922,0.2362117973690589,0.4680118592570812,0.33519553072625696,10561267.4349426,24,12500000,1.58,20.636181731130286,1.3862943611198906,0.6931471805599453,17.747336210296442,17.909855136853043,49,0,6,13,20,8,3,1,1.89,3.9318256327243257,0,0.8449013947954079
ITA,1819,Atalanta,3,19,10,5,4,36,19,17,35,1.84,19,10,4,5,41,27,14,34,1.79,27,26.5,57.3,38,3420,75,60,135,73,2,4,63,3,1.97,1.58,3.55,1.92,3.5,418,109,311,1.82,77,46,31,0.82,→ Champions League via league finish,69,0,0,0,0,49,38,6,0,5,6.333333333333333,0.8979591836734694,1.836734693877551,2.816326530612245,1,19,3,1,0,15,372,65,637100000,208500000,10000000,0,418600000,42552,256200000,9853846.153846154,7750000,0.4071959014852416,0.06340477533370935,0.21157642413987593,0.4933645589383293,0.3356752537080406,15285615.247226922,26,18454545.454545453,1.82,20.27243718865633,1.3862943611198906,0.6931471805599453,19.155449603999294,16.118095750958314,48,0,3,8,12,7,3,1,1.58,3.912023005428146,1,0.828284570046779
ITA,1920,Atalanta,3,19,12,2,5,51,26,25,38,2,19,11,7,1,47,22,25,40,2.11,30,27.2,57.2,38,3420,96,68,164,89,7,10,80,2,2.53,1.79,4.32,2.34,4.13,418,134,268,2.05,98,48,50,1.32,→ Champions League via league finish,78,0,0,1,0,48,38,9,0,1,7.5108599290780145,1.0625,2.2916666666666665,3.3541666666666665,1,24,8,0,1,15,467,69,1296800000,718100000,0,0,578700000,46142,276300000,9867857.142857144,11000000,0.4316674613150709,0.03595422825191799,0.18987040006935113,0.45497906002791977,0.2750633369525878,15003682.111742014,28,17954545.454545453,2.05,20.98316552915687,2.1972245773362196,0,20.39211939447311,0,47,0,1,15,24,14,6,1,1.82,3.8918202981106265,0,0.835648117616011
ITA,2021,Atalanta,3,19,12,3,4,49,24,25,39,2.05,19,11,6,2,41,23,18,39,2.05,30,27.3,54.6,38,3420,90,65,155,84,6,7,67,3,2.37,1.71,4.08,2.21,3.92,418,176,253,2.05,90,47,43,1.13,→ Champions League via league finish,78,1,0,1,0,51,38,8,0,5,4.784791666666667,1.1176470588235294,2.5098039215686274,3.764705882352941,1,39,5,0,6,28,650,141,2059600000,555600000,0,245000000,1259000000,50286,424300000,14143333.333333334,14000000,0.43845205424969175,0.061945670763234296,0.20337668535974227,0.432052792835258,0.23096865425406551,20775073.57912739,30,26272727.272727273,2.05,21.44577762662179,1.791759469228055,0,20.135559170644317,0,50,0,5,19,28,14,6,1,2.05,3.9512437185814275,0,0.7907467452263021
ITA,2122,Atalanta,8,19,4,8,7,31,29,2,20,1.05,19,12,3,4,34,19,15,39,2.05,32,27.5,55,38,3420,62,48,110,57,5,6,87,2,1.63,1.26,2.89,1.5,2.76,418,180,213,1.55,65,48,17,0.45,NA,59,1,1,0,0,52,38,12,0,2,5.352941176470588,1.0961538461538463,2.2884615384615383,3.423076923076923,1,54,10,2,9,33,1265,238,3537500000,1557000000,102000000,197000000,1681500000,51327,384250000,12808333.333333334,11500000,0.3333528162565511,0.036238237185107255,0.10493502445106864,0.41969637822598127,0.21860767729342875,16990094.88183607,30,23272727.272727273,1.55,21.98668610019845,2.3978952727983707,1.0986122886681098,21.16602673044053,18.440483381052466,51,0,5,16,21,13,3,1,2.05,3.970291913552122,0,0.7300431394538937
ITA,2223,Atalanta,5,19,10,3,6,38,26,12,33,1.74,19,9,4,6,28,22,6,31,1.63,27,26.5,49.9,38,3420,64,42,106,58,6,8,83,3,1.68,1.11,2.79,1.53,2.63,418,175,212,1.68,66,48,18,0.47,→ Europa League via league finish,64,1,1,0,0,40,38,0,0,2,7.566773504273504,0.675,1.725,2.7,0,49,18,2,0,29,1854,175,1968500000,974500000,230000000,0,764000000,39537,337375000,12495370.370370371,9000000,0.33065230037686216,0.08341553481548929,0.1571945266459266,0.4910625334486025,0.34086698777324936,16311138.933151225,27,23454545.454545453,1.68,21.400537668856067,2.9444389791664403,1.0986122886681098,20.697435077938056,19.253589871235295,39,0,0,2,8,1,1,0,1.55,3.713572066704308,1,0.6954361560645871
ITA,2324,Atalanta,4,19,13,2,4,42,16,26,41,2.16,19,8,4,7,30,26,4,28,1.47,29,26.3,51,38,3420,72,57,129,67,5,5,76,1,1.89,1.5,3.39,1.76,3.26,418,188,258,1.82,72,42,30,0.79,→ Champions League via league finish,69,1,1,0,0,56,38,13,0,5,5.21780303030303,1.0892857142857142,2.375,3.6785714285714284,1,44,15,1,0,28,1041,187,3741500000,2062400000,765000000,0,914100000,55083,412550000,13751666.666666666,8500000,0.4169344443839297,0.00976707877203493,0.1802915600094403,0.5702783500989779,0.32723306265907165,21385950.293193907,30,30272727.272727273,1.82,22.04275243775196,2.772588722239781,0.6931471805599453,21.44713619063407,20.455386393098,55,0,7,14,23,14,8,1,1.68,4.04305126783455,1,0.7064428024778768
ITA,2425,Atalanta,3,19,9,5,5,36,24,12,32,1.68,19,13,3,3,42,13,29,42,2.21,32,27.1,55.3,38,3420,76,54,130,71,5,7,67,1,2,1.42,3.42,1.87,3.29,418,185,250,1.95,78,37,41,1.08,→ Champions League via league finish,74,1,1,0,0,52,38,10,0,4,5.568423202614379,0.9615384615384616,2.230769230769231,3.3846153846153846,1,48,30,2,0,16,1513,260,4664100000,2154100000,1031000000,0,1479000000,51466,495000000,15000000,8000000,0.4265534527649322,0.12108965142035519,0.19068899856215754,0.530223446587083,0.31313131313131315,21927404.50005829,33,33636363.63636363,1.95,22.263160726802482,3.4339872044851463,1.0986122886681098,21.49063884032256,20.753795042951165,51,0,4,11,18,9,6,1,1.82,3.970291913552122,1,0.6518958094611924
ESP,1516,Athletic Club,5,19,11,4,4,35,17,18,37,1.95,19,7,4,8,23,28,-5,25,1.32,25,27.7,49.9,38,3420,57,42,99,54,3,5,86,6,1.5,1.11,2.61,1.42,2.53,418,114,152,1.63,58,45,13,0.34,→ Europa League via league finish,62,0,0,0,0,62,38,16,0,8,4.736851092896175,1.2258064516129032,2.5806451612903225,4,1,26,10,4,0,12,1215,227,2138000000,536000000,937000000,0,665000000,57516,146000000,5840000,3000000,0.30577578412963347,0.1606857222338132,0.12899019403296474,0.490958904109589,0.3767123287671233,7089053.480770568,25,10772727.272727273,1.63,21.48313665001699,2.3978952727983707,1.6094379124341003,20.09964472090075,20.65819384126993,61,0,16,25,33,24,5,1,NA,4.143134726391533,1,0.6580555973711075
ESP,1617,Athletic Club,7,19,13,4,2,36,18,18,43,2.26,19,6,2,11,17,25,-8,20,1.05,25,26.8,51.1,38,3420,53,31,84,45,8,8,89,2,1.39,0.82,2.21,1.18,2,418,114,151,1.66,53,43,10,0.26,→ Europa League via league finish,63,0,0,0,0,50,38,8,0,4,5.57015306122449,0.96,2.08,3.26,1,38,14,4,0,20,853,127,912000000,393000000,36000000,0,483000000,49372,168700000,6748000,4000000,0.4179696994247752,0.15405492991979258,0.21309649193875072,0.5254297569650266,0.38529934795494963,9864595.317183828,25,12772727.272727273,1.66,20.631150549135096,2.70805020110221,1.6094379124341003,19.789320172378066,17.399029524198163,49,0,12,20,22,11,3,1,1.63,3.9318256327243257,1,0.7723170710962427
ESP,1718,Athletic Club,16,19,6,8,5,19,16,3,26,1.37,19,4,5,10,22,33,-11,17,0.89,26,26.7,49.6,38,3420,39,25,64,33,6,8,93,0,1.03,0.66,1.68,0.87,1.53,418,106,160,1.13,41,49,-8,-0.21,NA,43,0,0,0,0,54,38,14,0,2,5.600432389937107,1.037037037037037,2.185185185185185,3.3518518518518516,1,27,10,2,0,15,1294,185,1466000000,201500000,394000000,0,870500000,47389,215000000,7962962.962962963,4000000,0.2950051699761548,0.13790120070058454,0.18706872902994365,0.5956589147286822,0.46511627906976744,11129508.957775012,27,16409090.909090908,1.13,21.105803441093,2.3978952727983707,1.0986122886681098,19.12129994431379,19.791861469800278,53,0,15,20,22,14,5,1,1.66,4.007333185232471,1,0.6782526234655132
ESP,1819,Athletic Club,8,19,9,8,2,26,19,7,35,1.84,19,4,6,9,15,26,-11,18,0.95,27,27.6,50,38,3420,39,26,65,34,5,7,120,4,1.03,0.68,1.71,0.89,1.58,418,113,153,1.39,41,45,-4,-0.11,NA,53,0,0,0,0,42,38,0,0,4,6.603912601626016,0.8095238095238095,1.6904761904761905,2.5952380952380953,0,21,14,0,0,7,955,124,429100000,285500000,0,0,143600000,41200,229800000,8838461.538461538,4000000,0.3914320388349515,0.07024271844660195,0.21949029126213593,0.5712325098748074,0.4656222802436902,13759662.621359223,26,17272727.272727273,1.39,19.877200552292212,2.70805020110221,0,19.469752590562965,0,41,0,6,11,13,7,2,0,1.13,3.7612001156935624,1,0.7966120464997445
ESP,1920,Athletic Club,11,19,9,4,6,21,14,7,31,1.63,19,4,8,7,20,24,-4,20,1.05,26,26.7,48.7,38,3420,40,23,63,32,8,10,90,2,1.05,0.61,1.66,0.84,1.45,418,130,189,1.34,41,38,3,0.08,NA,51,0,0,1,0,46,38,0,0,8,13.244907407407407,0.9565217391304348,2.0652173913043477,3.0434782608695654,0,24,16,0,0,8,850,105,547900000,393500000,0,0,154400000,43955,206300000,7934615.384615385,3200000,0.4337163007621431,0.07011716528267546,0.2360141053350017,0.5605913717886573,0.43383422200678623,13119717.893299965,26,15736363.636363637,1.34,20.121603348333796,2.833213344056216,0,19.79059162836303,0,45,0,6,14,19,10,5,1,1.39,3.8501476017100584,1,0.8337197968012687
ESP,2021,Athletic Club,10,19,8,6,5,29,19,10,30,1.58,19,3,7,9,17,23,-6,16,0.84,27,26.6,49.9,38,3420,43,31,74,39,4,5,82,3,1.13,0.82,1.95,1.03,1.84,418,177,242,1.21,46,42,4,0.11,NA,46,1,0,1,0,46,38,0,0,8,5.599537037037037,1.0434782608695652,2.1956521739130435,3.5,0,23,9,1,5,8,724,91,788700000,274000000,10800000,39300000,464600000,46449,199700000,7396296.296296297,3500000,0.38551960214428727,0.08437210704213223,0.18310404960279017,0.5384743782340178,0.3254882323485228,10903349.910654696,27,15181818.181818182,1.21,20.48589657963613,2.302585092994046,0.6931471805599453,19.42863866800198,16.195056784687036,45,0,6,13,18,12,5,1,1.34,3.8501476017100584,1,0.7181847246539022
ESP,2122,Athletic Club,8,19,10,4,5,29,18,11,34,1.79,19,4,9,6,14,18,-4,21,1.11,26,26.9,48.1,38,3420,40,34,74,37,3,7,90,4,1.05,0.89,1.95,0.97,1.87,418,180,209,1.45,43,36,7,0.18,NA,55,1,1,0,0,45,38,0,0,7,6.340909090909091,0.8888888888888888,1.8444444444444446,2.8,0,49,20,0,12,17,887,136,1321300000,582400000,0,158600000,580300000,43952,216200000,8648000,3000000,0.3858982526392428,0.12047233345467782,0.21669093556607208,0.49850138760407026,0.34690101757631825,11887609.210047325,25,16727272.727272727,1.45,21.001881938141274,3.044522437723423,0,20.182668056563784,0,44,0,4,10,13,6,3,1,1.21,3.828641396489095,1,0.7106722897310901
ESP,2223,Athletic Club,8,19,8,3,8,22,15,7,27,1.42,19,6,6,7,25,28,-3,24,1.26,26,27.4,51.6,38,3420,46,33,79,41,5,7,81,5,1.21,0.87,2.08,1.08,1.95,418,182,248,1.34,47,43,4,0.11,NA,51,1,1,0,0,45,38,0,0,7,6.660037878787879,0.7777777777777778,1.8,2.911111111111111,0,36,13,2,0,21,988,127,940400000,228800000,55000000,0,656600000,44718,220600000,8824000,3000000,0.3915201932107876,0.2409991502303323,0.2079923073482714,0.5337443336355394,0.38531278331822305,12326307.079923073,25,17090909.09090909,1.34,20.661815875693566,2.6390573296152584,1.0986122886681098,19.248358821840547,17.822843761378564,44,0,3,6,12,3,3,1,1.45,3.828641396489095,1,0.721220095101882
ESP,2324,Athletic Club,5,19,12,6,1,42,18,24,42,2.21,19,7,5,7,19,19,0,26,1.37,27,27.3,49.8,38,3420,59,41,100,56,3,5,80,5,1.55,1.08,2.63,1.47,2.55,418,188,255,1.79,61,37,24,0.63,→ Europa League via cup win,68,1,1,0,0,46,38,0,0,8,6.375,0.8260869565217391,1.9130434782608696,2.717391304347826,0,50,27,0,0,23,864,122,1341800000,1018500000,0,0,323300000,45955,294600000,10911111.111111112,5000000,0.3991078228701991,0.11102165161571102,0.18213469698618215,0.6030776193708984,0.4243041412084182,16393820.041344794,27,23272727.272727273,1.79,21.017277833838328,3.332204510175204,0,20.74159679461297,0,45,0,2,5,9,2,2,0,1.34,3.8501476017100584,1,0.704421954901534
ESP,2425,Athletic Club,4,19,11,6,2,32,13,19,39,2.05,19,8,7,4,22,16,6,31,1.63,31,26.9,48.4,38,3420,53,40,93,50,3,6,64,3,1.39,1.05,2.45,1.32,2.37,418,189,253,1.84,54,29,25,0.66,→ Champions League via league finish,70,1,1,0,0,55,38,14,0,3,5.242283950617284,1.1272727272727272,2.290909090909091,3.4545454545454546,1,31,20,0,1,10,599,98,3020700000,1701400000,0,0,1319300000,54583,373000000,12862068.965517242,5000000,0.3569792792627741,0.14471538757488595,0.16171701811919462,0.6219099565498751,0.45576407506702415,18079645.67722551,29,28818181.818181816,1.84,21.828754429885002,3.044522437723423,0,21.25471727909381,0,54,0,11,19,25,19,3,1,1.79,4.02535169073515,1,0.627369408357983
ESP,1516,Atlético Madrid,3,19,15,3,1,33,7,26,48,2.53,19,13,1,5,30,11,19,40,2.11,25,25.9,48.5,38,3420,62,47,109,61,1,2,94,3,1.63,1.24,2.87,1.61,2.84,418,107,159,2.32,63,18,45,1.18,→ Champions League via league finish,88,0,0,0,0,57,38,13,0,6,5.000186011904762,1.1754385964912282,2.526315789473684,3.8421052631578947,1,27,11,1,0,15,616,134,2000000000,1060000000,18000000,0,922000000,56917,406500000,16937500,13000000,0.4065744856545496,0.10503013159512975,0.2252402621360929,0.4706334563345633,0.4059040590405904,23683855.43862115,24,29090909.09090909,2.32,21.416413018006356,2.4849066497880004,0.6931471805599453,20.781534746013783,16.705882371415992,56,0,7,22,31,20,5,1,NA,4.060443010546419,0,0.814132530702602
ESP,1617,Atlético Madrid,3,19,14,2,3,40,14,26,44,2.32,19,9,7,3,30,13,17,34,1.79,22,26.9,48.4,38,3420,70,54,124,68,2,7,85,3,1.84,1.42,3.26,1.79,3.21,418,109,156,2.05,70,27,43,1.13,→ Champions League via league finish,78,0,0,0,0,58,38,12,0,8,4.785453216374269,1.1379310344827587,2.6206896551724137,3.9482758620689653,1,31,14,1,0,16,1199,212,2737000000,882000000,204000000,0,1651000000,52808,422000000,19181818.181818184,17000000,0.3746780790789274,0.12386380851386154,0.23367671564914408,0.46563981042654023,0.33175355450236965,26219767.838206332,22,32363636.363636363,2.05,21.73012826737032,2.70805020110221,0.6931471805599453,20.59770261510485,19.13363055671045,57,0,6,20,33,14,6,1,2.32,4.07753744390572,0,0.8101613657872743
ESP,1718,Atlético Madrid,2,19,12,6,1,30,8,22,42,2.21,19,11,4,4,28,14,14,37,1.95,26,26.6,47.5,38,3420,57,41,98,53,4,5,96,5,1.5,1.08,2.58,1.39,2.47,418,110,156,2.08,58,22,36,0.95,→ Champions League via Europa League win,79,0,0,0,0,59,38,15,0,6,4.722880747126437,1.2203389830508475,2.6440677966101696,3.9491525423728815,1,39,19,3,0,17,637,126,3391500000,1882500000,209000000,0,1300000000,57621,708350000,24425862.068965517,20000000,0.42819458183648323,0.023099217299248537,0.2144704187709342,0.5771596449251903,0.33881555728100515,39826770.6218219,29,52272727.27272727,2.08,21.944538138645264,2.995732273553991,1.3862943611198906,21.35586651816953,19.157844814713773,58,0,12,23,31,21,5,1,2.05,4.0943445622221,1,0.7619034379826799
ESP,1819,Atlético Madrid,2,19,15,3,1,32,10,22,48,2.53,19,7,7,5,23,19,4,28,1.47,29,26.4,49.2,38,3420,53,36,89,50,3,4,103,5,1.39,0.95,2.34,1.32,2.26,418,105,160,2,55,29,26,0.68,→ Champions League via league finish,76,0,0,0,0,51,38,8,0,5,5.5125,1.0196078431372548,2.156862745098039,3.235294117647059,1,50,31,1,1,17,1170,183,6922000000,3685000000,28000000,10000000,3199000000,49421,912500000,33796296.2962963,20000000,0.4267619028348273,0.016814714392667084,0.24570526699176465,0.5655362760020295,0.3506849315068493,55274798.162724346,27,70000000,2,22.65797058230403,3.4657359027997265,0.6931471805599453,22.02753636285908,17.147715103853763,50,0,5,14,25,10,3,1,2.08,3.9512437185814275,1,0.7896399737532049
ESP,1920,Atlético Madrid,3,19,12,6,1,28,11,17,42,2.21,19,6,10,3,23,16,7,28,1.47,30,26.1,48.6,38,3420,50,35,85,44,6,8,93,3,1.32,0.92,2.24,1.16,2.08,418,130,187,1.84,51,27,24,0.63,→ Champions League via league finish,70,0,0,1,0,50,38,9,0,3,7.366496598639456,1,2.18,3.24,1,40,19,3,3,15,986,172,5105500000,2538000000,96000000,32000000,2439500000,50385,719300000,24803448.275862068,20000000,0.4605140418775429,0.014845688200853429,0.22163342264562866,0.4974088793223297,0.3239260392047824,39884362.40944725,29,48181818.18181818,1.84,22.353584227155736,2.995732273553991,1.3862943611198906,21.65464220663262,18.379858759848776,49,0,4,15,17,9,4,1,2,3.9318256327243257,1,0.8277886537809808
ESP,2021,Atlético Madrid,1,19,15,3,1,41,11,30,48,2.53,19,11,5,3,26,14,12,38,2,25,27.3,52.3,38,3420,65,54,119,60,5,7,100,0,1.71,1.42,3.13,1.58,3,418,148,231,2.26,67,25,42,1.11,→ Champions League via league finish,86,1,0,1,0,48,38,8,0,2,5.044326241134752,1.1041666666666667,2.2916666666666665,3.5625,1,38,13,4,9,12,568,114,3328000000,1312000000,180000000,740000000,1096000000,46484,706700000,25239285.714285713,20000000,0.462610790809741,0.01942603906720592,0.21730057654246623,0.5221300208211201,0.32545634639875476,40805851.47577661,28,50454545.45454545,2.26,21.925637360205855,2.6390573296152584,1.6094379124341003,20.994818528230503,19.00846741441004,47,0,5,17,24,12,5,1,1.84,3.8918202981106265,1,0.8087646238442212
ESP,2122,Atlético Madrid,3,19,12,5,2,33,16,17,41,2.16,19,9,3,7,32,27,5,30,1.58,26,28.1,50.6,38,3420,63,45,108,59,4,5,111,7,1.66,1.18,2.84,1.55,2.74,418,170,159,1.87,65,43,22,0.58,→ Champions League via league finish,71,1,1,0,0,51,38,10,0,3,5.60375,0.9411764705882353,2.0784313725490198,3.1176470588235294,1,49,31,1,10,7,1294,220,6297000000,4959000000,420000000,385000000,533000000,48635,621500000,27021739.13043478,25000000,0.3106404852472499,0.1464171892669888,0.1941194612933073,0.36972262058833816,0.26548672566371684,31780353.654775366,23,42727272.72727273,1.87,22.563339166611822,3.4657359027997265,0.6931471805599453,22.32446994465506,19.85576527162264,50,0,5,14,23,10,3,1,2.26,3.9512437185814275,0,0.7437955110692107
ESP,2223,Atlético Madrid,3,19,13,3,3,41,15,26,42,2.21,19,10,5,4,29,18,11,35,1.84,27,28.5,50.6,38,3420,68,51,119,67,1,1,92,8,1.79,1.34,3.13,1.76,3.11,418,168,201,2.03,70,33,37,0.97,→ Champions League via league finish,77,1,1,0,0,49,38,6,0,5,6.103298611111112,0.9183673469387755,2.163265306122449,3.306122448979592,1,18,11,1,0,6,1005,142,3171000000,1087000000,1050000000,0,1034000000,48706,513300000,18332142.85714286,18000000,0.36412351660986325,0.09070751036833244,0.13885352933930112,0.42325568450641504,0.24352230664328853,23591081.18096333,28,32727272.727272727,2.03,21.877312832817978,2.4849066497880004,0.6931471805599453,20.806687446005448,20.772056002068226,48,0,3,16,18,7,6,1,1.87,3.912023005428146,0,0.7208385916405462
ESP,2324,Atlético Madrid,4,19,16,1,2,42,22,20,49,2.58,19,8,3,8,28,21,7,27,1.42,27,29.2,50.8,38,3420,68,48,116,63,5,6,89,5,1.79,1.26,3.05,1.66,2.92,418,183,198,2,70,43,27,0.71,→ Champions League via league finish,76,1,1,0,0,54,38,10,0,6,5.373231132075472,1.037037037037037,2.2777777777777777,3.4444444444444446,1,24,15,0,0,9,885,175,2704000000,1649000000,0,0,1055000000,49910,407300000,16292000,16000000,0.3954718493287918,0.15069124423963134,0.19579242636746144,0.35667075865455433,0.22096734593665604,20898056.501703065,25,26636363.636363637,2,21.71799799549695,2.772588722239781,0,21.223434881130302,0,53,0,6,17,23,12,3,1,2.03,4.007333185232471,0,0.784568674125371
ESP,2425,Atlético Madrid,3,19,14,4,1,42,15,27,46,2.42,19,8,6,5,26,15,11,30,1.58,24,28.4,52.6,38,3420,68,51,119,62,6,7,75,3,1.79,1.34,3.13,1.63,2.97,418,188,242,2,68,30,38,1,→ Champions League via league finish,76,1,1,0,0,55,38,10,0,7,5.16087962962963,1.0909090909090908,2.327272727272727,3.4909090909090907,1,13,11,0,0,2,498,103,2215500000,1545500000,0,0,670000000,54626,505500000,19442307.692307692,15000000,0.32982462563614395,0.11287665214366785,0.16753926701570682,0.5329148596210911,0.3857566765578635,26790028.557829604,26,37000000,2,21.518743949055185,2.4849066497880004,0,21.158613320183484,0,54,0,6,20,27,15,4,1,2,4.02535169073515,1,0.7240548258872865
GER,1516,Augsburg,12,17,3,6,8,18,27,-9,15,0.88,17,6,5,6,24,25,-1,23,1.35,27,27.4,46.9,34,3060,40,20,60,33,7,7,82,0,1.18,0.59,1.76,0.97,1.56,374,101,135,1.12,42,52,-10,-0.29,NA,38,0,0,0,0,45,34,8,0,3,6.3821022727272725,1.0222222222222221,2.1555555555555554,3.111111111111111,1,52,14,4,1,33,1730,232,409000000,88000000,51250000,2000000,267750000,44796,74750000,2577586.206896552,2000000,0.3283552102866327,0.0779980355388874,0.07964996874720957,0.41822165840156833,0.31438127090301005,2866730.2884186087,29,4545454.545454546,1.12,19.829225716452065,2.70805020110221,1.6094379124341003,18.292847383806116,17.752226195494988,44,0,12,16,16,11,3,1,NA,3.828641396489095,0,0.6306806634520938
GER,1617,Augsburg,13,17,5,6,6,22,25,-3,21,1.24,17,4,5,8,13,26,-13,17,1,28,27.1,41.9,34,3060,35,22,57,32,3,4,71,2,1.03,0.65,1.68,0.94,1.59,374,100,137,1.12,35,51,-16,-0.47,NA,38,0,0,0,0,36,34,0,0,2,7.822321428571429,0.7222222222222222,1.5277777777777777,2.3333333333333335,0,45,7,2,0,36,1674,194,420250000,60250000,6250000,0,353750000,33000,56025000,2075000,1000000,0.3832424242424242,0.10593939393939394,0.18281818181818182,0.4877121655345662,0.3034359660865685,3093750.757575758,27,4090909.090909091,1.12,19.856360332632534,2.0794415416798357,1.0986122886681098,17.91401314693255,15.648092181712572,35,0,2,4,5,2,1,0,1.12,3.6109179126442243,1,0.7562501851851853
GER,1718,Augsburg,12,17,6,4,7,24,24,0,22,1.29,17,4,7,6,19,22,-3,19,1.12,27,26.6,45.7,34,3060,41,30,71,37,4,4,68,NA,1.21,0.88,2.09,1.09,1.97,374,95,143,1.21,43,46,-3,-0.09,NA,41,0,0,0,0,35,34,0,0,1,7.9963235294117645,0.7142857142857143,1.5142857142857142,2.1714285714285713,0,49,7,2,1,39,1232,124,495450000,150750000,10500000,7000000,327200000,34658,99500000,3826923.076923077,2000000,0.4003981764671937,0.05972647007905823,0.2179006290034047,0.5593737920371085,0.39195979899497485,6056079.404466501,26,7636363.636363637,1.21,20.020977000487548,2.0794415416798357,1.0986122886681098,18.83113340020507,16.166885910365842,34,0,1,3,4,2,1,0,1.12,3.58351893845611,1,0.7930580172515657
GER,1819,Augsburg,15,17,5,4,8,34,33,1,19,1.12,17,3,4,10,17,38,-21,13,0.76,30,26.5,46.4,34,3060,50,33,83,45,5,5,55,1,1.47,0.97,2.44,1.32,2.29,374,94,144,0.94,51,71,-20,-0.59,NA,32,0,0,0,0,38,34,0,0,4,7.351351351351352,0.7631578947368421,1.631578947368421,2.4473684210526314,0,45,8,1,0,36,1934,237,813200000,210250000,23000000,0,579950000,38279,136400000,4546666.666666667,2250000,0.4180359988505447,0.08626139658820764,0.1618903315133624,0.5799364613880742,0.3519061583577713,7114356.435643564,30,10181818.181818182,0.94,20.516487640948174,2.1972245773362196,0.6931471805599453,19.163807861573574,16.951004817371683,37,0,0,5,7,2,1,0,1.21,3.6635616461296463,1,0.6987314356435643
GER,1920,Augsburg,15,17,5,5,7,28,29,-1,20,1.18,17,4,4,9,17,34,-17,16,0.94,28,26.2,38.6,34,3060,45,29,74,42,3,5,68,2,1.32,0.85,2.18,1.24,2.09,374,111,193,1.06,45,63,-18,-0.53,NA,36,0,0,1,0,35,34,0,0,1,9.470588235294118,0.6285714285714286,1.5142857142857142,2.1714285714285713,0,27,6,0,1,20,1013,120,365200000,108200000,0,1600000,255400000,33623,104075000,4002884.6153846155,2150000,0.4380632305267228,0.15995003420277787,0.20465157778901347,0.4856612280345165,0.3074705741052126,5881089.581536449,26,7709090.909090909,1.06,19.715955709423312,1.9459101490553132,0,18.4994919336188,0,34,0,2,4,5,2,1,0,0.94,3.58351893845611,0,0.7628771862842091
GER,2021,Augsburg,13,17,6,4,7,21,25,-4,22,1.29,17,4,2,11,15,29,-14,14,0.82,25,27,41.4,34,3060,35,23,58,33,2,5,71,4,1.03,0.68,1.71,0.97,1.65,374,141,159,1.06,36,54,-18,-0.53,NA,36,1,0,1,0,36,34,0,0,2,7.2,0.6944444444444444,1.6111111111111112,2.4166666666666665,0,39,12,0,1,26,1345,156,389100000,93900000,0,12500000,282700000,34824,85800000,3575000,2250000,0.36486331265793703,0.044021364576154375,0.21686193429818515,0.4956293706293706,0.4195804195804196,4872343.785894785,24,6272727.2727272725,1.06,19.779346940524814,2.5649493574615367,0,18.35774095482812,0,35,0,2,6,6,4,2,0,1.06,3.6109179126442243,1,0.7767504586209077
GER,2122,Augsburg,14,17,7,4,6,25,26,-1,25,1.47,17,3,4,10,14,30,-16,13,0.76,26,26.6,41.5,34,3060,39,26,65,34,5,5,74,0,1.15,0.76,1.91,1,1.76,374,169,136,1.12,39,56,-17,-0.5,NA,38,1,1,0,0,36,34,0,0,2,8,0.6388888888888888,1.3888888888888888,2.2777777777777777,0,54,5,4,14,31,2056,225,623600000,56000000,199100000,71100000,297400000,35970,93800000,3474074.074074074,2000000,0.305643591882124,0.11351125938281902,0.1696969696969697,0.49395877754086714,0.3411513859275053,4420973.033083125,27,6700000,1.12,20.251019696751488,1.791759469228055,1.6094379124341003,17.840862266556567,19.109317774057025,35,0,2,3,4,1,1,0,1.06,3.6109179126442243,1,0.6598467213556903
GER,2223,Augsburg,15,17,6,4,7,16,24,-8,22,1.29,17,3,3,11,26,39,-13,12,0.71,34,25.9,41.7,34,3060,41,29,70,37,4,5,96,5,1.21,0.85,2.06,1.09,1.94,374,150,153,1,42,63,-21,-0.62,NA,34,1,1,0,0,36,34,0,0,2,8.57140873015873,0.7777777777777778,1.6944444444444444,2.5,0,45,8,0,3,34,2011,192,820700000,175900000,0,24500000,620300000,31847,115700000,3506060.606060606,3000000,0.3028856721198229,0.14641881495902284,0.10453103903036393,0.45603834367879315,0.2549697493517718,4309803.121173109,33,7090909.090909091,1,20.52566819381841,2.1972245773362196,0,18.985426215392835,0,35,0,3,5,5,3,1,0,1.12,3.6109179126442243,0,0.6077927478577462
GER,2324,Augsburg,11,17,6,6,5,26,26,0,24,1.41,17,4,3,10,24,34,-10,15,0.88,29,26,43.9,34,3060,49,35,84,44,5,7,71,3,1.44,1.03,2.47,1.29,2.32,374,158,143,1.15,50,60,-10,-0.29,NA,39,1,1,0,0,35,34,0,0,1,8.205882352941176,0.6285714285714286,1.4,2.1714285714285713,0,28,8,2,2,16,1215,108,356900000,101400000,40000000,6000000,209500000,34105,121100000,4325000,3250000,0.4616331916141328,0.10901627327371353,0.1900014660606949,0.45148637489677945,0.3674649050371594,6518923.911449934,28,7727272.7272727275,1.15,19.692966191262293,2.1972245773362196,1.0986122886681098,18.43458365898329,17.50439003707821,34,0,0,0,0,0,1,0,1,3.58351893845611,0,0.8436254473641092
GER,2425,Augsburg,12,17,6,5,6,18,20,-2,23,1.35,17,5,5,7,17,31,-14,20,1.18,29,26.8,44.3,34,3060,35,26,61,34,1,2,78,5,1.03,0.76,1.79,1,1.76,374,157,147,1.26,35,51,-16,-0.47,NA,43,1,1,0,0,38,34,0,0,4,7.354166666666667,0.6842105263157895,1.631578947368421,2.3157894736842106,0,42,12,1,5,24,932,129,425000000,119000000,3500000,18000000,284500000,37753,147000000,5250000,3750000,0.3085052843482637,0.15702063412179165,0.14149868884591954,0.389212827988338,0.3129251700680272,6249834.450242365,28,9045454.545454545,1.26,19.867599729241633,2.5649493574615367,0.6931471805599453,18.594634059479166,15.068273812173887,37,0,1,4,7,4,1,0,1.15,3.6635616461296463,0,0.6909364718860906
FRA,2223,Auxerre,17,19,5,7,7,18,28,-10,22,1.16,19,3,4,12,17,35,-18,13,0.68,33,27.3,43.3,38,3420,32,17,49,25,7,9,54,6,0.84,0.45,1.29,0.66,1.11,418,159,182,0.92,35,63,-28,-0.74,Relegated,35,1,1,0,0,41,38,0,0,3,7.50625,0.7804878048780488,1.7560975609756098,2.682926829268293,0,17,3,4,0,10,675,92,127200000,22600000,4800000,0,99800000,40743,53900000,1585294.1176470588,1100000,0.277716417544118,0.05478241661144246,0.09324301106938615,0.44526901669758834,0.287569573283859,1982281.618928405,34,3136363.6363636362,0.92,18.66127121673193,1.3862943611198906,1.6094379124341003,16.933460508490302,15.38412668421143,40,0,2,5,8,5,2,0,NA,3.7376696182833684,0,0.6320318205278973
FRA,2425,Auxerre,11,17,7,6,4,24,17,7,27,1.59,17,4,3,10,24,34,-10,15,0.88,29,25.9,42.5,34,3060,47,35,82,43,4,5,68,4,1.38,1.03,2.41,1.26,2.29,374,155,151,1.24,48,51,-3,-0.09,NA,42,1,1,0,1,37,34,0,0,3,7.560185185185185,0.5945945945945946,1.5405405405405406,2.27027027027027,0,25,7,1,3,14,885,103,389000000,176500000,900000,43600000,168000000,34462,86000000,3071428.5714285714,1800000,0.41004584760025536,0.01973187859091173,0.1842609250768963,0.5700581395348836,0.4186046511627907,4747323.138529395,28,6363636.363636363,1.24,19.779089904153416,2.0794415416798357,0.6931471805599453,18.98883144000335,13.710151153416941,36,0,0,3,4,1,1,0,0.92,3.6375861597263857,1,0.746007921768905
ESP,1516,Barcelona,1,19,16,1,2,67,14,53,49,2.58,19,13,3,3,45,15,30,42,2.21,25,28,67.1,38,3420,109,74,183,98,11,19,67,1,2.87,1.95,4.82,2.58,4.53,418,90,176,2.39,112,29,83,2.18,→ Champions League via league finish,91,0,0,0,0,60,38,10,0,12,4.8296257062146895,1.2333333333333334,2.6,3.9,1,57,32,2,2,21,1297,244,6296000000,2680000000,523000000,430000000,2663000000,55355,613000000,25541666.666666668,13500000,0.43423358323548006,0.07338090506729293,0.22995212717911662,0.5570282762370853,0.4567699836867863,38263137.92791979,24,47272727.27272727,2.39,22.563180348220346,3.4965075614664802,1.0986122886681098,21.70908263184231,20.07509202394124,59,0,12,24,34,22,9,1,NA,4.110873864173311,1,0.8094125330906109
ESP,1617,Barcelona,2,19,15,3,1,64,17,47,48,2.53,19,13,3,3,52,20,32,42,2.21,25,26.9,66.1,38,3420,113,71,184,105,8,9,75,1,2.97,1.87,4.84,2.76,4.63,418,94,172,2.37,116,37,79,2.08,→ Champions League via league finish,90,0,0,0,0,59,38,10,0,11,4.930675287356322,1.1694915254237288,2.4915254237288136,3.830508474576271,1,61,21,2,0,38,1431,251,5330400000,2255300000,31500000,0,3043600000,54526,706000000,26148148.14814815,18000000,0.42491655357077357,0.030664270256391447,0.23311814547188497,0.5632672332389046,0.43909348441926344,44110919.5613102,27,51909090.90909091,2.37,22.396692119400203,3.091042453358316,1.0986122886681098,21.536548839189738,17.265498135541893,58,0,12,26,30,22,6,1,2.39,4.0943445622221,1,0.8497725309534365
ESP,1718,Barcelona,1,19,16,3,0,53,11,42,51,2.68,19,12,6,1,46,18,28,42,2.21,25,27.7,62.8,38,3420,96,74,170,93,3,5,67,2,2.53,1.95,4.47,2.45,4.39,418,111,155,2.45,99,29,70,1.84,→ Champions League via league finish,93,0,0,0,0,59,38,10,0,11,4.826688218390805,1.2203389830508475,2.610169491525424,3.76271186440678,1,51,24,0,0,27,1491,226,6934000000,5272500000,0,0,1661500000,49120,839500000,31092592.592592593,15000000,0.38161644951140067,0.07776872964169382,0.1376628664495114,0.4912977301303687,0.3097081596188207,46107155.94462541,27,61363636.36363637,2.45,22.65970268435346,3.2188758248682006,0,22.385770470506866,0,58,0,9,21,31,20,6,1,2.37,4.0943445622221,1,0.7513758746531547
ESP,1819,Barcelona,1,19,15,3,1,51,17,34,48,2.53,19,11,6,2,39,19,20,39,2.05,30,27.7,64.4,38,3420,88,61,149,80,8,9,77,2,2.32,1.61,3.92,2.11,3.71,418,112,154,2.29,90,36,54,1.42,→ Champions League via league finish,87,0,0,0,0,60,38,12,0,10,4.8474576271186445,1.2,2.683333333333333,3.9,1,48,20,3,0,25,1399,265,8517500000,3355000000,617500000,0,4545000000,58925,1110500000,32661764.70588235,16500000,0.47399236317352567,0.027000424268137462,0.1854730589732711,0.5501363985486136,0.30616839261593876,57947942.29953331,34,73181818.18181819,2.29,22.865388707616802,3.044522437723423,1.3862943611198906,21.933717607668118,20.241189628085838,59,0,11,22,32,19,6,1,2.45,4.110873864173311,1,0.7918352363911383
ESP,1920,Barcelona,2,19,16,2,1,52,16,36,50,2.63,19,9,5,5,34,22,12,32,1.68,28,27.8,66.4,38,3420,84,62,146,78,6,6,92,6,2.21,1.63,3.84,2.05,3.68,418,123,183,2.16,86,38,48,1.26,→ Champions League via league finish,82,0,0,1,0,51,38,9,0,4,7.279166666666666,1.0588235294117647,2.156862745098039,3.2745098039215685,1,50,17,4,1,28,1346,179,6852500000,3830000000,159000000,9000000,2854500000,48100,884600000,32762962.962962963,28000000,0.34704781704781706,0.03735966735966736,0.2186902286902287,0.46037129148139777,0.3165272439520687,48196850.31185031,27,60000000,2.16,22.647879386287148,2.8903717578961645,1.6094379124341003,22.06613064040006,18.884414766473814,50,0,5,16,20,12,5,1,2.29,3.9512437185814275,0,0.8032808385308385
ESP,2021,Barcelona,3,19,11,5,3,44,20,24,38,2,19,13,2,4,41,18,23,41,2.16,25,26.4,65.5,38,3420,80,51,131,76,4,8,72,2,2.11,1.34,3.45,2,3.34,418,158,260,2.08,85,38,47,1.24,→ Champions League via league finish,79,1,0,1,0,54,38,8,0,8,4.46933962264151,1.2777777777777777,2.759259259259259,4.351851851851852,1,41,13,0,2,26,1767,334,11259000000,2256000000,0,80000000,8923000000,55029,788500000,29203703.703703705,20000000,0.37371204274110015,0.14750404332261172,0.2215195624125461,0.44355198572066046,0.3043753963221306,39915153.827981606,27,52727272.72727273,2.08,23.14443364585622,2.6390573296152584,0,21.536859171025487,0,53,0,7,25,26,20,10,1,2.16,4.007333185232471,0,0.7570115381168926
ESP,2122,Barcelona,2,19,12,2,5,37,19,18,38,2,19,9,8,2,31,19,12,35,1.84,38,26.2,64.2,38,3420,68,52,120,62,6,7,97,5,1.79,1.37,3.16,1.63,3,418,159,264,1.92,68,38,30,0.79,→ Champions League via league finish,73,1,1,0,0,53,38,12,0,3,5.386217948717949,1.0754716981132075,2.2264150943396226,3.358490566037736,1,78,32,2,17,27,2031,358,10016100000,6640000000,20000000,560000000,2796100000,52710,655500000,19279411.76470588,9000000,0.3526465566306204,0.07078353253652059,0.10994118763043066,0.5517162471395882,0.30511060259344014,26729235.4391956,34,44545454.54545455,1.92,23.027459635379714,3.4965075614664802,1.0986122886681098,22.616377800585354,16.811242881518265,52,0,7,21,26,15,3,1,2.08,3.9889840465642745,1,0.6000440608799011
ESP,2223,Barcelona,1,19,15,3,1,37,4,33,48,2.53,19,13,1,5,33,16,17,40,2.11,29,25.9,64.3,38,3420,69,56,125,69,0,2,84,6,1.82,1.47,3.29,1.82,3.29,418,168,227,2.32,70,20,50,1.32,→ Champions League via league finish,88,1,1,0,0,53,38,8,0,7,5.673076923076923,1.1886792452830188,2.490566037735849,3.7169811320754715,1,32,19,0,0,13,1051,148,7019500000,5455500000,0,0,1564000000,48559,789500000,30365384.615384616,19500000,0.35305504643835334,0.05527296690623777,0.1954529541382648,0.5403760900277683,0.3356554781507283,43899730.22508701,26,60909090.90909091,2.32,22.67195782751874,2.995732273553991,0,22.41989011124273,0,52,0,7,20,25,18,6,1,1.92,3.9889840465642745,1,0.720741839516354
ESP,2324,Barcelona,2,19,15,1,3,43,21,22,46,2.42,19,11,6,2,36,23,13,39,2.05,29,26,64.3,38,3420,76,55,131,70,6,7,87,2,2,1.45,3.45,1.84,3.29,418,161,230,2.24,79,44,35,0.92,→ Champions League via league finish,85,1,1,0,0,53,38,10,0,5,5.518830128205128,1,2.207547169811321,3.30188679245283,1,36,12,3,0,21,1581,283,14552500000,3322000000,5360000000,0,5870500000,52178,826500000,31788461.53846154,29000000,0.26118287400820267,0.1255509985051171,0.11794242784315229,0.4730559821303921,0.3145795523290986,37581289.04902449,26,57727272.72727273,2.24,23.401028637178882,2.5649493574615367,1.3862943611198906,21.923832848438536,22.40222981221569,52,0,9,20,23,14,5,1,2.32,3.9889840465642745,0,0.6510144559673534
ESP,2425,Barcelona,1,19,14,1,4,52,20,32,43,2.26,19,14,3,2,50,19,31,45,2.37,28,24.7,68.3,38,3420,99,72,171,92,7,8,63,3,2.61,1.89,4.5,2.42,4.32,418,180,254,2.32,102,39,63,1.66,→ Champions League via league finish,88,1,1,0,0,60,38,14,0,8,4.762358757062147,1.1666666666666667,2.5833333333333335,3.8833333333333333,1,45,16,2,1,26,2050,399,9028200000,4676400000,345000000,5000000,4001800000,55626,989400000,34117241.37931035,12000000,0.45516485096897136,0.13810088807392226,0.2480674504728005,0.6137889211852532,0.43460683242369114,58889562.43483263,29,76818181.81818181,2.32,22.923618849067925,2.833213344056216,1.0986122886681098,22.265794420310776,19.659054977894186,59,0,7,26,32,19,6,1,2.24,4.110873864173311,1,0.7666096885007799
FRA,1516,Bastia,10,19,11,2,6,23,14,9,35,1.84,19,3,6,10,13,28,-15,15,0.79,26,28.7,43.4,38,3420,34,20,54,32,2,2,85,0,0.89,0.53,1.42,0.84,1.37,418,98,165,1.32,36,42,-6,-0.16,NA,50,0,0,0,0,41,38,0,0,3,7,0.7804878048780488,1.7073170731707317,2.4634146341463414,0,2,0,0,0,2,191,31,33100000,0,0,0,33100000,38337,23500000,903846.1538461539,900000,0.3153350549077914,0.13436106111589327,0.18389545347836295,0.37266775777414063,0.2765957446808511,1068252.6019250331,26,1477272.7272727273,1.32,17.31504387055877,0,0,0,0,40,0,2,6,10,6,1,0,NA,3.7376696182833684,0,0.7231248382261762
FRA,1617,Bastia,20,19,5,9,5,17,14,3,24,1.26,19,3,1,15,12,40,-28,10,0.53,29,26.9,43.4,38,3420,28,18,46,28,0,1,85,7,0.74,0.47,1.21,0.74,1.21,418,102,162,0.89,29,54,-25,-0.66,Relegated 3 3. Bastia were administratively relegated to fifth-tier Championnat National 3 due to financial difficulties.,34,0,0,0,0,40,38,0,0,2,7.206196581196581,0.75,1.675,2.4,0,9,3,2,0,4,831,108,133050000,57600000,34250000,0,41200000,37100,32400000,1200000,900000,0.3206469002695418,0.13,0.177277628032345,0.3989483310470965,0.2932098765432099,1480947.4393530998,27,2068181.8181818181,0.89,18.706235562903945,1.3862943611198906,1.0986122886681098,17.86903314302723,17.34919715186959,39,0,1,6,7,4,1,0,1.32,3.713572066704308,0,0.7160624981487516
GER,1516,Bayern Munich,1,17,15,1,1,51,8,43,46,2.71,17,13,3,1,29,9,20,42,2.47,25,26.8,70.1,34,3060,79,54,133,71,8,9,50,0,2.32,1.59,3.91,2.09,3.68,374,95,129,2.59,80,17,63,1.85,→ Champions League via league finish,88,0,0,0,0,53,34,12,0,7,5.653445512820513,1.1132075471698113,2.358490566037736,3.641509433962264,1,60,17,0,1,42,1461,253,5902500000,3214000000,0,0,2688500000,53399,592575000,21163392.85714286,16500000,0.4417498455027248,0.02132998745294856,0.22612783010917809,0.5052088041899456,0.3290722693329958,33070723.702691063,28,41545454.54545455,2.59,22.498641827093362,2.8903717578961645,0,21.89078210457287,0,52,0,7,18,27,17,5,1,NA,3.9889840465642745,1,0.796013043171995
GER,1617,Bayern Munich,1,17,13,4,0,55,9,46,43,2.53,17,12,3,2,34,13,21,39,2.29,22,28,69,34,3060,88,64,152,83,5,5,47,0,2.59,1.88,4.47,2.44,4.32,374,99,139,2.41,89,22,67,1.97,→ Champions League via league finish,82,0,0,0,0,50,34,10,0,6,5.6896258503401365,1.12,2.38,3.42,1,63,17,1,1,44,1163,168,4300500000,1233000000,60000000,25000000,2982500000,49810,545650000,22735416.666666668,21000000,0.37942180285083316,0.07986348122866894,0.21383256374222043,0.47102461895598524,0.3115550261156419,31235055.20979723,24,40545454.54545455,2.41,22.18199713218834,2.8903717578961645,0.6931471805599453,20.932716061939647,17.909855136853043,49,0,9,15,22,15,4,1,2.59,3.9318256327243257,0,0.770371316833564
GER,1718,Bayern Munich,1,17,14,2,1,56,15,41,44,2.59,17,13,1,3,36,13,23,40,2.35,28,27.4,66.1,34,3060,90,72,162,84,6,8,42,NA,2.65,2.12,4.76,2.47,4.59,374,102,134,2.47,92,28,64,1.88,→ Champions League via league finish,84,0,0,0,0,53,34,12,0,7,5.518830128205128,1.1132075471698113,2.3773584905660377,3.4716981132075473,1,97,17,1,3,76,1720,283,9492400000,3127300000,3500000,60400000,6301200000,53183,790800000,29288888.888888888,35000000,0.3592125303198391,0.06308406821728747,0.18658217851569112,0.49684332790048535,0.278199291856348,40189286.05005359,27,56363636.36363637,2.47,22.973757315487486,2.8903717578961645,0.6931471805599453,21.863435849739364,15.068273812173887,52,0,6,16,25,16,5,1,2.41,3.9889840465642745,1,0.7130357202428862
GER,1819,Bayern Munich,1,17,13,3,1,49,14,35,42,2.47,17,11,3,3,39,18,21,36,2.12,24,27.4,65.7,34,3060,86,62,148,83,3,4,44,2,2.53,1.82,4.35,2.44,4.26,374,102,133,2.29,88,32,56,1.65,→ Champions League via league finish,78,0,0,0,0,49,34,8,0,7,5.957899305555555,0.9183673469387755,2.0816326530612246,3.122448979591837,1,59,17,1,1,40,1117,199,6584750000,1571000000,1560000000,700000,3453050000,48711,756850000,31535416.666666668,31000000,0.44261049865533453,0.11315719242060315,0.24394900535813266,0.4342257382572503,0.2708594833850829,43352747.83929708,24,55000000,2.29,22.608022206500696,2.8903717578961645,0.6931471805599453,21.174978196856433,21.16795165884888,48,0,5,11,19,7,3,1,2.47,3.912023005428146,0,0.7882317788963105
GER,1920,Bayern Munich,1,17,13,2,2,53,15,38,41,2.41,17,13,2,2,47,17,30,41,2.41,29,26.7,65.1,34,3060,97,75,172,91,6,6,54,3,2.85,2.21,5.06,2.68,4.88,374,104,163,2.41,100,32,68,2,→ Champions League via league finish,82,0,0,1,0,52,34,11,0,7,7.568218954248366,1.0192307692307692,2.0384615384615383,3.0384615384615383,1,47,7,2,3,35,1160,175,6648300000,657000000,1331000000,21800000,4638500000,51296,753500000,27907407.407407407,25500000,0.36612991266375544,0.010254210854647536,0.17176777916406738,0.4537442552041093,0.25481088254810885,40184932.54834685,27,52454545.45454545,2.41,22.6176270199856,2.0794415416798357,1.0986122886681098,20.303194577970956,21.0091963771107,51,0,5,12,21,11,3,1,2.29,3.970291913552122,0,0.7660905685126782
GER,2021,Bayern Munich,1,17,13,4,0,64,21,43,43,2.53,17,11,2,4,35,23,12,35,2.06,29,27.3,60.7,34,3060,98,75,173,89,9,10,44,3,2.88,2.21,5.09,2.62,4.82,374,137,163,2.29,99,44,55,1.62,→ Champions League via league finish,78,1,0,1,0,48,34,10,0,4,5.2296099290780145,1.2291666666666667,2.2916666666666665,3.4583333333333335,1,66,20,1,5,40,1400,242,7818050000,1843500000,1000000,1010000000,4963550000,48015,848050000,24942647.05882353,9250000,0.45273352077475787,0.03419764656878059,0.16209517859002395,0.5695748377766294,0.27121042391368433,43087162.34510049,34,59818181.81818182,2.29,22.779700999922202,3.044522437723423,0.6931471805599453,21.33493177618092,13.815511557963774,47,1,8,16,25,19,4,1,2.41,3.8918202981106265,1,0.7203021060731085
GER,2122,Bayern Munich,1,17,13,2,2,48,15,33,41,2.41,17,11,3,3,49,22,27,36,2.12,30,26.8,64.5,34,3060,92,70,162,87,5,5,36,2,2.71,2.06,4.76,2.56,4.62,374,149,153,2.26,97,37,60,1.76,→ Champions League via league finish,77,1,1,0,0,47,34,10,0,3,5.9519927536231885,1.0212765957446808,1.9787234042553192,3.0638297872340425,1,76,16,2,21,37,1414,239,6961100000,938500000,14000000,1176000000,4832600000,46486,786000000,25354838.70967742,15000000,0.3775115088413716,0.038398657660370865,0.16673837284343673,0.5543298038250022,0.27353689567430023,42459848.1263176,31,57727272.72727273,2.26,22.663603344925455,2.833213344056216,1.0986122886681098,20.659793415056367,16.454567959008102,46,0,5,13,20,12,3,1,2.29,3.871201010907891,1,0.7355249281724309
GER,2223,Bayern Munich,1,17,11,5,1,53,17,36,38,2.24,17,10,3,4,39,21,18,33,1.94,28,26.6,64.2,34,3060,90,67,157,87,3,5,49,3,2.65,1.97,4.62,2.56,4.53,374,155,138,2.09,92,38,54,1.59,→ Champions League via league finish,71,1,1,0,0,49,34,10,0,5,6.266493055555555,1.1428571428571428,2.4489795918367347,3.5510204081632653,1,47,12,2,4,29,1466,255,6458000000,2309000000,1640000000,203000000,2306000000,45104,903700000,36148000,30000000,0.40375576445548067,0.09298510109968074,0.23157591344448386,0.45914352108000434,0.2877060971561359,51091277.9354381,25,65000000,2.09,22.58858550943734,2.5649493574615367,1.0986122886681098,21.56008036775186,21.217962079392276,48,0,6,13,24,16,6,1,2.26,3.912023005428146,0,0.7860196605452014
GER,2324,Bayern Munich,3,17,14,1,2,53,12,41,43,2.53,17,9,2,6,41,33,8,29,1.71,30,27.4,61.3,34,3060,93,71,164,88,5,5,47,2,2.74,2.09,4.82,2.59,4.68,374,143,134,2.12,94,45,49,1.44,→ Champions League via league finish,72,1,1,0,0,49,34,12,0,3,5.828776041666667,0.9183673469387755,2.1020408163265305,3.2244897959183674,1,69,24,4,8,33,1431,240,8470600000,4009000000,568500000,315700000,3577400000,48374,926300000,29880645.16129032,30000000,0.354901393310456,0.058729896225244965,0.2064332079216108,0.5277674271207335,0.31307351829860736,44853805.76342663,31,62272727.27272727,2.12,22.859867181472175,3.2188758248682006,1.6094379124341003,22.11180767085622,20.15851187291388,48,0,5,13,20,6,3,1,2.09,3.912023005428146,1,0.7202800925513766
GER,2425,Bayern Munich,1,17,14,2,1,53,16,37,44,2.59,17,11,5,1,46,16,30,38,2.24,29,27.7,67.9,34,3060,96,66,162,87,9,10,48,1,2.82,1.94,4.76,2.56,4.5,374,150,155,2.41,99,32,67,1.97,→ Champions League via league finish,82,1,1,0,0,51,34,14,0,3,5.475625,1.0980392156862746,2.2941176470588234,3.4705882352941178,1,59,16,4,6,33,1791,300,10515500000,2773000000,2070000000,152000000,5520500000,50343,878000000,31357142.85714286,25000000,0.42603738354885484,0.10599288878294898,0.1965913831118527,0.4973560039049787,0.35876993166287013,43524799.8728721,28,59454545.45454545,2.41,23.076116196183104,2.833213344056216,1.6094379124341003,21.743195603940674,21.45081444470678,50,0,8,14,22,15,3,1,2.12,3.9512437185814275,1,0.7320684993908152
ITA,1718,Benevento,20,19,5,2,12,23,40,-17,17,0.89,19,1,1,17,10,44,-34,4,0.21,41,26,47.5,38,3420,32,23,55,30,2,3,79,NA,0.84,0.61,1.45,0.79,1.39,418,113,311,0.55,33,84,-51,-1.34,Relegated,21,0,0,0,0,39,38,0,0,1,7.391995614035088,0.6666666666666666,1.5128205128205128,2.3333333333333335,0,33,10,0,0,23,1141,145,224300000,64700000,0,0,159600000,38343,57150000,1393902.4390243902,1100000,0.26586339097097256,0.12291682966903998,0.10379991132670892,0.3907346947485222,0.2099737532808399,1641944.4227107947,41,2772727.272727273,0.55,19.22849500394875,2.3978952727983707,0,17.985271774927078,0,38,0,1,5,7,4,1,0,NA,3.6888794541139363,0,0.5921766770432374
ITA,2021,Benevento,18,19,2,7,10,19,39,-20,13,0.68,19,5,5,9,21,36,-15,20,1.05,29,28.7,42.6,38,3420,40,26,66,35,5,7,95,5,1.05,0.68,1.74,0.92,1.61,418,178,258,0.87,40,75,-35,-0.92,Relegated,33,1,0,1,0,39,38,0,0,1,6.292489035087719,0.717948717948718,1.7179487179487178,2.7435897435897436,0,40,8,1,3,28,1028,157,229150000,40700000,1600000,10400000,176450000,38525,48900000,1746428.5714285714,1350000,0.3783257624918884,0.05033095392602206,0.09741726151849449,0.4767017236342388,0.35787321063394684,2141203.11486048,28,3236363.6363636362,0.87,19.24988737328336,2.1972245773362196,0.6931471805599453,17.52173867498285,14.285514812209815,38,0,2,8,11,4,1,0,0.55,3.6888794541139363,0,0.6616077040299236
GER,2122,Bochum,13,17,8,4,5,21,17,4,28,1.65,17,4,2,11,17,35,-18,14,0.82,28,28,44.7,34,3060,37,22,59,33,4,6,55,2,1.09,0.65,1.74,0.97,1.62,374,140,155,1.24,38,52,-14,-0.41,NA,42,1,1,0,0,38,34,0,0,4,7.5675675675675675,0.6842105263157895,1.5526315789473684,2.289473684210526,0,56,8,1,16,31,1089,148,241350000,94900000,28600000,41050000,76800000,36379,41250000,1527777.7777777778,1000000,0.3584760438714643,0.11957447978229198,0.19197888891943155,0.45306397306397317,0.32727272727272727,2064950.93323071,27,2854545.4545454546,1.24,19.301758724214135,2.1972245773362196,0.6931471805599453,18.368334274117565,17.168917310755116,37,0,2,5,8,3,1,0,NA,3.6635616461296463,0,0.7233904543164907
GER,2223,Bochum,14,17,8,2,7,28,32,-4,26,1.53,17,2,3,12,12,40,-28,9,0.53,26,29.4,46.1,34,3060,37,28,65,34,3,3,64,1,1.09,0.82,1.91,1,1.82,374,157,144,1.03,40,72,-32,-0.94,NA,35,1,1,0,0,37,34,0,0,3,8.36400462962963,0.7567567567567568,1.7027027027027026,2.6216216216216215,0,37,9,0,7,21,844,103,211600000,78500000,0,12600000,120500000,36602,51400000,1976923.076923077,1200000,0.31634883339708214,0.2526911097754221,0.14485547237855856,0.39359473211613283,0.311284046692607,2365346.1559477625,26,3372727.272727273,1.03,19.170208262674315,2.302585092994046,0,18.17860919549149,0,36,0,2,4,5,3,1,0,1.24,3.6375861597263857,0,0.70131557184435
GER,2324,Bochum,16,17,5,8,4,26,29,-3,23,1.35,17,2,4,11,16,45,-29,10,0.59,25,29.1,46.6,34,3060,41,30,71,37,4,4,97,2,1.21,0.88,2.09,1.09,1.97,374,146,160,0.97,42,74,-32,-0.94,→ German 1/2 Relegation/Promotion play-offs,33,1,1,0,0,37,34,0,0,3,8.030671296296296,0.6486486486486487,1.3783783783783783,2.1621621621621623,0,29,8,0,3,18,739,84,220300000,102000000,0,6700000,111600000,37126,61400000,2558333.3333333335,1800000,0.367316705273932,0.2195496417604913,0.20220330765501265,0.41748099891422363,0.30130293159609123,3163236.00711092,24,4318181.818181818,0.97,19.210500816311836,2.1972245773362196,0,18.440483381052466,0,36,0,0,0,0,0,1,0,1.03,3.6375861597263857,0,0.732538864804634
GER,2425,Bochum,18,17,3,4,10,16,33,-17,13,0.76,17,3,3,11,17,34,-17,12,0.71,27,28,45.5,34,3060,32,23,55,31,1,3,71,2,0.94,0.68,1.62,0.91,1.59,374,154,152,0.74,33,67,-34,-1,Relegated,25,1,1,0,0,35,34,0,0,1,8,0.6,1.4285714285714286,2.1714285714285713,0,27,6,0,6,15,733,84,243400000,56400000,0,10000000,177000000,30812,48650000,1801851.851851852,1000000,0.3231208620018175,0.11560431000908737,0.16457873555757496,0.45898519279814254,0.3597122302158273,2274672.2056341683,27,3318181.8181818184,0.74,19.310216742626164,1.9459101490553132,0,17.847979734198784,0,34,0,1,1,1,1,1,0,0.97,3.58351893845611,0,0.685517651013037
ITA,1516,Bologna,14,19,5,5,9,20,21,-1,20,1.05,19,6,4,9,13,24,-11,22,1.16,31,27,45.8,38,3420,33,22,55,31,2,3,98,0,0.87,0.58,1.45,0.82,1.39,418,114,335,1.11,33,45,-12,-0.32,NA,42,0,0,0,0,39,38,0,0,1,7.233552631578948,0.6666666666666666,1.6153846153846154,2.3846153846153846,0,38,24,1,0,13,1564,206,458200000,152100000,97500000,0,208600000,37300,73500000,2370967.7419354836,1500000,0.3740214477211796,0.16284182305630027,0.16761394101876675,0.5028746982664034,0.3401360544217687,3391168.9008042896,31,4900000,1.11,19.94281633016612,3.2188758248682006,0.6931471805599453,18.840048763804145,18.395362946224484,38,0,1,5,6,2,2,0,NA,3.6888794541139363,1,0.6920752858784265
ITA,1617,Bologna,15,19,8,2,9,24,25,-1,26,1.37,19,3,6,10,16,33,-17,15,0.79,28,26.3,46.3,38,3420,39,29,68,38,1,2,87,2,1.03,0.76,1.79,1,1.76,418,114,325,1.08,40,58,-18,-0.47,NA,41,0,0,0,0,41,38,0,0,3,7.196875,0.6829268292682927,1.6341463414634145,2.3658536585365852,0,46,20,1,0,25,1068,174,458700000,111200000,10800000,0,336700000,40635,72000000,2400000,2000000,0.3816660514334933,0.21808785529715763,0.14792666420573397,0.421111111111111,0.2638888888888889,3062945.7364341086,30,4409090.909090909,1.08,19.943906961747473,3.044522437723423,0.6931471805599453,18.52684094877356,16.195056784687036,40,0,1,3,6,1,1,0,1.11,3.7376696182833684,0,0.6946887237273236
ITA,1718,Bologna,15,19,6,4,9,25,26,-1,22,1.16,19,5,2,12,15,26,-11,17,0.89,30,26.8,46.8,38,3420,37,18,55,35,2,3,101,NA,0.97,0.47,1.45,0.92,1.39,418,113,331,1.03,40,52,-12,-0.32,NA,39,0,0,0,0,39,38,0,0,1,7.392543859649122,0.6410256410256411,1.5384615384615385,2.358974358974359,0,41,18,0,0,23,961,119,379300000,175400000,0,0,203900000,38414,99200000,3306666.6666666665,1600000,0.3903785078356849,0.19401780600822616,0.19524131826938096,0.5381720430107526,0.42338709677419356,4940724.735773416,30,6800000,1.03,19.753838009295563,2.9444389791664403,0,18.98257964360361,0,38,0,0,4,5,2,1,0,1.08,3.6888794541139363,1,0.7265771670255023
ITA,1819,Bologna,10,19,9,4,6,28,22,6,31,1.63,19,2,7,10,20,34,-14,13,0.68,29,27,44.9,38,3420,45,35,80,40,5,5,94,6,1.18,0.92,2.11,1.05,1.97,418,112,339,1.16,48,56,-8,-0.21,NA,44,0,0,0,0,41,38,0,0,3,7.149479166666667,0.7317073170731707,1.4878048780487805,2.317073170731707,0,29,9,1,0,19,608,86,290450000,68250000,56000000,0,166200000,36721,97050000,3466071.4285714286,2250000,0.2947632145094088,0.21292993110209418,0.15546962228697475,0.5014903952307352,0.3400309119010819,4065315.4870510064,28,6727272.7272727275,1.16,19.486942005845748,2.302585092994046,0.6931471805599453,18.038688006681358,17.840862266556567,40,0,1,3,7,2,2,0,1.03,3.7376696182833684,1,0.604303653480555
ITA,1920,Bologna,12,19,5,8,6,25,29,-4,23,1.21,19,7,3,9,27,36,-9,24,1.26,31,27.2,52.6,38,3420,48,31,79,43,5,6,109,7,1.26,0.82,2.08,1.13,1.95,418,136,274,1.24,52,65,-13,-0.34,NA,47,0,0,1,0,40,38,0,0,2,8.974358974358974,0.925,2,2.8,0,30,20,0,0,10,876,133,572550000,359650000,0,0,212900000,39457,125450000,4181666.6666666665,2400000,0.33269128418278127,0.1509998225916821,0.15657551258331856,0.5634781453434301,0.39059386209645275,5737587.12015612,30,8954545.454545455,1.24,20.165610627570196,3.044522437723423,0,19.70064189705812,0,39,0,2,10,15,6,5,1,1.16,3.713572066704308,1,0.6407457697636275
ITA,2021,Bologna,12,19,7,5,7,33,33,0,26,1.37,19,3,6,10,18,32,-14,15,0.79,37,27.2,50.8,38,3420,49,38,87,46,3,4,82,4,1.29,1,2.29,1.21,2.21,418,172,275,1.08,51,65,-14,-0.37,NA,41,1,0,1,0,40,38,0,0,2,6.256410256410256,0.85,1.75,2.825,0,40,12,2,3,23,1384,238,961500000,278600000,32600000,32000000,618300000,39299,149250000,4389705.882352941,1750000,0.4675182574620219,0.1763658108348813,0.20125194025293264,0.5992807173120505,0.3685092127303183,7624195.27214433,34,10681818.181818182,1.08,20.68400512403315,2.5649493574615367,1.0986122886681098,19.445287622899354,17.29982287701178,39,0,1,7,9,5,2,0,1.24,3.713572066704308,1,0.7137544510092564
ITA,2122,Bologna,13,19,8,4,7,25,24,1,28,1.47,19,4,6,9,19,31,-12,18,0.95,36,26.6,50.6,38,3420,43,34,77,39,4,5,92,7,1.13,0.89,2.03,1.03,1.92,418,171,276,1.21,44,55,-11,-0.29,NA,46,1,1,0,0,39,38,0,0,1,7.3149671052631575,0.7435897435897436,1.5128205128205128,2.358974358974359,0,43,12,2,12,17,933,130,566400000,250900000,15400000,35600000,264500000,37747,151200000,5400000,2900000,0.3895673828383713,0.018756457466818557,0.19641295997032876,0.5603741496598638,0.3373015873015873,8089707.791347656,28,11454545.454545455,1.21,20.15481110210932,2.5649493574615367,1.0986122886681098,19.3405650153223,16.54987813231892,38,0,0,3,5,1,2,0,1.08,3.6888794541139363,1,0.7062443309906684
ITA,2223,Bologna,9,19,7,9,3,24,14,10,30,1.58,19,7,3,9,29,35,-6,24,1.26,27,26.6,54.7,38,3420,52,41,93,46,6,6,84,3,1.37,1.08,2.45,1.21,2.29,418,164,261,1.42,53,49,4,0.11,NA,54,1,1,0,0,41,38,0,0,3,7.499739583333334,0.7317073170731707,1.7317073170731707,2.6097560975609757,0,38,7,1,0,30,1217,161,692000000,127800000,12000000,0,552200000,40513,150300000,5566666.666666667,3500000,0.37815022338508625,0.12294818947004665,0.19213585762594723,0.478499790542372,0.2860944777112442,7668903.808654012,27,10772727.272727273,1.42,20.35509651502703,2.0794415416798357,0.6931471805599453,18.665977107732434,16.300417291085605,40,0,2,4,4,2,2,0,1.21,3.7376696182833684,0,0.7118813662041699
ITA,2324,Bologna,5,19,12,5,2,33,12,21,41,2.16,19,6,9,4,21,20,1,27,1.42,28,25.2,58.1,38,3420,52,32,84,48,4,5,85,2,1.37,0.84,2.21,1.26,2.11,418,174,284,1.79,54,32,22,0.58,→ Champions League via league finish,68,1,1,0,0,42,38,0,0,4,6.9994918699187,0.7619047619047619,1.5476190476190477,2.4285714285714284,0,26,15,1,0,10,812,123,1926700000,906700000,60000000,0,960000000,42072,308400000,11014285.714285715,8500000,0.37347879825061797,0.08996482220954555,0.19801768397033656,0.48487585695756885,0.33722438391699094,15251965.677885529,28,20818181.818181816,1.79,21.379074532370012,2.772588722239781,0.6931471805599453,20.625322193719185,17.909855136853043,41,0,3,6,7,4,1,0,1.42,3.7612001156935624,0,0.7326271723001783
ITA,2425,Bologna,9,19,10,7,2,33,18,15,37,1.95,19,6,7,6,24,29,-5,25,1.32,30,26.4,58.1,38,3420,56,43,99,50,6,7,61,4,1.47,1.13,2.61,1.32,2.45,418,185,335,1.63,57,47,10,0.26,→ Europa League via cup win,62,1,1,0,0,51,38,8,0,5,5.579583333333333,0.9215686274509803,2.1176470588235294,3.2745098039215685,1,51,21,1,0,29,1153,198,1966200000,1074200000,0,0,892000000,46239,330000000,11000000,8000000,0.434157313090681,0.1686238889249335,0.1585890698328251,0.4773535353535352,0.296969696969697,15623058.457146564,30,21727272.727272727,1.63,21.399368583405693,3.091042453358316,0.6931471805599453,20.794842036366557,0,50,0,4,12,22,7,4,1,1.79,3.9512437185814275,0,0.7190528997013064
FRA,1516,Bordeaux,11,19,8,7,4,27,20,7,31,1.63,19,4,7,8,23,37,-14,19,1,35,24.9,50.8,38,3420,48,33,81,47,1,2,86,0,1.26,0.87,2.13,1.24,2.11,418,114,151,1.32,50,57,-7,-0.18,NA,50,0,0,0,0,54,38,10,0,6,5.453223270440252,1.0740740740740742,2.2777777777777777,3.388888888888889,1,25,9,1,0,15,1494,247,632500000,139000000,184000000,0,309500000,47637,87400000,2570588.2352941176,1625000,0.23280223355794866,0.09477926821588262,0.10945273631840796,0.4927648404899718,0.2974828375286041,2940760.3333543255,34,5500000,1.32,20.265190780146977,2.302585092994046,0.6931471805599453,18.749984498289212,19.030446321008043,53,0,9,20,24,15,5,1,NA,4.007333185232471,1,0.5346836969735137
FRA,1617,Bordeaux,6,19,9,6,4,27,19,8,33,1.74,19,6,8,5,26,24,2,26,1.37,27,25.9,48.3,38,3420,51,35,86,47,4,7,67,1,1.34,0.92,2.26,1.24,2.16,418,106,160,1.55,53,43,10,0.26,→ Europa League via league finish,59,0,0,0,0,46,38,0,0,8,6.225925925925925,0.8695652173913043,1.934782608695652,2.9782608695652173,0,18,7,2,0,9,736,95,200600000,140500000,11000000,0,49100000,41036,73950000,2958000,2000000,0.33158689930792473,0.22182961302271176,0.16271079052539233,0.4069776876267748,0.32454361054766734,3571825.957695682,25,5045454.545454546,1.55,19.116823438477155,2.0794415416798357,1.0986122886681098,18.760718053855513,16.213405921671733,45,0,4,13,17,9,3,1,1.32,3.8501476017100584,0,0.7079294690928378
FRA,1718,Bordeaux,6,19,9,4,6,27,23,4,31,1.63,19,7,3,9,26,25,1,24,1.26,31,25.1,50.6,38,3420,52,36,88,48,4,6,74,2,1.37,0.95,2.32,1.26,2.21,418,112,153,1.45,53,48,5,0.13,"→ Europa League via league finish 2 2. Since League Cup winners Paris Saint-Germain qualified for Champions League, all Europa League berths were awarded based on league position.",55,0,0,0,0,42,38,2,0,2,7.220020325203252,0.6904761904761905,1.5238095238095237,2.3095238095238093,1,6,1,1,0,4,654,99,317750000,21000000,120000000,0,176750000,38447,143800000,5325925.925925926,4000000,0.34114495279215545,0.058418082035009235,0.15590293130803443,0.5131870396126308,0.4172461752433936,7884515.046687648,27,9954545.454545455,1.45,19.576775471180966,0.6931471805599453,0.6931471805599453,16.860033043306743,18.603002309079653,41,0,3,5,7,2,1,0,1.55,3.7612001156935624,1,0.7920517398499006
FRA,1819,Bordeaux,14,19,7,6,6,24,21,3,27,1.42,19,3,5,11,10,21,-11,14,0.74,33,25.3,50.1,38,3420,34,26,60,29,5,6,74,5,0.89,0.68,1.58,0.76,1.45,418,110,156,1.08,34,42,-8,-0.21,NA,41,0,0,0,0,54,38,12,0,4,5.700733752620545,0.9629629629629629,2.0555555555555554,3.2037037037037037,1,5,0,1,0,4,190,26,73750000,0,250000,0,73500000,45320,150750000,5025000,4500000,0.38823918799646956,0.07844218887908208,0.15920123565754635,0.4349695964621336,0.26533996683250416,6978267.872903795,30,9227272.727272727,1.08,18.116191566743524,0,0.6931471805599453,0,12.429220196836383,53,0,11,16,20,12,4,1,1.45,4.007333185232471,0,0.7562654837629729
FRA,1920,Bordeaux,12,13,4,5,4,19,12,7,17,1.31,15,5,5,5,21,22,-1,20,1.33,26,26.9,53.6,28,2520,40,29,69,38,2,2,55,0,1.43,1.04,2.46,1.36,2.39,308,84,111,1.32,40,34,6,0.21,NA,37,0,0,1,0,42,38,0,0,4,7.025735294117647,0.6428571428571429,1.3571428571428572,2.0476190476190474,0,10,2,2,0,6,450,43,316500000,31500000,37500000,0,247500000,31822,121950000,4690384.615384615,4000000,0.24102821947080635,0.13801772358745523,0.084407014015461,0.3673794430251993,0.26650266502665027,5265858.525548363,26,7672727.2727272725,1.32,19.57283380270806,1.0986122886681098,1.0986122886681098,17.265498135541893,17.439851517607305,34,0,4,7,8,3,1,0,1.08,3.7612001156935624,0,0.6863085756046445
FRA,2021,Bordeaux,12,19,7,4,8,19,21,-2,25,1.32,19,6,2,11,23,35,-12,20,1.05,28,27.6,49.8,38,3420,41,32,73,37,4,4,78,4,1.08,0.84,1.92,0.97,1.82,418,169,172,1.18,42,56,-14,-0.37,NA,45,1,0,1,0,39,38,0,0,1,7.239035087719298,0.5897435897435898,1.5128205128205128,2.5128205128205128,0,11,4,2,0,5,695,72,278700000,60700000,32000000,0,186000000,38470,103400000,3446666.6666666665,2900000,0.36415388614504807,0.11203535222251104,0.15937093839355343,0.43571889103803985,0.2611218568665377,4607031.453080323,30,6545454.545454546,1.18,19.445646496040265,1.6094379124341003,1.0986122886681098,17.921454272504192,17.281246492014,38,0,0,4,6,3,2,0,1.32,3.6888794541139363,0,0.7038520275539382
FRA,2122,Bordeaux,20,19,3,7,9,25,33,-8,16,0.84,19,3,6,10,27,58,-31,15,0.79,39,25.7,47.4,38,3420,50,39,89,48,2,4,91,5,1.32,1.03,2.34,1.26,2.29,418,182,160,0.82,52,91,-39,-1.03,Relegated 3 3. Bordeaux were administratively relegated to Championnat National due to financial difficulties.,31,1,1,0,0,40,38,0,0,2,7.339743589743589,0.6,1.6,2.375,0,9,1,0,0,8,539,73,345000000,3000000,0,0,342000000,36578,88550000,2159756.0975609757,1000000,0.44988791076603424,0.021242276778391384,0.1737929903220515,0.5588409469639586,0.2540937323546019,3569648.422549073,41,5500000,0.82,19.659054977894186,0.6931471805599453,0,14.914123179965662,0,39,0,0,3,6,1,1,0,1.18,3.713572066704308,1,0.6490269859180133
ENG,1516,Bournemouth,16,19,5,5,9,23,34,-11,20,1.05,19,6,4,9,22,33,-11,22,1.16,28,27.7,51.2,38,3420,43,28,71,40,3,4,53,0,1.13,0.74,1.87,1.05,1.79,418,109,157,1.11,45,67,-22,-0.58,NA,42,0,0,0,0,44,38,0,0,6,6.586240310077519,0.8409090909090909,1.8636363636363635,2.8181818181818183,0,16,5,3,0,8,1521,242,1135250000,124000000,920000000,0,91250000,43817,95750000,3191666.6666666665,2000000,0.1536618207545017,0.15407262021589793,0.045849784330282764,0.48311575282854635,0.3342036553524804,2658100.737156811,30,6363636.363636363,1.11,20.850118728823198,1.791759469228055,1.3862943611198906,18.635792131633828,20.639884229094317,43,0,1,7,12,5,2,0,NA,3.8066624897703196,0,0.41770154441035606
ENG,1617,Bournemouth,9,19,9,4,6,35,29,6,31,1.63,19,3,6,10,20,38,-18,15,0.79,27,27,51.5,38,3420,53,33,86,46,7,10,56,2,1.39,0.87,2.26,1.21,2.08,418,110,156,1.21,55,67,-12,-0.32,NA,46,0,0,0,0,41,38,0,0,3,7.0015625,0.7073170731707317,1.7073170731707317,2.5609756097560976,0,21,9,1,0,11,1234,177,979500000,107000000,330000000,0,542500000,40876,129500000,4625000,3500000,0.2477737547705255,0.15378217046677758,0.12188081025540659,0.419746276889134,0.29343629343629346,5041093.795870437,28,8181818.181818182,1.21,20.702552796369798,2.302585092994046,0.6931471805599453,18.488339401771974,19.6146032154551,40,0,2,6,9,4,2,0,1.11,3.7376696182833684,0,0.6161336861619423
ENG,1718,Bournemouth,12,19,7,5,7,26,30,-4,26,1.37,19,4,6,9,19,31,-12,18,0.95,22,26.9,48.1,38,3420,45,36,81,42,3,3,57,NA,1.18,0.95,2.13,1.11,2.05,418,109,157,1.16,45,61,-16,-0.42,NA,44,0,0,0,0,44,38,0,0,6,6.372093023255814,0.8863636363636364,1.9545454545454546,3.0681818181818183,0,13,5,0,2,6,895,137,519000000,114500000,0,38000000,366500000,40467,124250000,5402173.9130434785,4000000,0.2535893444040823,0.1130303704252848,0.13576494427558258,0.41518677281077765,0.32193158953722334,6454950.947685769,23,8772727.272727273,1.16,20.067414443056943,1.791759469228055,0,18.556085389692193,0,43,1,4,9,15,8,4,1,1.21,3.8066624897703196,0,0.7357975173527819
ENG,1819,Bournemouth,14,19,8,5,6,30,25,5,29,1.53,19,5,1,13,26,45,-19,16,0.84,28,26.6,46.9,38,3420,55,43,98,48,7,9,60,1,1.45,1.13,2.58,1.26,2.39,418,104,162,1.18,56,70,-14,-0.37,NA,45,0,0,0,0,43,38,0,0,5,6.523809523809524,0.9069767441860465,1.9069767441860466,2.883720930232558,0,45,17,6,1,21,1996,220,2479000000,687500000,738000000,20000000,1033500000,40342,292250000,11240384.615384616,7500000,0.3847355113777205,0.1499429874572406,0.2120370829408557,0.4987497532407712,0.30795551753635586,15662485.74686431,26,21636363.636363637,1.18,21.631121090402853,2.8903717578961645,1.9459101490553132,20.348572388959546,20.41945438391976,42,0,4,9,12,7,3,1,1.16,3.784189633918261,1,0.7238964000651571
ENG,1920,Bournemouth,18,19,5,6,8,22,30,-8,21,1.11,19,4,1,14,18,35,-17,13,0.68,27,25.2,44.1,38,3420,38,24,62,34,4,4,78,3,1,0.63,1.63,0.89,1.53,418,108,176,0.89,40,65,-25,-0.66,Relegated,34,0,0,1,0,42,38,0,0,4,8.561991869918698,0.8571428571428571,1.9523809523809523,2.8333333333333335,0,48,20,7,2,19,2373,204,2448600000,844100000,40500000,24500000,1539500000,41756,270150000,9648214.285714285,8000000,0.3513986013986014,0.0723488839927196,0.14697289012357506,0.46990428597868905,0.2813251897094207,13024118.689529648,28,18363636.363636363,0.89,21.618782270012485,3.044522437723423,2.0794415416798357,20.553781530138643,17.516812556768127,41,1,5,10,13,6,3,1,1.18,3.7612001156935624,0,0.7092341860634958
ENG,2223,Bournemouth,15,19,6,4,9,20,28,-8,22,1.16,19,5,2,12,17,43,-26,17,0.89,31,26.3,40.4,38,3420,37,24,61,37,0,0,68,0,0.97,0.63,1.61,0.97,1.61,418,141,201,1.03,37,71,-34,-0.89,NA,39,1,1,0,0,42,38,0,0,4,7.196646341463414,0.8333333333333334,1.8333333333333333,2.7142857142857144,0,20,8,1,0,11,2174,201,1725000000,677500000,12000000,0,1035500000,41787,285050000,8383823.529411765,5000000,0.38243951468159953,0.10388398305693158,0.104362600808864,0.5197385391623761,0.24206279600070163,11548267.403738005,34,18727272.727272727,1.03,21.268492888009444,2.1972245773362196,0.6931471805599453,20.333920112194146,16.300417291085605,41,0,2,6,11,6,2,0,0.89,3.7612001156935624,1,0.616655055539408
ENG,2324,Bournemouth,12,19,7,6,6,27,28,-1,27,1.42,19,6,3,10,27,39,-12,21,1.11,30,25.7,44.4,38,3420,52,39,91,50,2,3,79,3,1.37,1.03,2.39,1.32,2.34,418,170,171,1.26,54,67,-13,-0.34,NA,48,1,1,0,0,44,38,0,0,6,6.535852713178294,0.7954545454545454,1.7272727272727273,2.5681818181818183,0,24,9,1,2,12,1056,177,2693000000,1264000000,100000000,81000000,1248000000,43834,396900000,12803225.806451613,14000000,0.4054158872108409,0.1543094401606059,0.22687867865127526,0.4085371305033363,0.23683547493071302,16998348.31409408,31,22636363.636363637,1.26,21.713921651147206,2.302585092994046,0.6931471805599453,20.957547133462217,18.420680753952364,43,0,4,11,14,5,1,0,1.03,3.8066624897703196,0,0.7509310500202204
ENG,2425,Bournemouth,9,19,8,4,7,23,16,7,28,1.47,19,7,7,5,35,30,5,28,1.47,29,25.1,48.5,38,3420,57,41,98,51,6,7,97,3,1.5,1.08,2.58,1.34,2.42,418,162,180,1.47,58,46,12,0.32,NA,56,1,1,0,0,43,38,0,0,5,6.691468253968254,0.7906976744186046,1.6744186046511629,2.697674418604651,0,28,14,1,1,12,1688,217,3245250000,1662250000,310000000,20000000,1253000000,NA,NA,NA,NA,NA,NA,NA,NA,NA,NA,NA,NA,1.47,21.900458226045522,2.70805020110221,0.6931471805599453,21.231437943848434,19.552082858669273,42,0,3,8,10,4,1,0,1.26,3.784189633918261,NA,NA
ENG,2122,Brentford,13,19,7,3,9,22,21,1,24,1.26,19,6,4,9,26,35,-9,22,1.16,29,25.4,44.8,38,3420,46,33,79,40,6,6,65,3,1.21,0.87,2.08,1.05,1.92,418,114,223,1.21,48,56,-8,-0.21,NA,46,1,1,0,0,44,38,0,0,6,6.554263565891473,0.7727272727272727,1.8409090909090908,2.75,0,11,3,0,1,7,622,100,886800000,136800000,0,5000000,745000000,43105,267300000,9546428.57142857,8000000,0.3984456559563856,0.05243011251594942,0.1953601670339868,0.4856902356902355,0.2955480733258511,13826235.935506321,28,18454545.454545453,1.21,20.60313003683408,1.3862943611198906,0,18.734030570462664,0,43,0,4,10,13,6,2,0,NA,3.8066624897703196,0,0.7492049029092096
ENG,2223,Brentford,9,19,10,7,2,35,18,17,37,1.95,19,5,7,7,23,28,-5,22,1.16,25,26.2,43.8,38,3420,56,36,92,49,7,8,57,1,1.47,0.95,2.42,1.29,2.24,418,171,171,1.55,58,46,12,0.32,NA,59,1,1,0,0,41,38,0,0,3,7.352604166666667,0.9024390243902439,1.7317073170731707,2.6341463414634148,0,10,4,0,0,6,490,76,784500000,179000000,0,0,605500000,40669,364900000,13514814.814814815,13000000,0.3824780545378544,0.14674567852664192,0.23546189972706483,0.4517929823492992,0.2740476842970677,19181698.591064446,27,24545454.545454547,1.55,20.48055713141206,1.6094379124341003,0,19.00289636939162,0,40,0,4,7,11,7,2,0,1.21,3.7376696182833684,0,0.7814766092655885
ENG,2324,Brentford,16,19,5,7,7,29,34,-5,22,1.16,19,5,2,12,27,31,-4,17,0.89,28,26.6,45.2,38,3420,54,38,92,51,3,3,89,2,1.42,1,2.42,1.34,2.34,418,170,172,1.03,56,65,-9,-0.24,NA,39,1,1,0,0,42,38,0,0,4,6.83130081300813,0.7380952380952381,1.5952380952380953,2.5476190476190474,0,20,6,0,0,14,2768,417,7214500000,3220000000,0,0,3994500000,42137,419400000,13980000,12000000,0.3774355079858557,0.10494339891306928,0.10427889977929136,0.46873311079319646,0.28135431568907965,17998908.32285165,30,26909090.90909091,1.03,22.699358726840195,1.9459101490553132,0,21.892647196813286,0,41,0,3,5,9,3,1,0,1.55,3.7612001156935624,0,0.6688783498357032
ENG,2425,Brentford,10,19,9,4,6,40,35,5,31,1.63,19,7,4,8,26,22,4,25,1.32,28,25.8,47.9,38,3420,65,44,109,60,5,6,62,1,1.71,1.16,2.87,1.58,2.74,418,142,200,1.47,66,57,9,0.24,NA,56,1,1,0,0,43,38,0,0,5,6.6686507936507935,0.813953488372093,1.7674418604651163,2.697674418604651,0,32,9,1,1,21,1860,262,3497250000,534425000,1200000,28000000,2933625000,NA,NA,NA,NA,NA,NA,NA,NA,NA,NA,NA,NA,1.47,21.975242782606752,2.302585092994046,0.6931471805599453,20.09670196240079,13.997832948091215,42,0,5,10,13,5,1,0,1.03,3.784189633918261,NA,NA
ITA,1920,Brescia,19,19,3,5,11,21,34,-13,14,0.74,19,3,2,14,14,45,-31,11,0.58,32,25.6,40.6,38,3420,34,22,56,30,4,4,95,6,0.89,0.58,1.47,0.79,1.37,418,121,235,0.66,35,79,-44,-1.16,Relegated,25,0,0,1,0,39,38,0,0,1,9.18421052631579,0.7948717948717948,1.8974358974358974,2.717948717948718,0,36,7,0,0,29,1022,144,393900000,60400000,0,0,333500000,38681,82900000,2674193.5483870967,1400000,0.3444068147152349,0.12644450763940954,0.16403402187120292,0.6502587649324876,0.5247285886610374,4590115.302086296,31,6136363.636363637,0.66,19.79160763047985,2.0794415416798357,0,17.916499679461335,0,38,0,3,8,9,4,5,1,NA,3.6888794541139363,1,0.7480187899696185
FRA,1920,Brest,14,14,6,6,2,21,11,10,24,1.71,14,2,4,8,13,26,-13,10,0.71,24,26.1,49.8,28,2520,32,27,59,31,1,5,45,2,1.14,0.96,2.11,1.11,2.07,308,82,114,1.21,34,37,-3,-0.11,NA,34,0,0,1,0,42,38,0,0,4,7.0306372549019605,0.6904761904761905,1.380952380952381,2.142857142857143,0,16,4,0,0,12,227,33,108950000,70000000,0,0,38950000,32296,46550000,1939583.3333333333,1650000,0.3671971761208818,0.08555239038890265,0.18649368342828834,0.45506623702112425,0.4146079484425349,2467134.4748575673,24,3236363.6363636362,1.21,18.506399628533426,1.6094379124341003,0,18.064005814299346,0,34,0,2,7,10,5,1,0,NA,3.7612001156935624,0,0.7623168321189113
FRA,2021,Brest,17,19,8,4,7,32,33,-1,28,1.47,19,3,4,12,18,33,-15,13,0.68,26,24.9,49.3,38,3420,48,31,79,45,3,4,62,4,1.26,0.82,2.08,1.18,2,418,146,194,1.08,50,66,-16,-0.42,NA,41,1,0,1,0,40,38,0,0,2,7.006410256410256,0.75,1.675,2.625,0,5,1,2,0,2,378,27,72500000,13000000,8000000,0,51500000,39523,99125000,3965000,2500000,0.36998709612124586,0.13164486501530753,0.16633352731321002,0.49085498108448933,0.36317780580075665,5027623.78868001,25,7227272.7272727275,1.08,18.099097133618006,0.6931471805599453,1.0986122886681098,16.380459992348886,15.894952224644102,39,0,0,7,9,5,2,0,1.21,3.713572066704308,1,0.6956460588110704
FRA,2122,Brest,11,19,7,4,8,28,29,-1,25,1.32,19,6,5,8,21,28,-7,23,1.21,25,25.4,43.9,38,3420,48,32,80,41,7,8,59,2,1.26,0.84,2.11,1.08,1.92,418,146,185,1.26,49,57,-8,-0.21,NA,48,1,1,0,0,41,38,0,0,3,7.179166666666666,0.7073170731707317,1.6097560975609757,2.4878048780487805,0,11,5,0,1,5,257,39,163000000,124000000,0,3000000,36000000,40459,102300000,3934615.3846153845,3500000,0.3250451073926691,0.10699720704911145,0.1731135223312489,0.41826453116775686,0.3128054740957967,5116673.669640871,26,6636363.636363637,1.26,18.909260764906005,1.791759469228055,0,18.635792131633828,0,40,0,1,4,6,2,1,0,1.08,3.7376696182833684,0,0.7710056214527339
FRA,2223,Brest,14,19,7,5,7,24,26,-2,26,1.37,19,4,6,9,20,28,-8,18,0.95,29,26.6,44.9,38,3420,43,28,71,36,7,8,63,2,1.13,0.74,1.87,0.95,1.68,418,160,167,1.16,44,54,-10,-0.26,NA,44,1,1,0,0,40,38,0,0,2,7.698717948717949,0.775,1.85,2.6,0,14,4,2,0,8,405,59,198300000,61500000,7600000,0,129200000,37254,67200000,2800000,2250000,0.40806356364417246,0.02893649004133784,0.2252912438932732,0.39223710317460303,0.2976190476190476,3828072.1533258175,24,4545454.545454546,1.16,19.10529159853289,1.6094379124341003,1.0986122886681098,17.93454774903691,15.843658936835498,39,0,0,2,7,1,1,0,1.26,3.713572066704308,0,0.8421758737316798
FRA,2324,Brest,3,17,8,7,2,25,14,11,31,1.82,17,9,3,5,28,20,8,30,1.76,25,27,53.6,34,3060,51,33,84,47,4,4,84,5,1.5,0.97,2.47,1.38,2.35,374,155,145,1.79,53,34,19,0.56,→ Champions League via league finish,61,1,1,0,1,37,34,0,0,3,7.787037037037037,0.6216216216216216,1.4594594594594594,2.2162162162162162,0,10,5,2,1,2,330,29,176700000,48700000,110000000,7000000,11000000,36444,111100000,4629166.666666667,3500000,0.4535177258259247,0.020606958621446604,0.22343870047195696,0.474159915991599,0.30603060306030605,7035218.417297772,24,8363636.363636363,1.79,18.989963942949235,1.791759469228055,1.0986122886681098,17.7011896085867,18.5159909328476,36,0,1,3,4,2,1,0,1.16,3.6375861597263857,0,0.8411674194595162
FRA,2425,Brest,9,17,10,3,4,31,21,10,33,1.94,17,5,2,10,21,38,-17,17,1,30,28.2,48.4,34,3060,52,32,84,45,7,9,69,3,1.53,0.94,2.47,1.32,2.26,374,147,152,1.47,52,59,-7,-0.21,NA,50,1,1,0,1,48,34,10,0,4,5.8120567375886525,0.8958333333333334,2.125,3.3541666666666665,1,32,16,1,0,15,1152,191,949400000,261800000,12000000,0,675600000,47455,109150000,3638333.3333333335,3000000,0.24956274365188072,0.052028237277420716,0.11638394268254136,0.42554588486791856,0.24736601007787448,4479629.122326414,30,6727272.7272727275,1.47,20.67134076513479,2.833213344056216,0.6931471805599453,19.383091415259784,16.300417291085605,47,0,2,9,16,6,5,1,1.79,3.8918202981106265,0,0.6658908154809534
ENG,1718,Brighton,15,19,7,8,4,24,25,-1,29,1.53,19,2,5,12,10,29,-19,11,0.58,24,27.5,43.7,38,3420,33,25,58,28,5,7,54,NA,0.87,0.66,1.53,0.74,1.39,418,101,165,1.05,34,54,-20,-0.53,NA,40,0,0,0,0,44,38,0,0,6,6.369670542635659,0.8863636363636364,1.8863636363636365,2.8863636363636362,0,10,3,1,0,6,716,60,271000000,205000000,0,0,66000000,43864,143450000,4781666.666666667,2750000,0.439882363669524,0.09365310961152654,0.13598850993981398,0.5027187173231089,0.3067270826071802,7023407.577968266,30,9818181.818181818,1.05,19.417629382534013,1.3862943611198906,0.6931471805599453,19.138520541980732,0,43,1,3,7,11,6,2,0,NA,3.8066624897703196,1,0.7153470681263975
ENG,1819,Brighton,17,19,6,5,8,19,28,-9,23,1.21,19,3,4,12,16,32,-16,13,0.68,21,27.4,42.4,38,3420,35,24,59,30,5,6,62,4,0.92,0.63,1.55,0.79,1.42,418,99,167,0.95,35,60,-25,-0.66,NA,36,0,0,0,0,45,38,0,0,7,6.2272727272727275,0.9111111111111111,1.9111111111111112,3,0,31,8,3,2,18,1586,210,1834250000,488000000,24750000,19000000,1302500000,42835,167500000,7282608.695652174,8000000,0.31527956110657174,0.09615968250262635,0.15354266370958328,0.3824789097988319,0.26865671641791045,8897023.462122096,23,11636363.636363637,0.95,21.32990151610356,2.1972245773362196,1.3862943611198906,20.005825965866602,17.024336087383013,44,0,4,9,15,7,2,0,1.05,3.828641396489095,0,0.7645879537761175
ENG,1920,Brighton,15,19,5,7,7,20,27,-7,22,1.16,19,4,7,8,19,27,-8,19,1,25,26.4,52.2,38,3420,35,24,59,34,1,2,59,2,0.92,0.63,1.55,0.89,1.53,418,128,155,1.08,39,54,-15,-0.39,NA,41,0,0,1,0,41,38,0,0,3,8.776041666666666,0.7804878048780488,1.829268292682927,2.7560975609756095,0,27,16,6,0,5,975,125,668500000,362000000,200900000,0,105600000,40387,184025000,6572321.428571428,5650000,0.3824745586451086,0.08690915393567238,0.22073934681952112,0.4107215634521706,0.2554000815106643,8941730.012132617,28,11727272.727272727,1.08,20.320546956002158,2.833213344056216,1.9459101490553132,19.707154772552474,19.118317834762763,40,0,4,8,11,4,2,0,0.95,3.7376696182833684,0,0.762473101809758
ENG,2021,Brighton,16,19,4,9,6,22,22,0,21,1.11,19,5,5,9,18,24,-6,20,1.05,27,25.8,51.1,38,3420,39,24,63,33,6,9,49,6,1.03,0.63,1.66,0.87,1.5,418,108,208,1.08,40,46,-6,-0.16,NA,41,1,0,1,0,44,38,0,0,6,5.833091085271318,0.8636363636363636,2.022727272727273,3.1136363636363638,0,33,17,5,1,10,1023,157,1497600000,1007000000,193600000,24000000,273000000,41952,254000000,7937500,5500000,0.47590102974828374,0.024075133485888633,0.2410373760488177,0.5319635826771654,0.30708661417322836,13642279.271548437,32,17090909.09090909,1.08,21.127129664355337,2.8903717578961645,1.791759469228055,20.730241451675884,19.08130473797204,43,0,9,13,17,8,3,1,1.08,3.8066624897703196,1,0.7982184680161319
ENG,2122,Brighton,9,19,5,7,7,19,23,-4,22,1.16,19,7,8,4,23,21,2,29,1.53,26,26.2,54.4,38,3420,40,30,70,36,4,7,72,2,1.05,0.79,1.84,0.95,1.74,418,111,231,1.34,42,44,-2,-0.05,NA,51,1,1,0,0,43,38,0,0,5,6.691468253968254,0.7441860465116279,1.7906976744186047,2.511627906976744,0,39,14,2,9,14,1594,245,2712200000,687000000,1074000000,99200000,852000000,42500,293200000,9162500,6000000,0.4229176470588235,0.026705882352941177,0.1968470588235294,0.5264324693042293,0.2830832196452933,14750221.176470589,32,19818181.818181816,1.34,21.721025950986824,2.70805020110221,1.0986122886681098,20.34784485164223,20.794655833964182,42,0,3,6,10,5,1,0,1.08,3.784189633918261,1,0.7442772153264977
ENG,2223,Brighton,6,19,10,4,5,37,21,16,34,1.79,19,8,4,7,35,32,3,28,1.47,29,26.3,60.2,38,3420,68,46,114,62,6,6,58,0,1.79,1.21,3,1.63,2.84,418,143,199,1.63,72,53,19,0.5,→ Europa League via league finish,62,1,1,0,0,46,38,0,0,8,6.535648148148148,0.9565217391304348,2.0652173913043477,3,0,16,5,1,0,10,506,89,1120000000,285000000,110000000,0,725000000,45870,503700000,15740625,10000000,0.42574667538696315,0.024438630913451057,0.18129496402877698,0.566405474488783,0.3474290252134207,26176786.025724873,32,35454545.45454545,1.63,20.83659452314627,1.791759469228055,0.6931471805599453,19.467999741741696,18.5159909328476,45,0,3,9,18,7,2,0,1.34,3.8501476017100584,1,0.7383196058537785
ENG,2324,Brighton,11,19,8,6,5,30,27,3,30,1.58,19,4,6,9,25,35,-10,18,0.95,30,25.9,59.8,38,3420,50,36,86,45,5,6,90,3,1.32,0.95,2.26,1.18,2.13,418,176,166,1.26,55,62,-7,-0.18,NA,48,1,1,0,0,50,38,8,0,4,5.735544217687075,0.98,2.1,3.06,1,26,12,2,1,11,1948,331,7192300000,1968000000,680000000,3300000,4541000000,49132,482250000,15070312.5,14000000,0.2899128877310103,0.044980867866156474,0.13292762354473664,0.48611651114567134,0.2903058579574909,19186069.160628513,32,29545454.545454547,1.26,22.696276846399265,2.5649493574615367,1.0986122886681098,21.400283636084602,20.337603357605015,49,0,12,16,19,8,4,1,1.63,3.9318256327243257,1,0.6493746485135804
ENG,2425,Brighton,8,19,8,8,3,30,26,4,32,1.68,19,8,5,6,36,33,3,29,1.53,32,24.8,52.3,38,3420,64,41,105,57,7,7,78,3,1.68,1.08,2.76,1.5,2.58,418,184,158,1.61,66,59,7,0.18,NA,61,1,1,0,0,45,38,0,0,7,6.387310606060606,0.8222222222222222,1.7333333333333334,2.688888888888889,0,42,15,1,2,24,2089,327,5492500000,1327000000,175000000,26000000,3964500000,NA,NA,NA,NA,NA,NA,NA,NA,NA,NA,NA,NA,1.61,22.426649362405104,2.772588722239781,0.6931471805599453,21.00618659305006,18.980296537602072,44,0,4,7,9,3,1,0,1.26,3.828641396489095,NA,NA
ENG,1617,Burnley,16,19,10,3,6,26,20,6,33,1.74,19,1,4,14,13,35,-22,7,0.37,27,27.7,40.3,38,3420,39,24,63,33,6,6,67,1,1.03,0.63,1.66,0.87,1.5,418,105,161,1.05,39,55,-16,-0.42,NA,40,0,0,0,0,43,38,0,0,5,6.690476190476191,0.813953488372093,1.697674418604651,2.7906976744186047,0,5,2,1,0,2,659,90,144000000,66000000,40000000,0,38000000,42814,103925000,3464166.6666666665,2500000,0.3271826972485636,0.0851357032746298,0.15688793385341243,0.5179616710768984,0.3656483040654318,5023484.724622787,30,7045454.545454546,1.05,18.78532386448472,1.0986122886681098,0.6931471805599453,18.005165315142214,17.50439003707821,42,0,2,5,8,5,1,0,NA,3.784189633918261,1,0.7130107351077504
ENG,1718,Burnley,7,19,7,5,7,16,17,-1,26,1.37,19,7,7,5,20,22,-2,28,1.47,24,27.5,43.7,38,3420,35,26,61,35,0,0,65,NA,0.92,0.68,1.61,0.92,1.61,418,83,183,1.42,36,39,-3,-0.08,"→ Europa League via league finish 2 2. Since EFL Cup winners Manchester City qualified for Champions League, all Europa League berths were awarded based on league position.",54,0,0,0,0,41,38,0,0,3,6.85,0.8048780487804879,1.853658536585366,2.707317073170732,0,17,3,2,0,12,1501,207,1531500000,141000000,200000000,0,1190500000,39574,154000000,7000000,5500000,0.33223833830292615,0.18009299034719767,0.21049173699903978,0.3677685950413223,0.3116883116883117,8723998.079547178,22,10818181.818181818,1.42,21.149513484890058,1.3862943611198906,1.0986122886681098,18.76427045543464,19.11382792951231,40,0,5,8,11,6,2,0,1.05,3.7376696182833684,0,0.8064199905463778
ENG,1819,Burnley,15,19,7,2,10,24,32,-8,23,1.21,19,4,5,10,21,36,-15,17,0.89,23,28,41.2,38,3420,43,32,75,41,2,2,75,1,1.13,0.84,1.97,1.08,1.92,418,86,180,1.05,45,68,-23,-0.61,NA,40,0,0,0,0,47,38,6,0,3,6.300045289855072,0.8723404255319149,1.9361702127659575,2.9148936170212765,1,31,12,8,2,9,1052,140,959000000,222500000,72500000,12000000,652000000,40589,192000000,8000000,7500000,0.3268126832393013,0.14848850673827885,0.19318041833994432,0.3311631944444444,0.265625,9621276.700583901,24,12181818.181818182,1.05,20.681401633890466,2.5649493574615367,2.1972245773362196,19.22043766406495,18.099097133618006,46,0,6,10,13,7,4,1,1.42,3.871201010907891,0,0.7898062963165889
ENG,1920,Burnley,10,19,8,4,7,24,23,1,28,1.47,19,7,5,7,19,27,-8,26,1.37,22,28,41.9,38,3420,41,30,71,38,3,3,67,0,1.08,0.79,1.87,1,1.79,418,74,206,1.42,43,50,-7,-0.18,NA,54,0,0,1,0,41,38,0,0,3,8.776041666666668,0.8536585365853658,1.9024390243902438,2.7560975609756095,0,39,23,2,4,10,1505,152,1098900000,467300000,18800000,14400000,598400000,40590,162100000,7047826.0869565215,5500000,0.38977580684897756,0.19595959595959597,0.23737373737373738,0.3642947187726311,0.32387415175817397,9000054.200542005,23,10818181.818181818,1.42,20.817575517327153,3.1780538303479458,1.0986122886681098,19.962482009810607,16.749367480991666,40,0,6,11,13,8,2,0,1.05,3.7376696182833684,0,0.8319377832433785
ENG,2021,Burnley,17,19,4,6,9,14,27,-13,18,0.95,19,6,3,10,19,28,-9,21,1.11,25,28.3,42.1,38,3420,32,20,52,29,3,3,48,0,0.84,0.53,1.37,0.76,1.29,418,81,235,1.03,33,55,-22,-0.58,NA,39,1,0,1,0,44,38,0,0,6,5.765988372093023,1.0454545454545454,2.227272727272727,3.2045454545454546,0,42,18,5,0,19,968,129,725400000,330500000,20500000,0,374400000,43890,124650000,4616666.666666667,3000000,0.4270676691729323,0.03928001822738665,0.22601959444064706,0.6070033129800478,0.49739269955876453,7900067.213488266,27,9500000,1.03,20.402233786191626,2.9444389791664403,1.791759469228055,19.616117220281733,16.835935492889124,43,0,5,14,21,13,5,1,1.42,3.8066624897703196,1,0.8315860224724491
ENG,2122,Burnley,18,19,5,6,8,18,25,-7,21,1.11,19,2,8,9,16,28,-12,14,0.74,23,28.5,40.2,38,3420,32,26,58,31,1,2,68,2,0.84,0.68,1.53,0.82,1.5,418,96,244,0.92,34,53,-19,-0.5,Relegated,35,1,1,0,0,42,38,0,0,4,6.854674796747967,0.8571428571428571,1.7857142857142858,2.642857142857143,0,20,4,2,3,11,1098,144,401400000,127500000,72000000,50000000,151900000,38581,112150000,5097727.2727272725,2000000,0.359736657940437,0.10264119644384542,0.21847541535989218,0.5871397884326996,0.49041462327240304,7640924.289157876,22,9000000,0.92,19.810468996817793,1.6094379124341003,1.0986122886681098,18.663626930405893,18.09217669086922,41,0,6,9,13,6,2,0,1.03,3.7612001156935624,1,0.8489915876842085
ENG,2324,Burnley,19,19,2,4,13,19,43,-24,10,0.53,19,3,5,11,22,35,-13,14,0.74,31,24.5,47.4,38,3420,40,30,70,37,3,3,77,7,1.05,0.79,1.84,0.97,1.76,418,162,180,0.63,41,78,-37,-0.97,Relegated,24,1,1,0,0,42,38,0,0,4,6.873983739837398,0.9285714285714286,1.7619047619047619,2.619047619047619,0,18,6,1,0,11,2539,360,3342000000,835000000,30000000,0,2477000000,41399,262000000,8451612.903225806,7000000,0.33901785067272155,0.14495519215439986,0.1543032440397111,0.3254370844619552,0.20229007633587787,9966496.775284426,31,13818181.818181818,0.63,21.929835267418834,1.9459101490553132,0.6931471805599453,20.542942284012735,17.216707972959764,41,0,4,9,14,8,3,1,0.92,3.7612001156935624,0,0.7212596350534782
FRA,1516,Caen,7,19,9,3,7,19,23,-4,30,1.58,19,7,3,9,20,29,-9,24,1.26,24,28.2,40.2,38,3420,38,22,60,33,5,6,58,0,1,0.58,1.58,0.87,1.45,418,104,162,1.42,39,52,-13,-0.34,NA,54,0,0,0,0,40,38,0,0,2,7.17948717948718,0.675,1.6,2.35,0,4,1,1,0,2,93,14,31700000,14000000,6000000,0,11700000,38443,36200000,1448000,1250000,0.33215409827536874,0.24888796399864735,0.24212470410737977,0.38994475138121554,0.30386740331491713,1790163.3587389123,25,2363636.3636363638,1.42,17.27182727039325,0.6931471805599453,0.6931471805599453,16.454567959008102,15.607270193858982,39,0,1,6,7,3,1,0,NA,3.713572066704308,0,0.757376805620309
FRA,1617,Caen,17,19,7,2,10,21,37,-16,23,1.21,19,3,5,11,15,28,-13,14,0.74,27,28.7,45.8,38,3420,35,28,63,31,4,5,61,1,0.92,0.74,1.66,0.82,1.55,418,101,164,0.97,36,65,-29,-0.76,NA,37,0,0,0,0,41,38,0,0,3,7.001041666666667,0.7560975609756098,1.6585365853658536,2.5365853658536586,0,17,5,2,0,10,798,99,113500000,40300000,11000000,0,62200000,38562,34500000,1326923.076923077,1000000,0.40285773559462684,0.2765157408848089,0.2341164877340387,0.428205128205128,0.3188405797101449,1735507.7537472122,26,2295454.5454545454,0.97,18.547313403696304,1.791759469228055,1.0986122886681098,17.511862051730805,16.213405921671733,40,0,4,10,11,5,2,0,1.42,3.7376696182833684,0,0.7560627838106667
FRA,1718,Caen,16,19,7,5,7,17,19,-2,26,1.37,19,3,3,13,10,33,-23,12,0.63,26,27.3,45.5,38,3420,25,19,44,20,5,8,68,4,0.66,0.5,1.16,0.53,1.03,418,95,170,1,27,52,-25,-0.66,NA,38,0,0,0,0,45,38,0,0,7,6.523674242424242,0.8444444444444444,1.8444444444444446,2.8,0,11,3,2,0,6,277,32,175750000,60000000,13500000,0,102250000,45062,58400000,2162962.962962963,800000,0.4204429452753983,0.21288447028538457,0.19899249922329235,0.5415398274987318,0.3595890410958904,3144304.513781013,27,4454545.454545454,1,18.98457309434495,1.3862943611198906,1.0986122886681098,17.909855136853043,16.41820031748273,44,0,4,10,13,6,2,0,0.97,3.828641396489095,1,0.7058642786039009
FRA,1819,Caen,19,19,4,5,10,16,27,-11,17,0.89,19,3,7,9,13,27,-14,16,0.84,26,25.8,44,38,3420,29,17,46,25,4,4,83,6,0.76,0.45,1.21,0.66,1.11,418,113,153,0.87,29,54,-25,-0.66,Relegated,33,0,0,0,0,43,38,0,0,5,6.785796957671958,0.7441860465116279,1.6511627906976745,2.6511627906976742,0,5,1,0,0,4,98,16,40500000,12000000,0,0,28500000,42745,62300000,2307407.407407407,2000000,0.4101064451982688,0.0714001637618435,0.23399227979880688,0.4006301646751085,0.2969502407704655,3269925.137442976,27,3954545.4545454546,0.87,17.516812556768127,0.6931471805599453,0,16.300417291085605,0,42,0,2,5,12,4,2,0,1,3.784189633918261,0,0.8268776209625915
ITA,1617,Cagliari,11,19,11,3,5,38,34,4,36,1.89,19,3,2,14,17,42,-25,11,0.58,34,28.7,43.2,38,3420,53,30,83,49,4,6,104,3,1.39,0.79,2.18,1.29,2.08,418,113,257,1.24,55,76,-21,-0.55,NA,47,0,0,0,0,40,38,0,0,2,7.326923076923077,0.725,1.6,2.375,0,29,8,2,0,19,1437,189,519000000,192200000,127000000,0,199800000,39482,56275000,1520945.945945946,900000,0.3948381540955372,0.057342586495111696,0.11747125272275974,0.5094672637986721,0.24877832074633496,2142012.8159667696,37,3390909.090909091,1.24,20.067414443056943,2.1972245773362196,1.0986122886681098,19.07404705970338,18.65969765229688,39,0,0,3,4,1,1,0,NA,3.713572066704308,1,0.6316927875505218
ITA,1718,Cagliari,16,19,6,3,10,18,30,-12,21,1.11,19,5,3,11,15,31,-16,18,0.95,29,27.1,45.3,38,3420,33,21,54,29,4,7,96,NA,0.87,0.55,1.42,0.76,1.32,418,114,295,1.03,33,61,-28,-0.74,NA,39,0,0,0,0,40,38,0,0,2,7.201655982905983,0.65,1.65,2.425,0,31,18,0,0,13,609,91,212550000,119700000,0,0,92850000,39780,97475000,3144354.8387096776,1500000,0.37860734037204624,0.18740573152337858,0.21241830065359477,0.59245960502693,0.44113875352654525,5149731.649069885,31,7027272.7272727275,1.03,19.17468781747385,2.9444389791664403,0,18.60049917888242,0,39,0,1,5,6,2,1,0,1.24,3.713572066704308,1,0.7328208038779913
ITA,1819,Cagliari,15,19,8,6,5,23,20,3,30,1.58,19,2,5,12,13,34,-21,11,0.58,30,27.9,49.8,38,3420,35,27,62,33,2,3,99,9,0.92,0.71,1.63,0.87,1.58,418,113,310,1.08,36,54,-18,-0.47,NA,41,0,0,0,0,41,38,0,0,3,7.175,0.7073170731707317,1.6097560975609757,2.341463414634146,0,30,13,1,0,16,1101,161,538700000,162000000,800000,0,375900000,39490,130750000,4508620.689655173,1500000,0.40584958217270195,0.08999746771334514,0.24973410990124081,0.650570317135887,0.5200764818355641,8191494.0491263615,29,10272727.272727273,1.08,20.104669389507084,2.6390573296152584,0.6931471805599453,18.903106899369497,13.592368256649284,40,0,2,4,4,1,1,0,1.03,3.7376696182833684,1,0.7974020755786723
ITA,1920,Cagliari,14,19,7,4,8,32,28,4,25,1.32,19,4,8,7,20,28,-8,20,1.05,33,27.4,45.7,38,3420,50,34,84,46,4,6,108,6,1.32,0.89,2.21,1.21,2.11,418,129,298,1.18,52,56,-4,-0.11,NA,45,0,0,1,0,41,38,0,0,3,8.725260416666666,0.926829268292683,1.951219512195122,2.8780487804878048,0,45,19,1,0,25,1482,196,1236525000,332225000,182400000,0,721900000,37393,138950000,4210606.060606061,1600000,0.43545583397962184,0.07838365469472897,0.1773593988179606,0.5924520483714439,0.327455919395466,6648176.797796379,33,10027272.727272727,1.18,20.935570863888344,2.995732273553991,0.6931471805599453,19.621323011191855,19.02171264108696,40,0,4,11,13,9,6,1,1.08,3.7376696182833684,1,0.6630094721283787
ITA,2021,Cagliari,16,19,5,4,10,22,32,-10,19,1,19,4,6,9,21,27,-6,18,0.95,32,26.5,44.8,38,3420,43,30,73,39,4,5,77,3,1.13,0.79,1.92,1.03,1.82,418,163,277,0.97,43,59,-16,-0.42,NA,37,1,0,1,0,41,38,0,0,3,6.102864583333333,0.8048780487804879,1.853658536585366,2.8536585365853657,0,43,18,1,11,13,1185,189,978300000,323100000,260000000,280500000,114700000,38701,179850000,5801612.903225807,3500000,0.4267589984754916,0.08710369241104882,0.24051058112193482,0.5154295246038365,0.3336113427856547,9301497.377328752,31,12318181.818181818,0.97,20.701326930449838,2.9444389791664403,0.6931471805599453,19.593472433889744,19.376192192825954,40,0,1,7,12,2,2,0,1.18,3.7376696182833684,1,0.7551031081226293
ITA,2122,Cagliari,18,19,3,6,10,20,33,-13,15,0.79,19,3,6,10,14,35,-21,15,0.79,33,26.5,44.5,38,3420,34,26,60,31,3,4,96,5,0.89,0.68,1.58,0.82,1.5,418,157,252,0.79,34,68,-34,-0.89,Relegated,30,1,1,0,0,41,38,0,0,3,7.025,0.6585365853658537,1.5365853658536586,2.4146341463414633,0,61,13,2,14,32,1713,266,1005900000,60700000,198000000,131000000,616200000,40554,130500000,3625000,1800000,0.385831237362529,0.06837796518222616,0.12489520145978202,0.5628352490421458,0.3218390804597701,5340082.359323371,36,8890909.090909092,0.79,20.729148501098702,2.6390573296152584,1.0986122886681098,17.921454272504192,19.103777593709314,40,0,2,6,7,3,2,0,0.97,3.7376696182833684,1,0.6006227602510948
ITA,2324,Cagliari,16,19,6,7,6,28,32,-4,25,1.32,19,2,5,12,14,36,-22,11,0.58,29,26.1,42.1,38,3420,41,30,71,37,4,6,77,4,1.08,0.79,1.87,0.97,1.76,418,184,311,0.95,42,68,-26,-0.68,NA,36,1,1,0,0,41,38,0,0,3,7.124479166666667,0.6341463414634146,1.5365853658536586,2.4146341463414633,0,40,9,0,0,31,1051,161,407100000,134200000,0,0,272900000,41098,86575000,2885833.3333333335,2500000,0.3492627378461239,0.09202394277093776,0.11718331792301329,0.4152565213206274,0.2714409471556454,3579431.4808506495,30,5300000,0.95,19.824569415929606,2.302585092994046,0,18.71484178995342,0,40,0,0,3,5,0,1,0,0.79,3.7376696182833684,0,0.6753644303491791
ITA,2425,Cagliari,15,19,6,4,9,24,28,-4,22,1.16,19,3,5,11,16,28,-12,14,0.74,28,26.6,44.9,38,3420,38,31,69,35,3,3,68,3,1,0.82,1.82,0.92,1.74,418,182,307,0.95,40,56,-16,-0.42,NA,36,1,1,0,0,41,38,0,0,3,7.099479166666667,0.6341463414634146,1.3902439024390243,2.4878048780487805,0,32,8,2,0,22,760,79,229400000,76800000,5600000,0,147000000,40503,87250000,3116071.4285714286,2900000,0.33725896847147124,0.07522899538305805,0.13712564501394958,0.4375562832582889,0.30945558739255014,4089904.4515221096,28,5590909.090909091,0.95,19.250977767018743,2.1972245773362196,1.0986122886681098,18.156715211138735,15.53827733427679,40,0,0,1,1,0,1,0,0.95,3.7376696182833684,0,0.7315276254754993
ENG,1819,Cardiff City,18,19,6,2,11,21,38,-17,20,1.05,19,4,2,13,13,31,-18,14,0.74,25,27.7,35.4,38,3420,33,20,53,30,3,4,66,1,0.87,0.53,1.39,0.79,1.32,418,109,157,0.89,34,69,-35,-0.92,Relegated,34,0,0,0,0,40,38,0,0,2,7.0256410256410255,0.75,1.675,2.6,0,42,14,12,2,14,1357,161,573500000,262250000,79000000,22000000,210250000,39567,109750000,4064814.814814815,3000000,0.3101069072712109,0.10159981803017666,0.15366340637399853,0.4024297646165529,0.2733485193621868,5014961.963252205,27,7045454.545454546,0.89,20.16726849627738,2.70805020110221,2.5649493574615367,19.384808809053837,18.184958423089522,39,0,0,5,11,3,2,0,NA,3.713572066704308,0,0.7118010528487001
ITA,1516,Carpi,18,19,6,5,8,23,26,-3,23,1.21,19,3,6,10,14,31,-17,15,0.79,35,25.9,38.6,38,3420,33,22,55,28,5,8,115,0,0.87,0.58,1.45,0.74,1.32,418,113,277,1,37,57,-20,-0.53,Relegated,38,0,0,0,0,42,38,0,0,4,6.658790650406504,0.7857142857142857,1.7857142857142858,2.7142857142857144,0,0,0,0,0,0,0,0,0,0,0,0,0,18018,17700000,1475000,1200000,0.42385392385392384,0.043623043623043624,0.42385392385392384,0.33097928436911506,0.480225988700565,1918764.5687645688,12,1563636.3636363635,1,0,0,0,0,0,41,0,1,5,10,2,2,0,NA,3.7612001156935624,0,1.2271168753726893
ESP,1516,Celta Vigo,6,19,9,6,4,29,25,4,33,1.74,19,8,3,8,22,34,-12,27,1.42,27,26.1,56.4,38,3420,50,41,91,46,4,5,115,8,1.32,1.08,2.39,1.21,2.29,418,107,158,1.58,51,59,-8,-0.21,"→ Europa League via league finish 1 1. Since Copa del Rey winners Barcelona qualified for Champions League, all Europa League berths were awarded based on league position.",60,0,0,0,0,46,38,0,0,8,5.886574074074074,0.9347826086956522,2.1739130434782608,3.260869565217391,0,16,8,1,0,7,1036,156,759900000,340900000,16000000,0,403000000,45318,91100000,3795833.3333333335,3500000,0.3728981861511982,0.076592082616179,0.19168983626814953,0.40399743871203797,0.31833150384193193,4667178.604528002,24,6090909.090909091,1.58,20.448697404955976,2.1972245773362196,0.6931471805599453,19.647099740041543,16.588099342704055,45,0,5,13,16,8,7,1,NA,3.8501476017100584,0,0.766253203728478
ESP,1617,Celta Vigo,13,19,9,2,8,30,32,-2,29,1.53,19,4,4,11,23,37,-14,16,0.84,27,26.1,53.2,38,3420,52,33,85,45,7,7,111,8,1.37,0.87,2.24,1.18,2.05,418,113,152,1.18,53,69,-16,-0.42,NA,45,0,0,0,0,60,38,14,0,8,4.6078742937853105,1.2833333333333334,2.75,4.1,1,27,10,3,0,14,820,124,379000000,132000000,12000000,0,235000000,59573,121800000,4350000,3250000,0.3969583536165713,0.07233142531012371,0.183774528729458,0.43842364532019684,0.2955665024630542,6040486.461987813,28,7909090.909090909,1.18,19.753046765685223,2.3978952727983707,1.3862943611198906,18.6983124881264,16.300417291085605,59,0,18,27,35,25,7,1,1.58,4.110873864173311,0,0.7637396676076545
ESP,1718,Celta Vigo,13,19,8,8,3,34,23,11,32,1.68,19,5,2,12,25,37,-12,17,0.89,23,25.7,55.7,38,3420,57,45,102,55,2,3,85,1,1.5,1.18,2.68,1.45,2.63,418,109,157,1.29,59,60,-1,-0.03,NA,49,0,0,0,0,42,38,0,0,4,6.653201219512195,0.6666666666666666,1.7380952380952381,2.5476190476190474,0,24,10,1,0,13,525,62,399000000,180000000,40000000,0,179000000,41265,166850000,7584090.909090909,4250000,0.37021689082757786,0.14305101175330184,0.2272628135223555,0.4979840357425014,0.38957147138148035,10914073.67018054,22,13000000,1.29,19.804471977360404,2.3978952727983707,0.6931471805599453,19.00846741441004,17.50439003707821,41,0,2,7,10,3,2,0,1.18,3.7612001156935624,1,0.8395441284754261
ESP,1819,Celta Vigo,17,19,8,5,6,31,25,6,29,1.53,19,2,6,11,22,37,-15,12,0.63,28,25.5,51.6,38,3420,52,37,89,45,7,7,84,6,1.37,0.97,2.34,1.18,2.16,418,110,156,1.08,53,62,-9,-0.24,NA,41,0,0,0,0,40,38,0,0,2,7.00267094017094,0.625,1.55,2.425,0,23,13,0,0,10,715,97,899300000,554800000,0,0,344500000,38290,225800000,9032000,3000000,0.39245233742491514,0.16975711674066335,0.2067380517106294,0.5501860053144376,0.3985828166519043,12879002.350483155,25,17727272.727272727,1.08,20.61712724199672,2.6390573296152584,0,20.1341182482074,0,39,0,2,3,4,0,1,0,1.29,3.713572066704308,1,0.7265078248990497
ESP,1920,Celta Vigo,17,19,5,8,6,22,20,2,23,1.21,19,2,8,9,15,29,-14,14,0.74,30,25.8,51.7,38,3420,37,26,63,31,6,9,104,6,0.97,0.68,1.66,0.82,1.5,418,130,187,0.97,37,49,-12,-0.32,NA,37,0,0,1,0,41,38,0,0,3,8.429166666666667,0.8536585365853658,1.9268292682926829,2.8536585365853657,0,37,14,0,0,23,3131,185,589900000,188500000,0,0,401400000,36965,148750000,5129310.344827586,4800000,0.41926146354659816,0.0630596510212363,0.1918030569457595,0.4929585627354389,0.2957983193277311,7714999.323684567,29,10000000,0.97,20.195463590668506,2.70805020110221,0,19.05460857015738,0,40,0,4,9,13,6,4,1,1.08,3.7376696182833684,1,0.7714999323684567
ESP,2021,Celta Vigo,8,19,9,3,7,30,30,0,30,1.58,19,5,8,6,25,27,-2,23,1.21,30,26.6,53.3,38,3420,55,39,94,48,7,7,109,5,1.45,1.03,2.47,1.26,2.29,418,137,238,1.39,55,57,-2,-0.05,NA,53,1,0,1,0,40,38,0,0,2,6.463675213675214,0.775,1.7,2.8,0,10,4,0,1,5,340,43,170300000,71200000,0,12000000,87100000,38699,149850000,5351785.714285715,4250000,0.41298224760329727,0.052352773973487685,0.20718881624848187,0.5055412555412555,0.3269936603269937,8126739.709036409,28,10500000,1.39,18.95307215150491,1.6094379124341003,0,18.08100339042715,0,39,0,4,9,11,7,2,0,0.97,3.713572066704308,1,0.7739752103844199
ESP,2122,Celta Vigo,11,19,7,4,8,26,23,3,25,1.32,19,5,6,8,17,20,-3,21,1.11,25,28.4,55.2,38,3420,43,29,72,40,3,6,87,3,1.13,0.76,1.89,1.05,1.82,418,155,222,1.21,43,43,0,0,NA,46,1,1,0,0,41,38,0,0,3,6.975,0.6829268292682927,1.5609756097560976,2.5121951219512195,0,8,2,0,1,5,211,28,153000000,19000000,0,14000000,120000000,40881,118700000,5160869.565217392,3500000,0.3403047870648957,0.1625449475306377,0.22726939164893226,0.4667228306655433,0.37910699241786017,6716494.214916465,23,8727272.727272727,1.21,18.845948485892656,1.0986122886681098,0,16.759949589762293,0,40,0,3,8,10,3,1,0,1.39,3.7376696182833684,0,0.7695982954591783
ESP,2223,Celta Vigo,13,19,7,6,6,26,21,5,27,1.42,19,4,4,11,17,32,-15,16,0.84,26,26.7,50.2,38,3420,41,31,72,39,2,3,85,6,1.08,0.82,1.89,1.03,1.84,418,161,266,1.13,43,53,-10,-0.26,NA,43,1,1,0,0,41,38,0,0,3,7.379166666666666,0.6097560975609756,1.5609756097560976,2.4146341463414633,0,11,5,0,0,6,448,58,182000000,96000000,0,0,86000000,40788,136400000,5246153.846153846,3000000,0.39646464646464646,0.033147004020790426,0.21883887417868,0.5408865328220167,0.4178885630498534,7839322.840050995,26,10090909.090909092,1.13,19.019517250535575,1.791759469228055,0,18.379858759848776,0,40,0,2,5,7,2,2,0,1.21,3.7376696182833684,1,0.7768698309960446
ESP,2324,Celta Vigo,13,19,6,6,7,21,23,-2,24,1.26,19,4,5,10,25,34,-9,17,0.89,31,26.7,46.1,38,3420,45,35,80,42,3,5,66,5,1.18,0.92,2.11,1.11,2.03,418,167,277,1.08,46,57,-11,-0.29,NA,41,1,1,0,0,43,38,0,0,5,6.832589285714286,0.6976744186046512,1.7209302325581395,2.5348837209302326,0,21,10,0,0,11,836,121,409000000,171000000,0,0,238000000,41980,116850000,4029310.3448275863,2500000,0.4322534540257265,0.1636731777036684,0.1618866126727013,0.5117967332123412,0.3594351732991014,5766894.949976179,29,8090909.090909091,1.08,19.829225716452065,2.3978952727983707,0,18.95717412031489,0,42,0,0,5,8,2,2,0,1.13,3.784189633918261,1,0.712762297188067
ESP,2425,Celta Vigo,7,19,11,3,5,32,21,11,36,1.89,19,5,4,10,27,36,-9,19,1,30,26.8,53.6,38,3420,58,40,98,50,8,9,84,6,1.53,1.05,2.58,1.32,2.37,418,189,265,1.45,59,57,2,0.05,→ Europa League via league finish,55,1,1,0,0,42,38,0,0,4,6.855691056910569,0.7380952380952381,1.6428571428571428,2.4523809523809526,0,15,7,0,1,7,626,73,216700000,146100000,0,5000000,65600000,40893,116400000,4013793.103448276,3000000,0.39747634069400634,0.16601863399603844,0.20389797764898637,0.49063870126792275,0.3694158075601375,5651321.742107451,29,7772727.2727272725,1.45,19.194024471121264,2.0794415416798357,0,18.799801883565554,0,41,0,2,7,7,2,1,0,1.08,3.7612001156935624,1,0.7270706334875083
ENG,1516,Chelsea,10,19,5,9,5,32,30,2,24,1.26,19,7,5,7,27,23,4,26,1.37,28,26.8,56.2,38,3420,55,40,95,51,4,5,62,0,1.45,1.05,2.5,1.34,2.39,418,103,163,1.32,59,53,6,0.16,NA,50,0,0,0,0,53,38,8,0,7,5.519230769230769,0.9811320754716981,2.150943396226415,3.3207547169811322,1,26,9,2,1,14,824,163,3908000000,971000000,878000000,45000000,2014000000,52650,527000000,20269230.769230768,15500000,0.35236467236467234,0.13984805318138652,0.19728395061728396,0.4128594365786016,0.29411764705882354,25821424.501424503,26,35090909.09090909,1.32,22.086291571382834,2.302585092994046,1.0986122886681098,20.693837027285465,20.593157152738343,52,0,6,14,20,10,3,1,NA,3.9889840465642745,0,0.7358437034084703
ENG,1617,Chelsea,1,19,17,0,2,55,17,38,51,2.68,19,13,3,3,30,16,14,42,2.21,24,27.2,55.1,38,3420,83,53,136,81,2,4,72,0,2.18,1.39,3.58,2.13,3.53,418,114,152,2.45,85,33,52,1.37,→ Champions League via league finish,93,0,0,0,0,47,38,0,0,9,6.19338768115942,0.8297872340425532,1.7659574468085106,2.74468085106383,0,14,6,2,1,5,394,52,1130000000,492000000,110000000,66000000,462000000,43329,516000000,22434782.608695652,22000000,0.35565094971035566,0.06517574834406517,0.2397932100902398,0.4180990899898889,0.31976744186046513,31378337.833783377,23,36818181.81818182,2.45,20.845483470555617,1.9459101490553132,1.0986122886681098,20.013989276489102,18.5159909328476,46,0,2,8,14,5,2,0,1.32,3.871201010907891,0,0.85225115104103
ENG,1718,Chelsea,5,19,11,4,4,30,16,14,37,1.95,19,10,3,6,32,22,10,33,1.74,26,26.7,55.6,38,3420,60,42,102,57,3,3,46,NA,1.58,1.11,2.68,1.5,2.61,418,109,157,1.84,62,38,24,0.63,→ Europa League via cup win 1 1. Chelsea qualified for a Europa League group stage berth by virtue of winning the FA Cup.,70,0,0,0,0,59,38,8,0,13,4.933369252873563,1.1016949152542372,2.559322033898305,3.8983050847457625,1,24,10,1,0,13,787,138,4121000000,2070000000,75000000,0,1976000000,57830,771500000,30860000,25000000,0.3291890022479682,0.0994293619228774,0.18531903856130036,0.4128062216461439,0.304601425793908,41241768.97803908,25,51545454.54545455,1.84,22.13936168954575,2.3978952727983707,0.6931471805599453,21.45081444470678,18.132998684833918,58,0,11,19,25,15,11,1,2.45,4.0943445622221,0,0.8001048655351497
ENG,1819,Chelsea,3,19,12,6,1,39,12,27,42,2.21,19,9,3,7,24,27,-3,30,1.58,24,27.3,62.9,38,3420,61,52,113,56,5,5,49,0,1.61,1.37,2.97,1.47,2.84,418,113,153,1.89,63,39,24,0.63,→ Champions League via league finish,72,0,0,0,0,63,38,15,0,10,4.795698924731183,1.2222222222222223,2.6666666666666665,4.095238095238095,1,50,8,15,0,27,1261,234,6363000000,1200000000,558000000,0,4605000000,62053,908000000,34923076.92307692,30000000,0.3690554848274862,0.06239827244452323,0.20205308365429553,0.4306167400881056,0.34691629955947134,47298535.12320113,26,60000000,1.89,22.573765801354224,2.1972245773362196,2.772588722239781,20.9055873945737,20.1398695221377,62,0,18,29,34,23,7,1,1.84,4.1588830833596715,0,0.7883089187200188
ENG,1920,Chelsea,4,19,11,3,5,30,16,14,36,1.89,19,9,3,7,39,38,1,30,1.58,27,25.5,60.4,38,3420,69,46,115,62,7,7,60,0,1.82,1.21,3.03,1.63,2.84,418,117,166,1.74,69,54,15,0.39,→ Champions League via league finish,66,0,0,1,0,55,38,8,0,9,6.725694444444445,1.1454545454545455,2.4545454545454546,3.5272727272727273,1,60,20,7,4,29,1529,201,6903500000,4239500000,552000000,33000000,2079000000,54754,680700000,25211111.111111112,24000000,0.31188588961537056,0.08618548416554042,0.14886583628593344,0.3850937760148867,0.2732481269281622,31446199.364429995,27,41636363.63636363,1.74,22.655294366465334,3.044522437723423,2.0794415416798357,22.16771117494421,20.129058606052965,54,0,10,21,30,18,5,1,1.89,4.02535169073515,0,0.7552580633378384
ENG,2021,Chelsea,4,19,9,6,4,31,18,13,33,1.74,19,10,4,5,27,18,9,34,1.79,27,26,60.9,38,3420,56,38,94,48,8,10,51,3,1.47,1,2.47,1.26,2.26,418,108,208,1.76,58,36,22,0.58,→ Champions League via league finish,67,1,0,1,0,59,38,13,0,8,4.432291666666667,1.2542372881355932,2.7457627118644066,4.169491525423729,1,30,9,5,2,14,802,156,5318000000,1861000000,460000000,460000000,2537000000,54070,768550000,28464814.814814813,28000000,0.33271684852968375,0.1291843906047716,0.1756611799519142,0.3744569499562669,0.24721878862793573,35202008.50749029,27,47090909.09090909,1.76,22.39436312995528,2.302585092994046,1.791759469228055,21.34437981514387,19.946737049621326,58,0,10,23,31,19,7,1,1.74,4.0943445622221,0,0.7475329991938092
ENG,2122,Chelsea,3,19,9,7,3,37,22,15,34,1.79,19,12,4,3,39,11,28,40,2.11,26,27.4,61.8,38,3420,75,52,127,67,8,9,63,1,1.97,1.37,3.34,1.76,3.13,418,111,226,1.95,76,33,43,1.13,→ Champions League via league finish,74,1,1,0,0,61,38,10,0,13,4.730555555555555,1.1967213114754098,2.6557377049180326,3.9836065573770494,1,45,8,3,15,19,875,224,8726000000,2018000000,1897000000,1565000000,3246000000,61929,817500000,26370967.741935484,25000000,0.31668523631901047,0.09288055676661984,0.15110852750730674,0.4531202525401994,0.26299694189602446,34869952.68775533,31,50181818.18181818,1.95,22.88957291176243,2.1972245773362196,1.3862943611198906,21.425372759373367,21.363539528426436,60,0,16,31,36,20,9,1,1.76,4.127134385045092,0,0.6948722455893273
ENG,2223,Chelsea,12,19,6,7,6,20,19,1,25,1.32,19,5,4,10,18,28,-10,19,1,32,26.3,58.7,38,3420,37,27,64,34,3,3,81,3,0.97,0.71,1.68,0.89,1.61,418,173,169,1.16,38,47,-9,-0.24,NA,44,1,1,0,0,50,38,10,0,2,6.019557823129252,1.08,2.24,3.32,1,47,16,9,2,20,1782,303,9559000000,3418000000,1580000000,103000000,4458000000,48722,899000000,28093750,25000000,0.3141701900578794,0.1860555806411888,0.12310660481917819,0.42084955506117905,0.22803114571746386,32173699.766019456,32,53000000,1.16,22.98074895613265,2.833213344056216,2.302585092994046,21.95232142193238,21.1806906846182,49,0,8,17,23,16,6,1,1.95,3.9318256327243257,0,0.6070509389814992
ENG,2324,Chelsea,6,19,11,4,4,44,26,18,37,1.95,19,7,5,7,33,37,-4,26,1.37,32,24.2,58.6,38,3420,76,51,127,65,11,12,109,4,2,1.34,3.34,1.71,3.05,418,148,193,1.66,77,63,14,0.37,→ Conference League via league finish,63,1,1,0,0,51,38,0,0,13,5.599583333333333,0.8823529411764706,2.1372549019607843,3.235294117647059,0,63,16,2,4,41,2196,414,13778000000,5000000000,105000000,111000000,8562000000,47026,873700000,26475757.575757574,25000000,0.4645940543529112,0.07699995747033556,0.22613022583251818,0.47871643064501024,0.2632482545496166,41105337.47288734,33,52727272.72727273,1.66,23.346338954189996,2.833213344056216,1.0986122886681098,22.33270374958051,18.46947091764561,50,0,6,14,18,5,2,0,1.16,3.9512437185814275,0,0.7795839865547598
ENG,2425,Chelsea,4,19,12,5,2,35,18,17,41,2.16,19,8,4,7,29,25,4,28,1.47,29,23.7,57.1,38,3420,61,47,108,57,4,5,101,2,1.61,1.24,2.84,1.5,2.74,418,140,202,1.82,64,43,21,0.55,→ Champions League via league finish,69,1,1,0,0,57,38,15,15,4,5.056919642857143,1.105263157894737,2.2982456140350878,3.526315789473684,1,36,15,4,9,8,1143,217,6672000000,4771000000,440000000,401000000,1060000000,NA,NA,NA,NA,NA,NA,NA,NA,NA,NA,NA,NA,1.82,22.621185502152738,2.772588722239781,1.6094379124341003,22.28582176368998,19.902285287149308,56,0,15,21,24,15,5,1,1.66,4.060443010546419,NA,NA
ITA,1516,Chievo,9,19,7,8,4,25,18,7,29,1.53,19,6,3,10,18,27,-9,21,1.11,26,30.5,45.3,38,3420,42,28,70,37,5,8,108,0,1.11,0.74,1.84,0.97,1.71,418,114,280,1.32,43,45,-2,-0.05,NA,50,0,0,0,0,39,38,0,0,1,7.156798245614035,0.6666666666666666,1.641025641025641,2.4871794871794872,0,20,9,1,0,10,957,125,171200000,62900000,32000000,0,76300000,38110,40250000,1548076.923076923,750000,0.31272631855156124,0.26570453949094724,0.1431907635791131,0.5528428093645483,0.38509316770186336,1908415.1141432694,26,3072727.272727273,1.32,18.95834302751304,2.302585092994046,0.6931471805599453,17.95705673756892,17.281246492014,38,0,0,4,7,1,1,0,NA,3.6888794541139363,1,0.6210818418809456
ITA,1617,Chievo,14,19,6,5,8,25,30,-5,23,1.21,19,6,2,11,18,31,-13,20,1.05,29,31.3,46.7,38,3420,42,29,71,38,4,5,88,3,1.11,0.76,1.87,1,1.76,418,113,319,1.13,43,61,-18,-0.47,NA,43,0,0,0,0,41,38,0,0,3,7.172135416666666,0.8048780487804879,1.6097560975609757,2.3902439024390243,0,29,13,0,0,16,771,103,171300000,76700000,0,0,94600000,40291,40025000,1429464.2857142857,500000,0.40684023727383284,0.19686778685066145,0.19858032811297807,0.5760462211118049,0.4122423485321674,2071480.6036087463,28,3063636.3636363638,1.13,18.95892696913206,2.6390573296152584,0,18.155412279375295,0,40,0,0,6,7,3,1,0,1.32,3.7376696182833684,1,0.676150938863389
ITA,1718,Chievo,13,19,7,6,6,22,24,-2,27,1.42,19,3,4,12,14,35,-21,13,0.68,25,30.3,44.4,38,3420,36,20,56,35,1,2,75,NA,0.95,0.53,1.47,0.92,1.45,418,109,345,1.05,36,59,-23,-0.61,NA,40,0,0,0,0,40,38,0,0,2,7.202190170940171,0.625,1.65,2.475,0,19,6,0,0,13,348,50,158050000,4150000,0,0,153900000,38533,49650000,1986000,1000000,0.3645965795551865,0.18379051721900708,0.14766563724599693,0.5576636455186303,0.4229607250755287,2678990.7352139726,25,3836363.6363636362,1.05,18.878422002953013,1.9459101490553132,0,15.238619133170708,0,39,0,0,2,7,1,1,0,1.13,3.713572066704308,1,0.6983151205534052
ITA,1819,Chievo,20,19,1,7,11,14,37,-23,10,0.53,19,1,7,11,11,38,-27,10,0.53,36,28.3,43.3,38,3420,25,17,42,21,4,6,116,7,0.66,0.45,1.11,0.55,1,418,113,327,0.53,25,75,-50,-1.32,"3-point deduction 3 3. Chievo were deducted 3 points for administrative irregularities., Relegated",20,0,0,0,0,40,38,0,0,2,7.333333333333333,0.75,1.55,2.35,0,25,6,3,0,16,975,134,129300000,25800000,45400000,0,58100000,38159,43850000,1370312.5,700000,0.33986739694436435,0.0937131476191724,0.1585995440132079,0.5128634549600912,0.30786773090079816,1716787.6516680208,32,3000000,0.53,18.677645851476036,1.9459101490553132,1.3862943611198906,17.065885088651534,17.63102268503801,39,0,0,3,6,3,1,0,1.05,3.713572066704308,1,0.5722625505560069
FRA,2122,Clermont Foot,17,19,4,6,9,22,33,-11,18,0.95,19,5,3,11,16,36,-20,18,0.95,28,26.9,50,38,3420,36,25,61,34,2,3,65,8,0.95,0.66,1.61,0.89,1.55,418,159,183,0.95,38,69,-31,-0.82,NA,36,1,1,0,0,40,38,0,0,2,7.339743589743589,0.75,1.6,2.425,0,11,2,1,2,6,345,53,113400000,36600000,36000000,2000000,38800000,38953,53100000,1659375,1200000,0.45449644443303466,0.014556003388699201,0.170846918080764,0.5388418079096045,0.3766478342749529,2601065.3864914128,32,3527272.727272727,0.95,18.54643195807627,1.0986122886681098,0.6931471805599453,17.415558825694,17.399029524198163,39,0,0,4,8,3,1,0,NA,3.713572066704308,1,0.7374154446238542
FRA,2223,Clermont Foot,8,19,9,3,7,20,28,-8,30,1.58,19,8,5,6,25,21,4,29,1.53,28,27.2,48.3,38,3420,44,26,70,37,7,10,72,5,1.16,0.68,1.84,0.97,1.66,418,167,168,1.55,45,49,-4,-0.11,NA,59,1,1,0,0,39,38,0,0,1,7.921052631578948,0.7692307692307693,1.7179487179487178,2.5128205128205128,0,6,3,0,0,3,580,22,73100000,16100000,0,0,57000000,38615,46200000,1711111.111111111,1000000,0.4002071733782209,0.07771591350511459,0.1947688721999223,0.48869648869648885,0.36796536796536794,2545746.471578402,27,3227272.727272727,1.55,18.1073389383999,1.3862943611198906,0,16.59432989206649,0,38,0,0,2,6,2,1,0,0.95,3.6888794541139363,1,0.7888228503482373
FRA,2324,Clermont Foot,18,17,3,5,9,14,27,-13,14,0.82,17,2,5,10,12,33,-21,11,0.65,31,26.8,48.9,34,3060,26,18,44,20,6,8,60,7,0.76,0.53,1.29,0.59,1.12,374,156,150,0.74,26,60,-34,-1,Relegated,25,1,1,0,1,36,34,0,0,2,8.007142857142858,0.6111111111111112,1.3888888888888888,2.1944444444444446,0,8,2,2,0,4,201,19,28800000,1000000,0,0,27800000,35468,61350000,1979032.2580645161,1500000,0.3789895116724935,0.11274952069471073,0.14001353332581482,0.5429450272103478,0.35859820700896494,2669225.780985677,31,4227272.7272727275,0.74,17.175885979828397,1.0986122886681098,1.0986122886681098,13.815511557963774,0,35,0,0,1,2,0,1,0,1.55,3.6109179126442243,1,0.6314297546417731
ITA,2425,Como,10,19,8,5,6,28,26,2,29,1.53,19,5,5,9,21,26,-5,20,1.05,38,26.3,54.6,38,3420,44,39,83,44,0,2,87,7,1.16,1.03,2.18,1.16,2.18,418,187,308,1.29,49,52,-3,-0.08,NA,49,1,1,0,0,39,38,0,0,1,7.5,0.5897435897435898,1.358974358974359,2.2051282051282053,0,37,9,2,0,26,1493,156,710350000,88750000,209500000,0,412100000,38177,190300000,5143243.243243244,2000000,0.37234460539068026,0.07659061738743222,0.13164994630274773,0.6076465325020239,0.4256437204414083,8100633.889514629,37,13181818.181818182,1.29,20.38126836569012,2.302585092994046,1.0986122886681098,18.301333997587406,19.160234302099735,38,0,0,1,3,1,1,0,NA,3.6888794541139363,1,0.614530846790765
ITA,2223,Cremonese,19,19,4,4,11,15,31,-16,16,0.84,19,1,8,10,21,38,-17,11,0.58,33,26,42.1,38,3420,35,18,53,30,5,7,81,3,0.92,0.47,1.39,0.79,1.26,418,185,302,0.71,36,69,-33,-0.87,Relegated,27,1,1,0,0,44,38,0,0,6,6.953488372093023,0.8181818181818182,1.8863636363636365,2.840909090909091,0,47,11,0,0,36,875,136,273250000,72200000,0,0,201050000,42569,76450000,2548333.3333333335,1800000,0.32370974183090984,0.19598769057295215,0.11867791115600554,0.4690865489426639,0.32047089601046436,3192691.864972163,30,4945454.545454546,0.71,19.425897688680575,2.4849066497880004,0,18.09495061771347,0,43,0,4,9,9,5,2,0,NA,3.8066624897703196,0,0.6455810756377535
ITA,1617,Crotone,17,19,6,4,9,21,25,-4,22,1.16,19,3,3,13,13,33,-20,12,0.63,31,26,37.1,38,3420,34,22,56,30,4,5,93,3,0.89,0.58,1.47,0.79,1.37,418,110,329,0.89,34,58,-24,-0.63,NA,34,0,0,0,0,39,38,0,0,1,7.552631578947368,0.717948717948718,1.564102564102564,2.358974358974359,0,18,4,0,0,14,449,59,45900000,4500000,0,0,41400000,38564,35125000,1133064.5161290322,800000,0.4637485737993984,0.02642360750959444,0.23317083290115134,0.5043737802778097,0.3416370106761566,1952814.8013691525,31,2327272.727272727,0.89,17.641975696817266,1.6094379124341003,0,15.319588176962746,0,38,0,0,3,5,2,1,0,NA,3.6888794541139363,1,0.8391001099633077
ITA,1718,Crotone,18,19,6,6,7,23,25,-2,24,1.26,19,3,2,14,17,41,-24,11,0.58,29,25.6,39.9,38,3420,38,21,59,36,2,3,65,NA,1,0.55,1.55,0.95,1.5,418,114,318,0.92,40,66,-26,-0.68,Relegated,35,0,0,0,0,40,38,0,0,2,7.202190170940171,0.675,1.525,2.45,0,30,8,3,0,19,903,139,152300000,21700000,43600000,0,87000000,35521,34650000,1237500,1000000,0.4373469215393711,0.04746487993018215,0.1836941527547085,0.3756441970727684,0.2597402597402597,1660671.1522761183,28,2118181.8181818184,0.92,18.84136282443138,2.1972245773362196,1.3862943611198906,16.892822864593636,17.590567731255042,39,0,0,0,5,0,1,0,0.89,3.713572066704308,0,0.7840078401303562
ITA,2021,Crotone,19,19,5,2,12,23,35,-12,17,0.89,19,1,3,15,22,57,-35,6,0.32,31,27.8,46.3,38,3420,44,27,71,35,9,9,89,4,1.16,0.71,1.87,0.92,1.63,418,138,304,0.61,45,92,-47,-1.24,Relegated,23,1,0,1,0,39,38,0,0,1,6.427357456140351,0.717948717948718,1.7179487179487178,2.6666666666666665,0,42,15,0,2,25,825,118,176000000,79200000,0,7500000,89300000,38785,51850000,1672580.6451612904,1200000,0.4259120794121439,0.11726182802629882,0.1687508057238623,0.5081034000062215,0.3857280617164899,2398550.9862060077,31,3381818.1818181816,0.61,18.985994558684244,2.772588722239781,0,18.187486869410918,0,38,0,3,8,10,4,2,0,0.92,3.6888794541139363,1,0.7092489475340346
ENG,1516,Crystal Palace,15,19,6,3,10,19,23,-4,21,1.11,19,5,6,8,20,28,-8,21,1.11,30,27.7,45.8,38,3420,38,21,59,34,4,5,62,0,1,0.55,1.55,0.89,1.45,418,106,160,1.11,39,51,-12,-0.32,NA,42,0,0,0,0,47,38,0,0,9,6.2413949275362315,0.8723404255319149,1.9148936170212767,2.893617021276596,0,18,11,2,0,5,561,101,631500000,438000000,43000000,0,150500000,43664,128850000,4601785.714285715,4000000,0.4169796628801759,0.1351685599120557,0.1546353975815317,0.39582293918731626,0.2949165696546372,6208953.600219861,28,7818181.818181818,1.11,20.26360850133835,2.4849066497880004,1.0986122886681098,19.897729470623826,17.57671069691365,46,0,2,8,14,6,2,0,NA,3.871201010907891,0,0.7941684837490519
ENG,1617,Crystal Palace,14,19,6,2,11,24,25,-1,20,1.05,19,6,3,10,26,38,-12,21,1.11,31,27.7,45.4,38,3420,48,32,80,44,4,7,79,0,1.26,0.84,2.11,1.16,2,418,110,156,1.08,50,63,-13,-0.34,NA,41,0,0,0,0,43,38,0,0,5,6.690476190476191,0.8604651162790697,1.9069767441860466,2.7674418604651163,0,16,10,1,0,5,1651,226,1491600000,356000000,372000000,0,763600000,40454,199400000,6646666.666666667,5250000,0.3503485440253127,0.11590942799228754,0.17521135116428535,0.46029755934470074,0.3059177532597793,8973106.491323479,30,12636363.636363637,1.08,21.12311520693936,2.3978952727983707,0.6931471805599453,19.690441291625294,19.734404414925592,42,0,4,9,13,7,1,0,1.11,3.784189633918261,0,0.7101019525507789
ENG,1718,Crystal Palace,11,19,7,5,7,29,27,2,26,1.37,19,4,6,9,16,28,-12,18,0.95,28,27.1,45.2,38,3420,44,26,70,36,8,10,72,NA,1.16,0.68,1.84,0.95,1.63,418,73,191,1.16,45,55,-10,-0.26,NA,44,0,0,0,0,42,38,0,0,4,6.682926829268292,0.8333333333333334,1.7857142857142858,2.7142857142857144,0,18,5,3,0,10,1472,185,1995500000,374000000,305000000,0,1316500000,41580,208000000,7703703.703703703,5000000,0.35788840788840787,0.09867724867724868,0.19427609427609427,0.4669693732193734,0.32211538461538464,10535696.248196248,27,14090909.090909092,1.16,21.41416048295419,1.791759469228055,1.3862943611198906,19.739766358052602,19.535822337850373,41,0,2,7,12,5,2,0,1.08,3.7612001156935624,0,0.7476945724526369
ENG,1819,Crystal Palace,12,19,5,5,9,19,23,-4,20,1.05,19,9,2,8,32,30,2,29,1.53,26,27.4,45.2,38,3420,48,33,81,38,10,11,59,2,1.26,0.87,2.13,1,1.87,418,92,174,1.29,51,53,-2,-0.05,NA,49,0,0,0,0,45,38,0,0,7,6.2272727272727275,0.8666666666666667,1.8666666666666667,2.888888888888889,0,37,13,10,0,14,1312,163,1567000000,512000000,114000000,0,941000000,44508,288400000,10300000,6500000,0.37184326413229085,0.058955693358497346,0.17084569066235283,0.5027367743213789,0.3814147018030513,15106374.134986969,28,20000000,1.29,21.172428800958457,2.6390573296152584,2.3978952727983707,20.053835184956906,18.5517090151307,44,0,5,10,14,6,2,0,1.16,3.828641396489095,1,0.7553187067493484
ENG,1920,Crystal Palace,14,19,6,5,8,15,20,-5,23,1.21,19,5,5,9,16,30,-14,20,1.05,25,29.4,44.8,38,3420,29,20,49,26,3,3,62,2,0.76,0.53,1.29,0.68,1.21,418,98,185,1.13,31,50,-19,-0.5,NA,43,0,0,1,0,40,38,0,0,2,9.001068376068377,0.75,1.825,2.65,0,47,18,6,1,22,1540,163,1308000000,524900000,204000000,24000000,555100000,39829,188775000,7865625,4400000,0.28602274724447013,0.14620000502146677,0.183961435135203,0.4698660221604203,0.4025956826910343,9863642.69753195,24,13590909.090909092,1.13,20.991765090745943,2.9444389791664403,1.9459101490553132,20.078718328127653,19.13363055671045,39,0,1,5,8,4,2,0,1.29,3.713572066704308,0,0.725752974400344
ENG,2021,Crystal Palace,14,19,6,5,8,20,32,-12,23,1.21,19,6,3,10,21,34,-13,21,1.11,24,29.1,40.6,38,3420,39,29,68,36,3,4,56,2,1.03,0.76,1.79,0.95,1.71,418,95,208,1.16,41,66,-25,-0.66,NA,44,1,0,1,0,40,38,0,0,2,6.488247863247864,0.75,1.85,2.75,0,34,11,13,1,9,1457,199,1544500000,423000000,326000000,40000000,755500000,39574,188300000,6276666.666666667,3000000,0.3112144337191085,0.06016576540152625,0.14133016627078385,0.5547530536378118,0.4142326075411577,9075761.863850003,30,13090909.090909092,1.16,21.15796607097037,2.4849066497880004,2.6390573296152584,19.86288273937462,19.602407942398468,39,0,3,9,13,2,2,0,1.13,3.713572066704308,1,0.693287364599653
ENG,2122,Crystal Palace,12,19,7,8,4,27,17,10,29,1.53,19,4,7,8,23,29,-6,19,1,24,27.1,51.1,38,3420,50,31,81,44,6,8,69,1,1.32,0.82,2.13,1.16,1.97,418,108,229,1.26,50,46,4,0.11,NA,48,1,1,0,0,44,38,0,0,6,6.535852713178294,0.8181818181818182,1.75,2.772727272727273,0,4,1,0,0,3,318,40,264500000,100000000,0,0,164500000,43506,269000000,10760000,6000000,0.4232059945754609,0.21001700914816346,0.23183009240104813,0.5388550185873606,0.35315985130111527,15240268.009010252,25,20909090.90909091,1.26,19.393351813043346,0.6931471805599453,0,18.420680753952364,0,43,0,4,9,11,6,2,0,1.16,3.8066624897703196,1,0.7288823830396207
ENG,2223,Crystal Palace,11,19,7,7,5,21,23,-2,28,1.47,19,4,5,10,19,26,-7,17,0.89,26,26.7,46.3,38,3420,38,29,67,37,1,3,82,3,1,0.76,1.76,0.97,1.74,418,138,204,1.18,40,49,-9,-0.24,NA,45,1,1,0,0,41,38,0,0,3,7.396354166666667,0.8292682926829268,1.8048780487804879,2.658536585365854,0,9,2,0,0,7,440,60,1416000000,796000000,0,0,620000000,40800,316700000,11729629.629629629,6000000,0.42600490196078433,0.14154411764705882,0.20838235294117646,0.5770503689670095,0.35680454688980107,18601257.352941178,27,24727272.727272727,1.18,21.071101832924153,1.0986122886681098,0,20.495109745064937,0,40,0,3,9,14,7,3,1,1.26,3.7376696182833684,1,0.7522567311851212
ENG,2324,Crystal Palace,10,19,8,4,7,37,26,11,28,1.47,19,5,6,8,20,32,-12,21,1.11,26,26.8,42.3,38,3420,56,43,99,52,4,4,73,2,1.47,1.13,2.61,1.37,2.5,418,126,214,1.29,57,58,-1,-0.03,NA,49,1,1,0,0,42,38,0,0,4,6.854674796747967,0.6904761904761905,1.7380952380952381,2.5476190476190474,0,18,9,0,0,9,1625,241,4441000000,1606000000,0,0,2835000000,40119,422400000,16246153.846153846,11000000,0.2909593957975024,0.11378648520651063,0.14464468207083925,0.5235831876456876,0.3503787878787879,20682163.064881977,26,31454545.454545453,1.29,22.21414541348155,2.302585092994046,0,21.197012453093645,0,41,0,4,9,12,4,2,0,1.18,3.7612001156935624,1,0.6575254153575195
ENG,2425,Crystal Palace,12,19,6,7,6,24,26,-2,25,1.32,19,7,7,5,27,25,2,28,1.47,29,26.2,42.8,38,3420,49,38,87,46,3,4,80,4,1.29,1,2.29,1.21,2.21,418,148,192,1.39,51,51,0,0,→ Europa League via cup win,53,1,1,0,0,48,38,0,0,10,5.959219858156028,0.875,2,2.9791666666666665,0,20,5,1,4,10,1499,228,4627500000,475000000,705000000,77500000,3370000000,NA,NA,NA,NA,NA,NA,NA,NA,NA,NA,NA,NA,1.39,22.255282602628025,1.791759469228055,0.6931471805599453,19.97882536410418,20.373708362194982,47,0,6,15,18,5,2,0,1.29,3.8918202981106265,NA,NA
ESP,2021,Cádiz,12,19,5,5,9,17,30,-13,20,1.05,19,6,6,7,19,28,-9,24,1.26,34,28.8,34.8,38,3420,33,16,49,29,4,4,81,3,0.87,0.42,1.29,0.76,1.18,418,180,262,1.16,36,58,-22,-0.58,NA,44,1,0,1,0,41,38,0,0,3,6.275,0.7317073170731707,1.8048780487804879,2.951219512195122,0,10,2,0,2,6,195,29,32500000,4000000,0,11900000,16600000,40810,47000000,1382352.9411764706,1100000,0.4190639549130115,0.06836559666748346,0.18463611859838275,0.4576345431789739,0.3191489361702128,2080218.0838029895,34,2790909.090909091,1.16,17.296750678069195,1.0986122886681098,0,15.201805169084134,0,40,0,6,10,11,5,2,0,NA,3.7376696182833684,0,0.7453550137404849
ESP,2122,Cádiz,17,19,3,9,7,19,24,-5,18,0.95,19,5,6,8,16,27,-11,21,1.11,33,28.5,41.3,38,3420,35,21,56,32,3,6,105,3,0.92,0.55,1.47,0.84,1.39,418,172,270,1.03,35,51,-16,-0.42,NA,39,1,1,0,0,43,38,0,0,5,6.690972222222222,0.6976744186046512,1.558139534883721,2.604651162790698,0,8,0,0,2,6,332,24,37300000,0,0,0,37300000,41427,66700000,2021212.121212121,1500000,0.40251526782050356,0.09761749583604895,0.2194462548579429,0.4223342874017537,0.2698650674662669,2878304.0046346583,33,3954545.4545454546,1.03,17.434503911423697,0,0,0,0,42,0,5,11,12,4,2,0,1.16,3.784189633918261,0,0.72784698967772965
ESP,2223,Cádiz,14,19,7,6,6,19,23,-4,27,1.42,19,3,6,10,11,30,-19,15,0.79,38,29.1,41.9,38,3420,29,20,49,25,4,5,116,7,0.76,0.53,1.29,0.66,1.18,418,183,244,1.11,30,53,-23,-0.61,NA,42,1,1,0,0,39,38,0,0,1,7.740679824561403,0.6410256410256411,1.5384615384615385,2.4871794871794872,0,8,1,1,0,6,820,99,181100000,10000000,75000000,0,96100000,38101,63200000,1708108.1081081082,1500000,0.38752263720112334,0.05527413978635731,0.17411616493005433,0.411520697913103,0.25316455696202533,2547984.304873888,37,3272727.272727273,1.11,19.01455992837545,0.6931471805599453,0.6931471805599453,16.118095750958314,18.132998684833918,38,0,2,3,5,1,1,0,1.03,3.6888794541139363,0,0.7785507598225768
ESP,2324,Cádiz,18,19,5,9,5,16,19,-3,24,1.26,19,1,6,12,10,36,-26,9,0.47,34,28.5,43.3,38,3420,25,17,42,22,3,3,107,7,0.66,0.45,1.11,0.58,1.03,418,186,257,0.87,26,55,-29,-0.76,Relegated,33,1,1,0,0,40,38,0,0,2,7.306623931623932,0.675,1.65,2.3,0,5,1,2,0,2,768,53,41200000,2000000,27000000,0,12200000,38339,57200000,1682352.9411764706,1500000,0.3902814366571898,0.04702783066850987,0.15323821695923212,0.43963389551624865,0.2972027972027972,2365087.769634054,34,3227272.727272727,0.87,17.5339488385916,0.6931471805599453,1.0986122886681098,14.508658238524095,17.11134746100564,39,0,2,5,8,1,2,0,1.11,3.713572066704308,0,0.7328440976330872
GER,1516,Darmstadt 98,14,17,2,6,9,15,29,-14,12,0.71,17,7,5,5,23,24,-1,26,1.53,23,27.5,33.2,34,3060,38,30,68,36,2,4,88,0,1.12,0.88,2,1.06,1.94,374,99,139,1.12,38,53,-15,-0.44,NA,38,0,0,0,0,37,34,0,0,3,7.80150462962963,0.7567567567567568,1.5675675675675675,2.3513513513513513,0,28,3,1,0,24,517,46,39350000,9500000,0,0,29850000,36628,23950000,1041304.3478260869,1000000,0.3964999453969641,0.024434858578136945,0.24942666812274764,0.33457384042842886,0.29227557411273486,1435094.7362673364,23,1545454.5454545454,1.12,17.488006558240645,1.3862943611198906,0.6931471805599453,16.066802461833923,0,36,0,0,3,4,0,1,0,NA,3.6375861597263857,0,0.9285907117023942
GER,1617,Darmstadt 98,18,17,6,3,8,18,25,-7,21,1.24,17,1,1,15,10,38,-28,4,0.24,31,27.6,38.3,34,3060,28,16,44,23,5,7,76,5,0.82,0.47,1.29,0.68,1.15,374,100,137,0.74,28,63,-35,-1.03,Relegated,25,0,0,0,0,36,34,0,0,2,7.771428571428571,0.8055555555555556,1.6388888888888888,2.388888888888889,0,38,6,0,2,30,954,109,78750000,19000000,0,750000,59000000,35508,24650000,795161.2903225806,700000,0.4017404528556945,0.11546693702827532,0.16962374676129324,0.3265065759340444,0.2332657200811359,1049815.5345274305,31,1318181.8181818181,0.74,18.18178884836843,1.9459101490553132,0,16.759949589762293,0,35,0,1,3,5,2,1,0,1.12,3.6109179126442243,0,0.7964117848139128
GER,2324,Darmstadt 98,18,17,1,3,13,15,44,-29,6,0.35,17,2,5,10,15,42,-27,11,0.65,32,27.1,45.7,34,3060,28,21,49,25,3,3,83,4,0.82,0.62,1.44,0.74,1.35,374,163,141,0.5,30,86,-56,-1.65,Relegated,17,1,1,0,0,35,34,0,0,1,8.173406862745098,0.6285714285714286,1.4285714285714286,2.1714285714285713,0,34,6,4,2,22,1906,192,236400000,26100000,70000000,8400000,131900000,34390,37900000,1263333.3333333333,1000000,0.3476592032567607,0.19671416109334108,0.18711834835708055,0.3300791556728231,0.22427440633245382,1508758.3599883688,30,2118181.8181818184,0.5,19.281035847726336,1.9459101490553132,1.6094379124341003,17.077445910607096,18.064005814299346,34,0,0,1,1,0,1,0,0.74,3.58351893845611,0,0.7122893545009465
ESP,1516,Dep La Coruña,15,19,4,8,7,25,34,-9,20,1.05,19,4,10,5,20,27,-7,22,1.16,25,28.2,47.1,38,3420,41,31,72,40,1,1,86,4,1.08,0.82,1.89,1.05,1.87,418,101,164,1.11,45,61,-16,-0.42,NA,42,0,0,0,0,42,38,0,0,4,6.486280487804878,0.8333333333333334,1.7857142857142858,2.738095238095238,0,22,11,0,0,11,936,121,224500000,116800000,0,0,107700000,41480,60050000,2309615.3846153845,2000000,0.4200578592092575,0.09428640308582449,0.2012536162005786,0.4230769230769229,0.2997502081598668,3143938.042430087,26,3954545.4545454546,1.11,19.229386269600926,2.4849066497880004,0,18.575973636920043,0,41,0,2,10,11,6,2,0,NA,3.7612001156935624,0,0.7950188153271485
ESP,1617,Dep La Coruña,16,19,7,5,7,27,23,4,26,1.37,19,1,7,11,16,38,-22,10,0.53,28,27.7,47,38,3420,42,29,71,39,3,7,97,4,1.11,0.76,1.87,1.03,1.79,418,107,159,0.95,43,61,-18,-0.47,NA,36,0,0,0,0,42,38,0,0,4,6.679878048780488,0.7142857142857143,1.7142857142857142,2.5476190476190474,0,28,13,0,0,15,697,105,264100000,109200000,0,0,154900000,41027,68800000,2752000,2500000,0.3706827211348624,0.1653788968240427,0.20055085675287007,0.39034883720930225,0.2688953488372093,3444853.3892314816,25,4636363.636363637,0.95,19.391838381053805,2.6390573296152584,0,18.508691630432587,0,41,0,5,11,13,4,2,0,1.11,3.7612001156935624,0,0.7430075937558097
ESP,1718,Dep La Coruña,18,19,4,6,9,22,33,-11,18,0.95,19,2,5,12,16,43,-27,11,0.58,32,28.2,46.8,38,3420,38,30,68,35,3,5,100,2,1,0.79,1.79,0.92,1.71,418,113,150,0.76,38,76,-38,-1,Relegated,29,0,0,0,0,40,38,0,0,2,6.989049145299146,0.725,1.625,2.5,0,42,24,4,2,12,1118,145,356000000,204400000,17000000,13500000,121100000,39424,66000000,2000000,1500000,0.4652242288961039,0.06775060876623376,0.15056818181818182,0.48365472910927454,0.29545454545454547,3010945.109577922,33,4181818.1818181816,0.76,19.690441291625294,3.2188758248682006,1.6094379124341003,19.135589421186193,16.648723960844016,39,0,4,6,8,3,1,0,0.95,3.713572066704308,0,0.7200086131599379
FRA,1617,Dijon,16,19,7,6,6,27,21,6,27,1.42,19,1,7,11,19,37,-18,10,0.53,27,27.7,46.4,38,3420,42,29,71,39,3,4,74,3,1.11,0.76,1.87,1.03,1.79,418,108,157,0.97,46,58,-12,-0.32,NA,37,0,0,0,0,41,38,0,0,3,7.001041666666667,0.7317073170731707,1.6585365853658536,2.5121951219512195,0,16,7,1,1,7,652,93,57750000,26700000,1250000,900000,28900000,38934,29550000,1094444.4444444445,900000,0.4222787281039708,0.20637489084091026,0.22371192274104895,0.36861565457166146,0.2876480541455161,1424440.0780808548,27,1795454.5454545454,0.97,17.871633924682193,2.0794415416798357,0.6931471805599453,17.10017416082366,14.038654909278163,40,0,3,7,9,5,2,0,NA,3.7376696182833684,0,0.7933590308298433
FRA,1718,Dijon,11,19,11,3,5,35,28,7,36,1.89,19,2,6,11,20,45,-25,12,0.63,26,26.6,48.4,38,3420,52,36,88,47,5,5,70,5,1.37,0.95,2.32,1.24,2.18,418,111,154,1.26,55,73,-18,-0.47,NA,48,0,0,0,0,40,38,0,0,2,7.333333333333333,0.75,1.6,2.375,0,11,4,1,0,6,845,119,468250000,75500000,46000000,0,346750000,39842,68900000,2650000,1875000,0.32759399628532704,0.07607549821796095,0.1666081020029115,0.46416210784861,0.29753265602322204,3668870.789618995,26,4909090.909090909,1.26,19.964512901424083,1.6094379124341003,0.6931471805599453,18.139643227464287,17.6441519761925,39,0,3,4,5,3,1,0,0.97,3.713572066704308,0,0.7473625682557212
FRA,1819,Dijon,18,19,6,4,9,18,29,-11,22,1.16,19,3,3,13,13,31,-18,12,0.63,26,27.1,47.9,38,3420,29,21,50,26,3,4,79,7,0.76,0.55,1.32,0.68,1.24,418,112,154,0.89,31,60,-29,-0.76,→ French 1/2 Relegation/Promotion play-offs,34,0,0,0,0,46,38,0,0,8,6.556481481481481,0.8478260869565217,1.826086956521739,2.6739130434782608,0,13,5,0,0,8,605,79,331750000,58000000,0,0,273750000,42620,64250000,2677083.3333333335,2000000,0.2823791647114031,0.15232285312060065,0.16008916001877052,0.41825551232166003,0.32684824902723736,2972690.0516189584,24,4409090.909090909,0.89,19.61989223419091,1.791759469228055,0,17.87595358575207,0,45,0,5,11,12,6,1,0,1.26,3.8501476017100584,0,0.6742183622228565
FRA,1920,Dijon,16,14,6,6,2,20,15,5,24,1.71,14,1,3,10,7,22,-15,6,0.43,28,26.9,46.5,28,2520,26,17,43,25,1,1,43,2,0.93,0.61,1.54,0.89,1.5,308,82,114,1.07,27,37,-10,-0.36,NA,30,0,0,1,0,43,38,0,0,5,6.825,0.7209302325581395,1.627906976744186,2.2790697674418605,0,11,0,0,1,10,419,50,107200000,0,0,3200000,104000000,32893,49675000,1910576.923076923,1500000,0.2981789438482352,0.20052898793056273,0.10920256589547928,0.39543571677441824,0.29793658782083543,2198756.5743471254,26,3236363.6363636362,1.07,18.490206815929334,0,0,0,0,35,0,3,6,10,6,3,1,0.89,3.784189633918261,0,0.6793910763432129
FRA,2021,Dijon,20,19,1,6,12,8,31,-23,9,0.47,19,3,3,13,17,42,-25,12,0.63,33,25.7,46.2,38,3420,25,15,40,22,3,5,76,5,0.66,0.39,1.05,0.58,0.97,418,150,179,0.55,25,73,-48,-1.26,Relegated,21,1,0,1,0,39,38,0,0,1,7.214912280701754,0.8461538461538461,1.6153846153846154,2.5641025641025643,0,12,3,0,3,6,595,74,182400000,42500000,0,13000000,126900000,38036,56400000,1880000,1350000,0.33194868019770746,0.17312546009044064,0.14941108423598695,0.4232269503546098,0.2925531914893617,2244486.8019770742,30,3500000,0.55,19.02171264108696,1.3862943611198906,0,17.565014657424058,0,38,0,0,6,10,6,3,1,1.07,3.6888794541139363,0,0.6412819434220212
GER,1516,Dortmund,2,17,14,3,0,49,14,35,45,2.65,17,10,3,4,33,20,13,33,1.94,26,25.6,63.9,34,3060,80,64,144,76,4,6,39,NA,2.35,1.88,4.24,2.24,4.12,374,97,141,2.29,82,34,48,1.41,→ Champions League via league finish,78,0,0,0,0,56,34,16,0,6,5.380997474747475,1.1785714285714286,2.4464285714285716,3.6607142857142856,1,94,12,0,1,81,1018,186,3220000000,601000000,0,0,2619000000,51374,351500000,13519230.76923077,8000000,0.39266944368746837,0.09617705454120762,0.20436407521314284,0.4972644709486813,0.36415362731152207,19305261.41628061,26,25181818.181818184,2.29,21.892647196813286,2.5649493574615367,0,20.214105494163377,0,55,0,19,25,27,17,5,1,NA,4.04305126783455,1,0.7666349298883995
GER,1617,Dortmund,3,17,13,4,0,41,12,29,43,2.53,17,5,6,6,31,28,3,21,1.24,27,25.3,62,34,3060,71,49,120,66,5,7,57,NA,2.09,1.44,3.53,1.94,3.38,374,102,136,1.88,72,40,32,0.94,→ Champions League via league finish,64,0,0,0,0,51,34,10,0,7,5.7195833333333335,1.1372549019607843,2.2941176470588234,3.450980392156863,1,105,24,1,5,75,1838,321,4528250000,1000250000,12000000,600500000,2915500000,51094,385500000,13767857.142857144,9000000,0.38626844639292285,0.07073237562140369,0.17677222374447096,0.49342227163238817,0.3450064850843061,19679815.63392962,28,26727272.727272727,1.88,22.233601388558135,3.2188758248682006,0.6931471805599453,20.723515806701368,16.300417291085605,50,0,9,16,23,16,4,1,2.29,3.9512437185814275,1,0.7363196325619926
GER,1718,Dortmund,4,17,9,4,4,40,21,19,31,1.82,17,6,6,5,24,26,-2,24,1.41,30,25.9,59.1,34,3060,62,44,106,59,3,6,41,NA,1.82,1.29,3.12,1.74,3.03,374,95,141,1.62,64,47,17,0.5,→ Champions League via league finish,55,0,0,0,0,48,34,10,0,4,5.953014184397163,0.9791666666666666,2.1041666666666665,3.1875,1,94,13,5,0,76,2412,382,5907000000,720500000,1430000000,0,3756500000,47638,493000000,16433333.333333334,14000000,0.26344514883076536,0.15678659893362443,0.13356983920399682,0.4742393509127789,0.32454361054766734,19349563.373777237,30,31454545.454545453,1.62,22.4994039254408,2.6390573296152584,1.791759469228055,20.395455974791776,21.080940281917528,47,0,6,11,18,10,3,1,1.88,3.8918202981106265,0,0.6151595292241319
GER,1819,Dortmund,2,17,14,2,1,52,25,27,44,2.59,17,9,5,3,29,19,10,32,1.88,23,24.8,58.1,34,3060,80,60,140,76,4,4,40,3,2.35,1.76,4.12,2.24,4,374,100,137,2.24,81,44,37,1.09,→ Champions League via league finish,76,0,0,0,0,45,34,8,0,3,6.154119318181818,0.9777777777777777,2.088888888888889,3.088888888888889,1,79,20,2,1,56,1207,197,4710000000,1703000000,56500000,50000000,2900500000,45467,600300000,24012000,25000000,0.3383992785976642,0.10266786900389294,0.1697494886401126,0.4685523904714308,0.3498250874562719,31547781.907757275,25,42181818.18181818,2.24,22.272953745187053,3.044522437723423,1.0986122886681098,21.255657239214163,17.849751213815786,44,0,5,10,15,9,3,1,1.62,3.828641396489095,0,0.7479000021235561
GER,1920,Dortmund,2,17,11,3,3,46,17,29,36,2.12,17,10,3,4,38,24,14,33,1.94,27,25.8,60.4,34,3060,84,74,158,82,2,2,49,1,2.47,2.18,4.65,2.41,4.59,374,111,191,2.03,84,41,43,1.26,→ Champions League via league finish,69,0,0,1,0,46,34,8,0,4,7.306481481481481,0.9782608695652174,1.9565217391304348,2.9565217391304346,1,55,10,0,1,44,1174,174,3138000000,685300000,0,10500000,2442200000,45388,649400000,23192857.14285714,18000000,0.38798801445315945,0.09398960077553538,0.17901207367586147,0.4961942892340181,0.3741915614413305,32499464.616198115,28,43863636.36363637,2.03,21.866851491575925,2.3978952727983707,0,20.345367258015266,0,45,0,5,12,16,9,3,1,2.24,3.8501476017100584,1,0.7409204368459673
GER,2021,Dortmund,3,17,11,2,4,40,20,20,35,2.06,17,9,2,6,35,26,9,29,1.71,26,25.6,59.6,34,3060,74,57,131,71,3,7,44,1,2.18,1.68,3.85,2.09,3.76,374,139,163,1.88,75,46,29,0.85,→ Champions League via league finish,64,1,0,1,0,51,34,10,0,7,4.995625,1.1568627450980393,2.4705882352941178,3.6470588235294117,1,56,16,1,4,35,1664,296,6759000000,3510000000,110000000,320000000,2819000000,50787,621150000,23890384.615384616,15500000,0.3681453915372044,0.15058971784117983,0.1833343178372418,0.5562542182923733,0.45882637044192226,32550262.862543564,26,45636363.63636363,1.88,22.63414078721258,2.833213344056216,0.6931471805599453,21.978881874709085,18.5159909328476,50,0,7,19,28,15,5,1,2.03,3.9512437185814275,1,0.7132527718884049
GER,2122,Dortmund,2,17,13,0,4,52,28,24,39,2.29,17,9,3,5,33,24,9,30,1.76,33,25.9,59.2,34,3060,81,57,138,70,11,11,63,1,2.38,1.68,4.06,2.06,3.74,374,142,148,2.03,85,52,33,0.97,→ Champions League via league finish,69,1,1,0,0,46,34,8,0,4,6.217361111111111,0.9347826086956522,1.9130434782608696,2.869565217391304,1,76,25,2,10,39,2452,385,7872425000,3661500000,7500000,338500000,3864925000,45386,542375000,16435606.06060606,6500000,0.4543030890582999,0.03355660335786366,0.15017846913145022,0.6550371192915558,0.4885918414381194,27715698.122769136,33,40272727.27272727,2.03,22.786631984187185,3.258096538021482,1.0986122886681098,22.02113873673851,15.830413711839864,45,0,5,11,18,8,3,1,1.88,3.8501476017100584,1,0.6882001791206783
GER,2223,Dortmund,2,17,14,2,1,55,17,38,44,2.59,17,8,3,6,28,27,1,27,1.59,30,25.8,58.2,34,3060,81,61,142,77,4,6,66,0,2.38,1.79,4.18,2.26,4.06,374,151,152,2.09,83,44,39,1.15,→ Champions League via league finish,71,1,1,0,0,46,34,8,0,4,6.70625,1,2.260869565217391,3.4347826086956523,1,64,17,1,7,39,1658,267,4794400000,1609900000,35000000,65500000,3084000000,45534,561950000,18731666.666666668,12500000,0.4249791364694514,0.05668291825888347,0.18660780954890852,0.5558768573716522,0.35590355013791264,30018306.100935563,30,40272727.27272727,2.09,22.290714407316827,2.8903717578961645,0.6931471805599453,21.19943790283368,17.370858648025116,45,0,6,12,19,9,6,1,2.03,3.8501476017100584,1,0.7453755465243593
GER,2324,Dortmund,5,17,10,3,4,37,22,15,33,1.94,17,8,6,3,31,21,10,30,1.76,32,26.8,57.8,34,3060,68,49,117,62,6,6,59,4,2,1.44,3.44,1.82,3.26,374,153,153,1.85,68,43,25,0.74,→ Champions League via league finish,63,1,1,0,0,50,34,13,0,3,6.003826530612245,1.02,2.1,3.2,1,68,10,1,12,45,1311,240,3111700000,806500000,10000000,368000000,1927200000,49270,483900000,16130000,12500000,0.37562411203572155,0.06856099046072661,0.16200527704485487,0.4728731831645656,0.24798512089274644,22181603.40978283,30,31636363.636363637,1.85,21.85843503790877,2.3978952727983707,0.6931471805599453,20.508214456769462,16.118095750958314,49,0,5,15,20,12,4,1,2.09,3.9318256327243257,0,0.701142636516124
GER,2425,Dortmund,4,17,11,3,3,44,19,25,36,2.12,17,6,3,8,27,32,-5,21,1.24,28,26.6,58.9,34,3060,69,56,125,64,5,6,71,6,2.03,1.65,3.68,1.88,3.53,374,154,147,1.68,71,51,20,0.59,→ Champions League via league finish,57,1,1,0,0,50,34,14,0,2,5.569302721088436,0.96,2.24,3.36,1,55,14,4,8,29,1481,261,4318850000,1545050000,38000000,275800000,2460000000,49646,472850000,16305172.413793104,8500000,0.4197317004391089,0.022781291544132456,0.1765298312049309,0.5084356415426632,0.29607698001480387,24118209.926278047,29,33000000,1.68,22.186255000291773,2.70805020110221,1.6094379124341003,21.158322109879244,17.453096744006448,49,0,5,11,21,7,3,1,1.85,3.9318256327243257,1,0.73085484625085
GER,1819,Düsseldorf,10,17,9,0,8,27,28,-1,27,1.59,17,4,5,8,22,37,-15,17,1,24,26.9,43.2,34,3060,48,35,83,43,5,7,67,1,1.41,1.03,2.44,1.26,2.29,374,97,140,1.29,49,65,-16,-0.47,NA,44,0,0,0,0,37,34,0,0,3,7.555555555555555,0.6756756756756757,1.5945945945945945,2.3783783783783785,0,33,9,1,0,23,1779,215,351450000,108350000,34000000,0,209100000,36621,93100000,3448148.1481481483,2000000,0.34908932033532675,0.1657245842549357,0.12410911771934136,0.5470024267016749,0.4189044038668099,4564471.205046285,27,6750000,1.29,19.677578014431543,2.302585092994046,0.6931471805599453,18.500877295175993,17.341871111992198,36,0,1,3,5,1,1,0,NA,3.6375861597263857,1,0.6762179563031533
GER,1920,Düsseldorf,17,17,4,6,7,18,28,-10,18,1.06,17,2,6,9,18,39,-21,12,0.71,28,27.1,45.6,34,3060,36,26,62,32,4,4,78,0,1.06,0.76,1.82,0.94,1.71,374,115,188,0.88,36,67,-31,-0.91,Relegated,30,0,0,1,0,38,34,0,0,4,8.702702702702702,0.7631578947368421,1.631578947368421,2.4473684210526314,0,28,12,1,0,15,1217,154,476300000,53100000,112000000,0,311200000,36761,64325000,2474038.4615384615,2200000,0.3557846630940399,0.18280242648458964,0.1603329615625255,0.3806840264282938,0.2767197823552274,3029602.0238840077,26,4063636.3636363638,0.88,19.981558467870606,2.5649493574615367,0.6931471805599453,17.78768750504456,18.53400943818794,37,0,2,5,8,3,1,0,1.29,3.6635616461296463,0,0.7455396479356619
ESP,1516,Eibar,14,19,8,5,6,26,22,4,29,1.53,19,3,5,11,23,39,-16,14,0.74,28,25.6,45.2,38,3420,47,31,78,41,6,8,108,4,1.24,0.82,2.05,1.08,1.89,419,111,155,1.13,49,61,-12,-0.32,NA,43,0,0,0,0,42,38,0,0,4,6.461890243902439,0.7857142857142857,1.7619047619047619,2.7857142857142856,0,14,9,2,0,3,664,67,106400000,76600000,4800000,0,25000000,41631,52800000,2030769.2307692308,1750000,0.37339963008335136,0.14145708726670028,0.20040354543489228,0.3569347319347318,0.22727272727272727,2678528.0199851072,26,3363636.3636363638,1.13,18.482716144270313,2.302585092994046,1.0986122886681098,18.15410764776565,15.38412668421143,41,0,2,7,10,3,3,1,NA,3.7612001156935624,0,0.7963191410766535
ESP,1617,Eibar,10,19,10,3,6,29,21,8,33,1.74,19,5,6,8,27,30,-3,21,1.11,24,26.9,47.8,38,3420,53,34,87,47,6,8,96,7,1.39,0.89,2.29,1.24,2.13,418,112,152,1.42,56,51,5,0.13,NA,54,0,0,0,0,44,38,0,0,6,6.3934108527131785,0.75,1.8181818181818181,2.7954545454545454,0,24,6,3,0,15,1727,223,460600000,39900000,99000000,0,321700000,43288,67650000,2706000,2500000,0.4122620587691739,0.12354463130659767,0.21144428017002403,0.402069475240207,0.29563932002956395,3596757.761966365,25,4454545.454545454,1.42,19.94804054752194,1.9459101490553132,1.3862943611198906,17.50188690692275,18.410630418199872,43,0,7,10,13,5,3,1,1.13,3.8066624897703196,0,0.807435415951633
ESP,1718,Eibar,9,19,8,4,7,26,19,7,28,1.47,19,6,5,8,18,31,-13,23,1.21,27,27.4,52,38,3420,43,31,74,41,2,3,86,3,1.13,0.82,1.95,1.08,1.89,418,113,153,1.34,44,50,-6,-0.16,NA,51,0,0,0,0,40,38,0,0,2,6.9706196581196584,0.65,1.625,2.475,0,26,11,1,0,14,1007,111,199400000,48000000,5000000,0,146400000,39566,55600000,1985714.2857142857,2000000,0.4449021887479149,0.06568771167163727,0.20196633473184047,0.3572070914696812,0.23381294964028776,2727734.6711823284,28,3272727.272727273,1.34,19.110823420507057,2.4849066497880004,0.6931471805599453,17.6867115897055,15.424948670398354,39,0,2,5,6,2,2,0,1.42,3.713572066704308,0,0.8334744828612669
ESP,1819,Eibar,12,19,9,6,4,31,21,10,33,1.74,19,2,8,9,15,29,-14,14,0.74,25,28.5,54,38,3420,46,26,72,39,7,8,82,2,1.21,0.68,1.89,1.03,1.71,418,111,154,1.24,46,50,-4,-0.11,NA,47,0,0,0,0,40,38,0,0,2,6.997863247863248,0.6,1.575,2.375,0,30,21,1,0,8,1208,135,388900000,262100000,3000000,0,123800000,39237,91250000,3802083.3333333335,2250000,0.3904732777735301,0.11438183347350715,0.1963452863368759,0.47344748858447483,0.3506849315068493,5145723.424318883,24,6636363.636363637,1.24,19.77883280169733,3.091042453358316,0.6931471805599453,19.384236672108972,14.914123179965662,39,0,2,6,7,1,1,0,1.34,3.713572066704308,0,0.7753829817466809
ESP,1920,Eibar,14,19,8,3,8,25,25,0,27,1.42,19,3,6,10,14,31,-17,15,0.79,26,29.3,46.3,38,3420,38,24,62,31,7,10,92,3,1,0.63,1.63,0.82,1.45,418,128,185,1.11,39,56,-17,-0.45,NA,42,0,0,1,0,41,38,0,0,3,8.4234375,0.8780487804878049,1.829268292682927,2.707317073170732,0,21,15,3,0,3,3094,128,247525000,134500000,93200000,0,19825000,38607,53750000,2067307.6923076923,1600000,0.34188100603517496,0.12044447898049576,0.19918667599140052,0.41255813953488363,0.3404651162790698,2737614.9402958015,26,3481818.1818181816,1.11,19.327022149012848,2.772588722239781,1.3862943611198906,18.71707476444111,18.350258290385433,40,0,5,12,12,6,5,1,1.24,3.7376696182833684,0,0.7862601656202042
ESP,2021,Eibar,20,19,2,7,10,12,21,-9,13,0.68,19,4,5,10,17,31,-14,17,0.89,30,28.2,49.3,38,3420,29,20,49,25,4,9,71,3,0.76,0.53,1.29,0.66,1.18,418,149,266,0.79,29,52,-23,-0.61,Relegated,30,1,0,1,0,41,38,0,0,3,6.302083333333333,0.7317073170731707,1.8048780487804879,2.975609756097561,0,7,5,0,0,2,93,17,77900000,44500000,0,0,33400000,40895,81700000,3025925.925925926,1500000,0.34637486245262256,0.20425479887516812,0.187651302115173,0.5584115327077384,0.5140758873929009,4058026.6536251376,27,5854545.454545454,0.79,18.17093652367795,1.791759469228055,0,17.61099976960838,0,40,0,4,7,7,3,2,0,1.11,3.7376696182833684,1,0.693141198600567
GER,1516,Eintracht Frankfurt,16,17,6,6,5,22,24,-2,24,1.41,17,3,3,11,12,28,-16,12,0.71,30,26.7,48,34,3060,32,25,57,30,2,2,99,0,0.94,0.74,1.68,0.88,1.62,374,91,147,1.06,34,52,-18,-0.53,→ German 1/2 Relegation/Promotion play-offs,36,0,0,0,0,38,34,0,0,4,7.816441441441442,0.7105263157894737,1.5263157894736843,2.3421052631578947,0,58,17,0,3,38,1312,155,362750000,127000000,0,6250000,229500000,35418,72950000,2515517.2413793104,2000000,0.3978485515839404,0.0808910723361003,0.18499068270370997,0.41005884994445885,0.27416038382453733,3329449.714834265,29,4500000,1.06,19.70922445248529,2.8903717578961645,0,18.65969765229688,0,37,0,1,4,5,2,1,0,NA,3.6635616461296463,0,0.7398777144076144
GER,1617,Eintracht Frankfurt,11,17,7,7,3,24,18,6,28,1.65,17,4,2,11,12,25,-13,14,0.82,26,25.9,49.9,34,3060,35,24,59,33,2,6,86,1,1.03,0.71,1.74,0.97,1.68,374,100,138,1.24,36,43,-7,-0.21,NA,42,0,0,0,0,40,34,0,0,6,7.158653846153846,0.75,1.7,2.575,0,65,9,3,2,51,2451,298,597300000,94250000,110000000,4500000,388550000,40349,71850000,2477586.206896552,2000000,0.4342362883838509,0.10686758036134725,0.199657984088825,0.40736208096369353,0.27139874739039666,3465535.701008699,29,4454545.454545454,1.24,20.207930059376736,2.302585092994046,1.3862943611198906,18.361461394902474,18.5159909328476,39,0,2,9,10,4,1,0,1.06,3.713572066704308,0,0.777977402267259
GER,1718,Eintracht Frankfurt,8,17,8,4,5,26,19,7,28,1.65,17,6,3,8,19,26,-7,21,1.24,28,26.4,47.9,34,3060,44,34,78,42,2,2,72,NA,1.29,1,2.29,1.24,2.24,374,101,137,1.44,45,45,0,0,NA,49,0,0,0,0,40,34,0,0,6,7.184294871794871,0.8,1.7,2.5,0,80,13,1,6,60,1973,256,935500000,98500000,42000000,29000000,766000000,37091,112900000,4181481.4814814813,3500000,0.34242808228411203,0.08737968779488285,0.22719797255398883,0.43765377423481944,0.2657218777679362,5877377.261330242,27,7727272.7272727275,1.44,20.656591704747367,2.6390573296152584,0.6931471805599453,18.405567116294602,17.553180200057167,39,0,4,7,8,5,2,0,1.24,3.713572066704308,0,0.7606017632309725
GER,1819,Eintracht Frankfurt,7,17,8,4,5,32,21,11,28,1.65,17,7,5,5,28,27,1,26,1.53,30,26.4,47.2,34,3060,60,42,102,56,4,4,60,3,1.76,1.24,3,1.65,2.88,374,93,145,1.59,60,48,12,0.35,→ Europa League via league finish,54,0,0,0,0,50,34,14,0,2,5.6896258503401365,1.06,2.24,3.34,1,58,15,3,1,39,1495,269,1991500000,636500000,5500000,2000000,1347500000,45545,278850000,9958928.57142857,4000000,0.4640026347568339,0.18777033702931167,0.19593808321440334,0.6321306898229975,0.502062040523579,15885031.287737403,28,21772727.272727273,1.59,21.41215396108811,2.772588722239781,1.3862943611198906,20.27149497753283,15.520258832020865,49,0,13,16,18,10,3,1,1.44,3.9318256327243257,1,0.7295839004806323
GER,1920,Eintracht Frankfurt,9,17,8,4,5,36,27,9,28,1.65,17,5,2,10,23,33,-10,17,1,27,27,50.9,34,3060,57,45,102,55,2,2,71,4,1.68,1.32,3,1.62,2.94,374,109,194,1.32,59,60,-1,-0.03,NA,45,0,0,1,0,55,34,16,0,5,7.000771604938271,1.1272727272727272,2.4,3.418181818181818,1,79,13,2,3,61,1361,174,985200000,310500000,4800000,35200000,634700000,48402,207375000,7680555.555555556,6500000,0.3115367133589521,0.19449609520267758,0.1401181769348374,0.5107315875248366,0.378541289933695,9897887.483988265,27,14681818.181818182,1.32,20.70835522522568,2.6390573296152584,1.0986122886681098,19.55369446255842,15.38412668421143,54,0,14,19,22,15,4,1,1.59,4.02535169073515,1,0.6741595190332564
GER,2021,Eintracht Frankfurt,5,17,10,7,0,37,20,17,37,2.18,17,6,5,6,32,33,-1,23,1.35,25,27.2,53.7,34,3060,63,52,115,55,8,8,82,1,1.85,1.53,3.38,1.62,3.15,374,136,165,1.76,69,53,16,0.47,→ Europa League via league finish,60,1,0,1,0,36,34,0,0,2,7.2,0.75,1.6111111111111112,2.4722222222222223,0,31,9,2,2,18,576,83,959500000,294100000,38000000,23500000,603900000,34364,243350000,11061363.636363637,5750000,0.3228960540100105,0.14299848678849958,0.22401350250261903,0.5612660403085716,0.44380521882062873,15181157.606797813,22,19772727.272727273,1.76,20.681922874454237,2.302585092994046,1.0986122886681098,19.49943040692443,17.453096744006448,35,0,1,4,7,1,2,0,1.32,3.6109179126442243,1,0.7677826835621882
GER,2122,Eintracht Frankfurt,11,17,4,7,6,20,22,-2,19,1.12,17,6,5,6,25,27,-2,23,1.35,27,26.2,49.6,34,3060,43,33,76,42,1,2,61,1,1.26,0.97,2.24,1.24,2.21,374,144,160,1.24,45,49,-4,-0.12,NA,42,1,1,0,0,48,34,13,0,1,6.026152482269503,0.9583333333333334,2,3,1,54,12,1,12,29,1044,158,860250000,317800000,6000000,67200000,469250000,48105,224250000,8008928.571428572,3250000,0.4935869452239892,0.09069743269930361,0.22683712711776322,0.5540293040293038,0.34782608695652173,13591227.523126494,28,16909090.90909091,1.24,20.572733603804316,2.5649493574615367,0.6931471805599453,19.576932815213524,15.607270193858982,47,0,11,13,14,7,2,0,1.76,3.8918202981106265,1,0.8037822728730721
GER,2223,Eintracht Frankfurt,7,17,9,5,3,35,18,17,32,1.88,17,4,6,7,23,34,-11,18,1.06,28,26.4,52.9,34,3060,56,33,89,50,6,6,71,1,1.65,0.97,2.62,1.47,2.44,374,148,158,1.47,58,52,6,0.18,→ Conference League via league finish,50,1,1,0,0,49,34,8,0,7,6.374334490740741,1.0408163265306123,2.2448979591836733,3.4285714285714284,1,45,15,1,1,28,1043,149,1147000000,314000000,32000000,2000000,799000000,48423,318450000,11373214.285714285,7000000,0.43846932242942405,0.0999111992235095,0.2036635483138178,0.5913072247269138,0.427068613597111,18318078.185985997,28,23772727.272727273,1.47,20.860415675965484,2.772588722239781,0.6931471805599453,19.56490354705724,17.281246492014,48,0,6,12,21,11,6,1,1.24,3.912023005428146,1,0.7705501340185315
GER,2324,Eintracht Frankfurt,6,17,7,8,2,29,21,8,29,1.71,17,4,6,7,22,29,-7,18,1.06,34,25.3,52.1,34,3060,48,36,84,46,2,3,70,5,1.41,1.06,2.47,1.35,2.41,374,164,142,1.38,51,50,1,0.03,→ Europa League via league finish,47,1,1,0,0,47,34,10,10,3,6.065217391304348,0.9148936170212766,2.0425531914893615,2.9574468085106385,1,43,12,2,8,21,1228,180,1196900000,437000000,263000000,122000000,374900000,43915,318100000,9639393.93939394,5000000,0.3735397927815097,0.03581919617442787,0.1452578845496983,0.5625827593762205,0.33951587551084567,13668131.617898213,33,22090909.09090909,1.38,20.903000718679092,2.5649493574615367,1.0986122886681098,19.895443755348193,19.38766459394432,46,0,13,15,15,8,4,1,1.47,3.871201010907891,1,0.6187220073945693
GER,2425,Eintracht Frankfurt,3,17,10,4,3,41,22,19,34,2,17,7,5,5,27,24,3,26,1.53,26,24.9,49.7,34,3060,68,47,115,65,3,5,55,1,2,1.38,3.38,1.91,3.29,374,162,144,1.76,68,46,22,0.65,→ Champions League via league finish,60,1,1,0,0,49,34,12,0,3,5.641276041666667,1.0204081632653061,2.183673469387755,3.142857142857143,1,50,12,4,4,30,1116,176,1820950000,666450000,119500000,59500000,975500000,48419,428350000,15864814.814814815,9000000,0.3162807988599517,0.17697598050352134,0.18814928024122762,0.5399616962591167,0.44356250729543595,21674774.365435056,27,31000000,1.76,21.322624180423116,2.5649493574615367,1.6094379124341003,20.31747567751479,18.59882693770404,48,0,14,18,18,10,3,1,1.38,3.912023005428146,1,0.6991862698527438
ESP,2021,Elche,17,19,5,8,6,18,23,-5,23,1.21,19,3,4,12,16,32,-16,13,0.68,30,28.1,47.5,38,3420,33,25,58,31,2,3,99,3,0.87,0.66,1.53,0.82,1.47,418,152,298,0.95,34,55,-21,-0.55,NA,36,1,0,1,0,41,38,0,0,3,5.949479166666666,0.8780487804878049,1.853658536585366,3.048780487804878,0,5,2,2,0,1,89,13,22900000,15800000,7100000,0,0,40352,43450000,1551785.7142857143,1100000,0.3407513877874703,0.17362212529738302,0.20769726407613007,0.3764178859115568,0.2646720368239356,1892605.0753370342,28,2663636.3636363638,0.95,16.94664751219259,1.0986122886681098,1.0986122886681098,16.575520561288332,15.775605482856605,40,0,5,8,12,5,2,0,NA,3.7376696182833684,0,0.7105343286248251
ESP,2122,Elche,13,19,7,6,6,24,21,3,27,1.42,19,4,3,12,16,31,-15,15,0.79,28,29.1,48.4,38,3420,39,29,68,38,1,1,104,6,1.03,0.76,1.79,1,1.76,418,179,255,1.11,40,52,-12,-0.32,NA,42,1,1,0,0,42,38,0,0,4,6.80030487804878,0.7857142857142857,1.6904761904761905,2.4047619047619047,0,1,0,0,0,1,31,4,4000000,0,0,0,4000000,39226,59900000,2604347.8260869565,2000000,0.28922143476265744,0.16983633304440932,0.18306735328608575,0.4446541337010961,0.4006677796327212,2905514.1997654615,23,4227272.7272727275,1.11,15.201805169084134,0,0,0,0,41,0,4,6,9,3,1,0,0.95,3.7612001156935624,0,0.687325939729464
ESP,2223,Elche,20,19,3,6,10,18,29,-11,15,0.79,19,2,4,13,12,38,-26,10,0.53,32,28.3,45.5,38,3420,30,21,51,26,4,5,99,12,0.79,0.55,1.34,0.68,1.24,418,177,242,0.66,30,67,-37,-0.97,Relegated,25,1,1,0,0,41,38,0,0,3,7.324479166666666,0.7073170731707317,1.5609756097560976,2.4634146341463414,0,3,1,2,0,0,197,26,50000000,33000000,17000000,0,0,40234,67500000,2177419.35483871,1800000,0.36837003529353285,0.13558184619973157,0.1527066660038773,0.34418160095579453,0.25925925925925924,2627576.179350798,31,3663636.3636363638,0.66,17.72753358339242,0.6931471805599453,1.0986122886681098,17.312018149733785,16.648723960844016,40,0,2,5,9,2,2,0,1.11,3.7376696182833684,0,0.7172044161999697
ITA,1516,Empoli,10,19,7,6,6,22,20,2,27,1.42,19,5,4,10,18,29,-11,19,1,29,25.4,52.5,38,3420,39,29,68,38,1,2,101,0,1.03,0.76,1.79,1,1.76,418,112,324,1.21,40,49,-9,-0.24,NA,46,0,0,0,0,39,38,0,0,1,7.2105263157894735,0.6410256410256411,1.5384615384615385,2.41025641025641,0,17,10,0,0,7,768,92,127400000,45800000,0,0,81600000,38522,73025000,2518103.4482758623,1000000,0.4698873371060693,0.15147188619490162,0.2158766419189035,0.6188716665289402,0.4519000342348511,4345878.978246197,29,5618181.818181818,1.21,18.66284230895163,2.3978952727983707,0,17.639794670918473,0,38,0,0,2,5,0,1,0,NA,3.6888794541139363,1,0.7735383294612972
ITA,1617,Empoli,18,19,5,4,10,16,29,-13,19,1,19,3,4,12,13,32,-19,13,0.68,29,26.8,49,38,3420,29,19,48,25,4,5,107,0,0.76,0.5,1.26,0.66,1.16,418,111,334,0.84,29,61,-32,-0.84,Relegated,32,0,0,0,0,40,38,0,0,2,7.384615384615385,0.775,1.525,2.3,0,34,16,0,0,18,587,89,134000000,34700000,0,0,99300000,39848,52950000,1825862.0689655172,1000000,0.3710851234691829,0.1858813491266814,0.1814394699859466,0.5328383966656898,0.4154863078375826,2309839.8915880346,29,3690909.090909091,0.84,18.71335036537787,2.833213344056216,0,17.36225027373553,0,39,0,1,4,6,2,1,0,1.21,3.713572066704308,1,0.6258186898391227
ITA,1819,Empoli,18,19,9,3,7,33,30,3,30,1.58,19,1,5,13,18,40,-22,8,0.42,29,26.4,47.9,38,3420,48,36,84,44,4,7,74,3,1.26,0.95,2.21,1.16,2.11,418,106,319,1,51,70,-19,-0.5,Relegated,38,0,0,0,0,39,38,0,0,1,7.552631578947368,0.6153846153846154,1.4102564102564104,2.282051282051282,0,27,12,0,0,15,638,93,174900000,60600000,0,0,114300000,37652,94100000,3485185.185185185,1500000,0.37225114203760756,0.14009879953256135,0.17449272283012854,0.5644901011532255,0.38257173219978746,4964652.608095188,27,7254545.454545454,1,18.979724945706383,2.5649493574615367,0,17.91980546754119,0,38,0,2,2,3,1,1,0,0.84,3.6888794541139363,1,0.6843506101384345
ITA,2122,Empoli,14,19,4,5,10,28,44,-16,17,0.89,19,6,6,7,22,26,-4,24,1.26,28,24.5,47.4,38,3420,47,27,74,40,7,7,87,5,1.24,0.71,1.95,1.05,1.76,418,178,271,1.08,50,70,-20,-0.53,NA,41,1,1,0,0,41,38,0,0,3,6.978125,0.6341463414634146,1.6097560975609757,2.4390243902439024,0,32,6,1,0,25,1079,154,535600000,52500000,69000000,0,414100000,40779,122800000,3961290.3225806453,2500000,0.39326614188675546,0.09036513891954193,0.19941636626695114,0.5172585898917725,0.34201954397394135,5939859.97694892,31,8181818.181818182,1.08,20.098898173648358,1.9459101490553132,0.6931471805599453,17.77632374660947,18.049617077054286,40,0,1,5,8,1,2,0,1,3.7376696182833684,1,0.7259828860715346
ITA,2223,Empoli,14,19,8,4,7,22,23,-1,28,1.47,19,2,9,8,15,26,-11,15,0.79,32,25.3,47.3,38,3420,35,20,55,33,2,2,88,7,0.92,0.53,1.45,0.87,1.39,418,188,331,1.13,37,49,-12,-0.32,NA,43,1,1,0,0,39,38,0,0,1,7.921052631578948,0.6410256410256411,1.4871794871794872,2.4358974358974357,0,29,7,0,0,22,712,110,624600000,195700000,0,0,428900000,37843,119150000,3971666.6666666665,2500000,0.3808366144333166,0.11589990222762465,0.20249451681949104,0.48536858301860386,0.34410407049937053,5693434.717120736,30,7818181.818181818,1.13,20.252622004414278,2.0794415416798357,0,19.092093437476166,0,38,0,1,3,5,1,1,0,1.08,3.6888794541139363,0,0.7282300219573035
ITA,2324,Empoli,17,19,5,5,9,15,23,-8,20,1.05,19,4,4,11,14,31,-17,16,0.84,34,26,44,38,3420,26,19,45,21,5,5,88,1,0.68,0.5,1.18,0.55,1.05,418,184,266,0.95,29,54,-25,-0.66,NA,36,1,1,0,0,39,38,0,0,1,7.582236842105263,0.5897435897435898,1.358974358974359,2.1794871794871793,0,39,11,4,0,24,1331,191,544700000,102000000,125500000,0,317200000,38610,97500000,2785714.285714286,2000000,0.2971250971250971,0.12905982905982907,0.14136234136234135,0.44594871794871804,0.28717948717948716,3375304.325304325,35,5663636.363636363,0.95,20.115745744189777,2.4849066497880004,1.6094379124341003,18.440483381052466,18.64781632450424,38,0,0,1,2,1,1,0,1.13,3.6888794541139363,0,0.595960635286478
ITA,2425,Empoli,18,19,2,7,10,10,26,-16,13,0.68,19,4,6,9,23,33,-10,18,0.95,34,25.4,41.7,38,3420,31,21,52,29,2,3,68,5,0.82,0.55,1.37,0.76,1.32,418,169,292,0.82,33,59,-26,-0.68,Relegated,31,1,1,0,0,44,38,0,0,6,6.6976744186046515,0.7272727272727273,1.6818181818181819,2.522727272727273,0,45,11,3,0,31,2034,265,916400000,343900000,166000000,0,406500000,40588,90000000,2812500,1900000,0.36897605203508427,0.07108012220360697,0.1418892283433527,0.4585069444444445,0.28888888888888886,3751215.8766137776,32,5745454.545454546,0.82,20.63596350963484,2.4849066497880004,1.3862943611198906,19.655861478310317,18.927498352344912,43,0,1,4,6,2,1,0,0.95,3.8066624897703196,0,0.6529014975118916
ESP,1516,Espanyol,13,19,9,5,5,22,28,-6,32,1.68,19,3,2,14,18,46,-28,11,0.58,26,24.9,46.2,38,3420,38,29,67,37,1,3,132,5,1,0.76,1.76,0.97,1.74,418,106,160,1.13,40,74,-34,-0.89,NA,43,0,0,0,0,42,38,0,0,4,6.51270325203252,0.7619047619047619,1.7142857142857142,2.7142857142857144,0,23,11,0,0,12,823,120,280600000,118500000,0,0,162100000,41291,58200000,2238461.5384615385,2000000,0.355016831755104,0.12462764282773486,0.2134121237073454,0.38157546920433516,0.2920962199312715,2957741.396430215,26,3681818.1818181816,1.13,19.452440729196425,2.4849066497880004,0,18.590423526978277,0,41,0,2,5,10,3,3,1,NA,3.7612001156935624,0,0.8033371694007991
ESP,1617,Espanyol,8,19,8,5,6,28,24,4,29,1.53,19,7,6,6,21,26,-5,27,1.42,27,27.2,44,38,3420,48,36,84,46,2,4,82,2,1.26,0.95,2.21,1.21,2.16,418,105,161,1.47,49,50,-1,-0.03,NA,56,0,0,0,0,40,38,0,0,2,6.972756410256411,0.625,1.55,2.5,0,34,8,3,1,22,1286,156,361300000,68000000,76000000,1500000,215800000,39395,78000000,3120000,2000000,0.38177433684477724,0.1477852519355248,0.2385328087320726,0.43292307692307697,0.3141025641025641,4173755.5527351187,25,5454545.454545454,1.47,19.70521919888565,2.1972245773362196,1.3862943611198906,18.035018277846262,18.1462439114085,39,0,2,5,9,3,1,0,1.13,3.713572066704308,0,0.7651885180014385
ESP,1718,Espanyol,11,19,8,6,5,20,16,4,30,1.58,19,4,7,8,16,26,-10,19,1,25,26.8,46.9,38,3420,33,24,57,31,2,3,88,1,0.87,0.63,1.5,0.82,1.45,418,105,161,1.29,36,42,-6,-0.16,NA,49,0,0,0,0,44,38,0,0,6,6.366279069767442,0.7954545454545454,1.8636363636363635,2.772727272727273,0,29,8,2,0,19,596,84,177100000,53500000,13000000,0,110600000,42890,95300000,3970833.3333333335,1750000,0.42783865702961066,0.16027045931452552,0.22865469806481697,0.5420164393144455,0.45120671563483733,6094607.134530193,24,7363636.363636363,1.29,18.99222510839959,2.1972245773362196,1.0986122886681098,17.795192230557824,16.380459992348886,43,0,8,11,13,7,4,1,1.47,3.8066624897703196,1,0.8276626972818781
ESP,1819,Espanyol,7,19,11,3,5,28,22,6,36,1.89,19,3,8,8,20,28,-8,17,0.89,25,27.7,49.4,38,3420,43,26,69,39,4,4,92,2,1.13,0.68,1.82,1.03,1.71,418,114,152,1.39,48,50,-2,-0.05,→ Europa League via league finish,53,0,0,0,0,44,38,0,0,6,6.346899224806202,0.8409090909090909,1.9318181818181819,2.8636363636363638,0,25,12,2,0,11,980,150,746000000,145500000,315000000,0,285500000,42777,163700000,6548000,3000000,0.3883862823479907,0.22759894335741168,0.2359445496411623,0.6037874160048871,0.5070250458155162,10053844.35561166,25,12954545.454545455,1.39,20.430236159508517,2.5649493574615367,1.0986122886681098,18.795686651448673,19.56808319996451,43,0,4,9,12,7,3,1,1.29,3.8066624897703196,1,0.7760862309594965
ESP,1920,Espanyol,20,19,2,6,11,15,31,-16,12,0.63,19,3,4,12,12,27,-15,13,0.68,31,27.7,47.4,38,3420,25,17,42,21,4,4,107,9,0.66,0.45,1.11,0.55,1,418,130,189,0.66,27,58,-31,-0.82,Relegated,25,0,0,1,0,55,38,14,0,3,6.666666666666666,1.1818181818181819,2.3454545454545452,3.4545454545454546,1,25,14,0,2,9,895,127,512000000,299200000,0,0,212800000,46076,133050000,4157812.5,2400000,0.33351419394044624,0.17570969702231096,0.15250889834186995,0.5269987786546411,0.32318677189026684,5410662.817952948,32,9072727.272727273,0.66,20.053835184956906,2.70805020110221,0,19.516622807406844,0,54,0,16,22,25,20,4,1,1.39,4.02535169073515,1,0.5963656412573389
ESP,2122,Espanyol,14,19,9,6,4,25,19,6,33,1.74,19,1,6,12,15,34,-19,9,0.47,34,27.7,46.9,38,3420,39,25,64,34,5,5,99,7,1.03,0.66,1.68,0.89,1.55,418,181,269,1.11,40,53,-13,-0.34,NA,42,1,1,0,0,42,38,0,0,4,6.8516260162601625,0.7857142857142857,1.6666666666666667,2.4523809523809526,0,5,0,1,0,4,234,15,71000000,0,9000000,0,62000000,41179,127650000,3989062.5,2350000,0.41054906627164334,0.019645936035357827,0.19621651812817212,0.5967122013317665,0.4151978065021543,6709582.554214527,32,9045454.545454545,1.11,18.078190449090098,0,0.6931471805599453,0,16.012735246411598,41,0,3,10,11,5,2,0,0.66,3.7612001156935624,1,0.741762895440802
ESP,2223,Espanyol,19,19,4,7,8,27,35,-8,19,1,19,4,6,9,25,34,-9,18,0.95,33,27.6,43.1,38,3420,51,31,82,46,5,5,99,10,1.34,0.82,2.16,1.21,2.03,418,169,238,0.97,52,69,-17,-0.45,Relegated,37,1,1,0,0,42,38,0,0,4,7.199186991869919,0.6428571428571429,1.6904761904761905,2.6904761904761907,0,6,3,0,0,3,407,56,254000000,191000000,0,0,63000000,41669,116050000,3315714.285714286,2500000,0.49247642132040603,0.0494132328589599,0.18819746094218723,0.46361789868898873,0.2757432141318397,5223402.289471789,35,6818181.818181818,0.97,19.352844828919817,1.3862943611198906,0,19.067783991246507,0,41,0,3,8,9,4,2,0,1.11,3.7612001156935624,0,0.7660990024558624
ESP,2425,Espanyol,14,19,8,6,5,23,20,3,30,1.58,19,3,3,13,17,31,-14,12,0.63,27,25.2,39.8,38,3420,38,27,65,33,5,5,88,1,1,0.71,1.71,0.87,1.58,418,180,270,1.11,40,51,-11,-0.29,NA,42,1,1,0,0,40,38,0,0,2,7.12767094017094,0.7,1.575,2.325,0,4,1,0,0,3,286,34,77200000,2000000,0,0,75200000,36471,108150000,3729310.3448275863,2000000,0.47018178827013246,0.12461956074689479,0.2627018727207919,0.5751909066271301,0.4623208506703652,6834085.986125963,29,7772727.2727272725,1.11,18.161910027948373,0.6931471805599453,0,14.508658238524095,0,39,0,4,5,7,1,1,0,0.97,3.713572066704308,1,0.8792391327179602
ENG,1516,Everton,11,19,6,5,8,35,30,5,23,1.21,19,5,9,5,24,25,-1,24,1.26,31,26.5,51.9,38,3420,56,44,100,52,4,5,50,0,1.47,1.16,2.63,1.37,2.53,418,98,168,1.24,59,55,4,0.11,NA,47,0,0,0,0,49,38,0,0,11,5.854166666666667,0.8775510204081632,2,3.183673469387755,0,15,8,0,0,7,1161,192,837500000,438000000,0,0,399500000,49030,246000000,8785714.285714285,5250000,0.3920456863145013,0.10952478074648174,0.23112380175402814,0.5216318234610917,0.36585365853658536,12838823.169488069,28,17727272.727272727,1.24,20.545931822857526,2.1972245773362196,0,19.897729470623826,0,48,1,7,14,17,9,2,0,NA,3.912023005428146,1,0.7242413069967629
ENG,1617,Everton,7,19,13,4,2,42,16,26,43,2.26,19,4,6,9,20,28,-8,18,0.95,27,27.5,52.1,38,3420,58,45,103,55,3,4,74,1,1.53,1.18,2.71,1.45,2.63,418,107,158,1.61,62,44,18,0.47,→ Europa League via league finish,61,0,0,0,0,41,38,0,0,3,7.025,0.7560975609756098,1.5853658536585367,2.4146341463414633,0,13,5,2,0,6,1273,207,2897500000,427000000,2195000000,0,275500000,36708,258750000,10350000,8000000,0.37479568486433473,0.12890922959572845,0.2103901056990302,0.4841739130434781,0.3671497584541063,15048987.959028006,25,18545454.545454547,1.61,21.787114133523307,1.791759469228055,1.0986122886681098,19.87229457353482,21.509447883929127,40,0,2,6,8,3,2,0,1.24,3.7376696182833684,0,0.811465037006412
ENG,1718,Everton,8,19,10,4,5,28,22,6,34,1.79,19,3,6,10,16,36,-20,15,0.79,30,26.7,45.5,38,3420,42,26,68,37,5,8,55,NA,1.11,0.68,1.79,0.97,1.66,418,114,152,1.29,44,58,-14,-0.37,NA,49,0,0,0,0,51,38,10,0,3,5.795763888888889,0.9019607843137255,2.1372549019607843,3.2549019607843137,1,19,5,0,0,14,1642,275,2570500000,336000000,0,0,2234500000,46492,372750000,11295454.545454545,10000000,0.38675471048782584,0.23477157360406092,0.16149014884281165,0.3843668069020183,0.22266934942991282,13985965.32736815,33,20545454.545454547,1.29,21.667366269848863,1.791759469228055,0,19.632621720903668,0,50,0,11,17,19,10,4,1,1.61,3.9512437185814275,0,0.6807328256683612
ENG,1819,Everton,8,19,10,4,5,30,21,9,34,1.79,19,5,5,9,24,25,-1,20,1.05,23,25.7,51.5,38,3420,53,34,87,51,2,5,57,4,1.39,0.89,2.29,1.34,2.24,418,111,155,1.42,54,46,8,0.21,NA,54,0,0,0,0,42,38,0,0,4,6.680386178861789,0.8095238095238095,1.8095238095238095,2.6666666666666665,0,36,9,7,4,16,930,114,2061000000,380000000,353000000,45000000,1283000000,40430,442500000,18437500,19000000,0.45058125154588174,0.058545634429878805,0.24185011130348752,0.391854990583804,0.2824858757062147,26073175.859510265,24,29818181.818181816,1.42,21.446457139339934,2.302585092994046,2.0794415416798357,19.755681813316283,19.681978617730433,41,0,4,8,10,7,2,0,1.29,3.7612001156935624,0,0.874405287971381
ENG,1920,Everton,12,19,8,7,4,24,21,3,31,1.63,19,5,3,11,20,35,-15,18,0.95,24,25.5,49,38,3420,42,32,74,41,1,1,76,3,1.11,0.84,1.95,1.08,1.92,418,120,164,1.29,44,56,-12,-0.32,NA,49,0,0,1,0,43,38,0,0,5,8.358134920634921,0.8837209302325582,2.046511627906977,2.86046511627907,0,41,15,3,2,21,1879,224,4144000000,1679000000,69000000,32000000,2364000000,42830,406100000,17656521.739130434,16000000,0.32187718888629463,0.14966145225309363,0.2516693906140556,0.3236298619958673,0.2659443486825905,21641930.88956339,23,26363636.363636363,1.29,22.144927342144907,2.772588722239781,1.3862943611198906,21.241464215637407,18.049617077054286,42,0,6,11,14,5,3,1,1.42,3.784189633918261,0,0.8209008268455079
ENG,2021,Everton,10,19,6,4,9,24,28,-4,22,1.16,19,11,4,4,23,20,3,37,1.95,29,26.3,46.4,38,3420,45,32,77,41,4,5,59,2,1.18,0.84,2.03,1.08,1.92,418,106,206,1.55,47,48,-1,-0.03,NA,59,1,0,1,0,46,38,0,0,8,5.599537037037037,1,2.130434782608696,3.239130434782609,0,35,17,3,0,15,1313,190,2864600000,1249000000,175000000,0,1440600000,44147,475100000,15836666.666666666,14000000,0.42480802772555326,0.0477948671483906,0.22268783835821235,0.478825510418859,0.2841507051147127,24796923.913289692,30,30636363.636363637,1.55,21.775694561659126,2.8903717578961645,1.3862943611198906,20.94560906889049,18.980296537602072,45,0,8,15,19,12,4,1,1.29,3.8501476017100584,0,0.8093951425702867
ENG,2122,Everton,16,19,9,2,8,27,25,2,29,1.53,19,2,4,13,16,41,-25,10,0.53,33,26.7,40,38,3420,42,29,71,36,6,7,82,6,1.11,0.76,1.87,0.95,1.71,418,97,240,1.03,43,66,-23,-0.61,NA,39,1,1,0,0,44,38,0,0,6,6.535852713178294,0.9090909090909091,1.6136363636363635,2.590909090909091,0,26,13,0,3,10,1550,229,3633000000,1373600000,0,102000000,2157400000,41924,450300000,14071875,17000000,0.3399723308844576,0.062494036828546894,0.10867283656139681,0.4325102709304909,0.25094381523428827,18500481.82425341,32,25545454.545454547,1.03,22.01332459046073,2.6390573296152584,0,21.040700868275554,0,43,0,3,9,15,6,2,0,1.55,3.8066624897703196,0,0.7242181497038701
ENG,2223,Everton,17,19,6,3,10,16,27,-11,21,1.11,19,2,9,8,18,30,-12,15,0.79,28,26.6,42.8,38,3420,32,24,56,29,3,3,81,2,0.84,0.63,1.47,0.76,1.39,418,116,225,0.95,34,57,-23,-0.61,NA,36,1,1,0,0,41,38,0,0,3,7.373958333333333,0.7804878048780488,1.7073170731707317,2.658536585365854,0,18,8,1,1,8,1279,177,2167000000,1087000000,195000000,70000000,815000000,40318,380350000,12678333.333333334,10000000,0.4306017163549779,0.06570266382261025,0.18306959670618583,0.46729328250295765,0.2839489943473117,18740238.851133488,30,24363636.363636363,0.95,21.4966095599621,2.1972245773362196,0.6931471805599453,20.806687446005448,19.088510121656228,40,0,1,6,10,5,2,0,1.03,3.7376696182833684,0,0.7691889080689118
ENG,2324,Everton,15,19,8,4,7,22,18,4,28,1.47,19,5,5,9,18,33,-15,20,1.05,26,27.1,40.8,38,3420,40,17,57,38,2,3,82,1,1.05,0.45,1.5,1,1.45,418,121,218,1.26,40,51,-11,-0.29,8-point deduction 1 1. Everton were deducted 8 points for breaching financial regulations.,48,1,1,0,0,45,38,0,0,7,6.387310606060606,0.8888888888888888,1.9111111111111112,2.7111111111111112,0,16,6,1,1,8,661,88,1562000000,850000000,88000000,22000000,602000000,44813,377300000,14511538.461538462,12500000,0.3787963314216857,0.13074331109276327,0.2088902773748689,0.4588166935105711,0.3180492976411344,19969885.970588893,26,26000000,1.26,21.16923288900411,1.9459101490553132,0.6931471805599453,20.560746908625106,18.292847383806116,44,0,6,12,15,8,3,1,0.95,3.828641396489095,0,0.768072537330342
ENG,2425,Everton,13,19,5,9,5,26,23,3,24,1.26,19,6,6,7,16,21,-5,24,1.26,26,28,40.9,38,3420,39,27,66,37,2,2,82,2,1.03,0.71,1.74,0.97,1.68,418,130,211,1.26,42,44,-2,-0.05,NA,48,1,1,0,0,42,38,0,0,4,6.854674796747967,0.6904761904761905,1.619047619047619,2.619047619047619,0,25,9,3,1,12,1698,231,4001500000,1175500000,670000000,84000000,2072000000,NA,NA,NA,NA,NA,NA,NA,NA,NA,NA,NA,NA,1.26,22.10993512802128,2.302585092994046,1.3862943611198906,20.8849594267951,20.322788271841823,41,0,2,6,10,2,1,0,1.26,3.7612001156935624,NA,NA
ITA,1516,Fiorentina,5,19,11,5,3,34,16,18,38,2,19,7,5,7,26,26,0,26,1.37,26,27.6,61,38,3420,58,38,96,50,8,9,102,0,1.53,1,2.53,1.32,2.32,418,111,262,1.68,60,42,18,0.47,"→ Europa League via league finish 1 1. Since Coppa Italia winners Juventus qualified for Champions League, all Europa League berths were awarded based on league position.",64,0,0,0,0,47,38,8,0,1,5.782608695652174,0.8936170212765957,2.0638297872340425,3.2127659574468086,1,19,8,1,0,10,350,59,390000000,247500000,7000000,0,135500000,44757,171600000,7150000,7500000,0.3477221440221641,0.060616216457760795,0.19194762830395246,0.3328477078477077,0.26223776223776224,8715577.45157182,24,10636363.636363637,1.68,19.781657299652068,2.1972245773362196,0.6931471805599453,19.326921144013422,15.76142084987672,46,0,7,13,18,8,3,1,NA,3.871201010907891,0,0.8194132646776925
ITA,1617,Fiorentina,8,19,10,8,1,34,23,11,38,2,19,6,4,9,29,34,-5,22,1.16,30,27.3,58.3,38,3420,62,46,108,56,6,10,98,3,1.63,1.21,2.84,1.47,2.68,418,114,325,1.58,63,57,6,0.16,NA,60,0,0,0,0,48,38,8,0,2,5.9787234042553195,0.8958333333333334,2.1041666666666665,3.0833333333333335,1,24,7,3,0,14,582,56,610600000,125600000,1000000,0,484000000,46879,197400000,7050000,3750000,0.31828750613281,0.0735083939503829,0.13238336995243072,0.5237914314662033,0.3799392097264438,8975313.039953925,28,14136363.636363637,1.58,20.229952639902784,2.0794415416798357,1.3862943611198906,18.648612819960157,13.815511557963774,47,0,5,12,16,7,3,1,1.68,3.8918202981106265,1,0.6349096041124963
ITA,1718,Fiorentina,8,19,8,5,6,27,22,5,29,1.53,19,8,4,7,27,24,3,28,1.47,27,25,52.6,38,3420,53,32,85,46,7,8,89,NA,1.39,0.84,2.24,1.21,2.05,418,111,325,1.5,54,46,8,0.21,NA,57,0,0,0,0,40,38,0,0,2,6.997061965811966,0.725,1.675,2.575,0,19,3,1,0,15,397,54,290500000,31500000,7000000,0,252000000,39293,204600000,8184000,5000000,0.45774056447713335,0.07085231466164457,0.24556536787723005,0.5356793743890518,0.43010752688172044,12385396.890031304,25,15318181.818181818,1.5,19.48711413769858,1.3862943611198906,0.6931471805599453,17.265498135541893,15.76142084987672,39,0,1,5,9,3,1,0,1.58,3.713572066704308,1,0.8085422302097587
ITA,1819,Fiorentina,16,19,5,9,5,25,19,6,24,1.26,19,3,8,8,22,26,-4,17,0.89,27,24.1,50.4,38,3420,45,24,69,40,5,6,91,5,1.18,0.63,1.82,1.05,1.68,418,109,316,1.08,47,45,2,0.05,NA,41,0,0,0,0,42,38,0,0,4,6.658536585365853,0.7857142857142857,1.6666666666666667,2.619047619047619,0,18,3,2,0,13,563,71,1144400000,175400000,256000000,0,713000000,37884,272700000,10908000,7500000,0.48366064829479466,0.04577130186886284,0.24479991553162284,0.5498789878987898,0.40337367070040336,18733000.7390983,25,21000000,1.08,20.85814632001405,1.3862943611198906,1.0986122886681098,18.98257964360361,19.360688006350088,41,0,1,6,9,5,2,0,1.5,3.7612001156935624,1,0.8920476542427762
ITA,1920,Fiorentina,10,19,5,8,6,22,22,0,23,1.21,19,7,5,7,29,26,3,26,1.37,33,25.1,47.4,38,3420,48,30,78,39,9,11,105,5,1.26,0.79,2.05,1.03,1.82,418,129,323,1.29,51,48,3,0.08,NA,49,0,0,1,0,42,38,0,0,4,8.536331300813009,0.9523809523809523,1.9761904761904763,2.880952380952381,0,24,8,3,5,8,752,89,882200000,297100000,377300000,40000000,167800000,41354,274400000,8575000,4050000,0.38920056100981765,0.10975963631087682,0.2244039270687237,0.5373086734693877,0.33527696793002915,13336298.786090825,32,18545454.545454547,1.29,20.597929346768645,2.1972245773362196,1.3862943611198906,19.509579343798706,19.74855118758495,41,0,0,9,16,9,5,1,1.08,3.7612001156935624,1,0.7191141502303876
ITA,2021,Fiorentina,13,19,6,6,7,25,25,0,24,1.26,19,3,7,9,22,34,-12,16,0.84,30,26.6,46.3,38,3420,44,31,75,38,6,6,86,5,1.16,0.82,1.97,1,1.82,418,158,287,1.05,47,59,-12,-0.32,NA,40,1,0,1,0,41,38,0,0,3,6.127864583333333,0.8536585365853658,1.8780487804878048,2.8292682926829267,0,26,2,0,1,23,432,74,437300000,34000000,0,1500000,401800000,40800,222600000,7950000,4500000,0.411593137254902,0.1297794117647059,0.221078431372549,0.522076755230394,0.38185085354896675,12059142.156862745,28,15636363.636363637,1.05,19.896130018669908,1.0986122886681098,0,17.341871111992198,0,40,0,3,9,14,6,2,0,1.29,3.7376696182833684,1,0.7712242077063384
ITA,2122,Fiorentina,7,19,13,2,4,38,20,18,41,2.16,19,6,3,10,21,31,-10,21,1.11,28,26.4,57.7,38,3420,59,33,92,50,9,12,89,8,1.55,0.87,2.42,1.32,2.18,418,179,275,1.63,59,51,8,0.21,→ Europa Conference League via league finish,62,1,1,0,0,44,38,0,0,6,6.534641472868217,0.8181818181818182,1.7272727272727273,2.7045454545454546,0,39,10,0,2,27,918,150,1323700000,247100000,0,150000000,926600000,39894,306950000,10584482.75862069,6500000,0.37469293628114503,0.13949466085125584,0.18213265152654534,0.5808651302301284,0.42352174621273825,14409956.38441871,29,22181818.181818184,1.63,21.003696683439458,2.3978952727983707,0,19.325303675005784,0,43,0,0,6,11,3,2,0,1.05,3.8066624897703196,1,0.6496291812647779
ITA,2223,Fiorentina,8,19,9,6,4,30,22,8,33,1.74,19,6,5,8,23,21,2,23,1.21,30,26.5,56.1,38,3420,51,37,88,47,4,6,93,3,1.34,0.97,2.32,1.24,2.21,418,188,323,1.47,53,43,10,0.26,NA,56,1,1,0,0,60,38,17,17,5,5.03566384180791,1.3166666666666667,2.75,4.166666666666667,1,58,13,1,0,44,924,171,1798800000,552500000,6000000,0,1240300000,53757,248900000,8582758.620689655,5000000,0.38041557378573954,0.17543761742656772,0.15402645236899382,0.49860766683753344,0.32141422257934915,11710355.860632103,29,16909090.90909091,1.47,21.310385613416752,2.6390573296152584,0.6931471805599453,20.129963993166136,15.607270193858982,59,0,19,25,29,24,6,1,1.63,4.110873864173311,1,0.6925479272416835
ITA,2324,Fiorentina,8,19,10,5,4,37,22,15,35,1.84,19,7,4,8,24,24,0,25,1.32,30,27,57.4,38,3420,60,41,101,56,4,8,80,0,1.58,1.08,2.66,1.47,2.55,418,184,336,1.58,61,46,15,0.39,→ Conference League via league finish,60,1,1,0,0,58,38,15,15,5,5.050621345029239,1.0862068965517242,2.3275862068965516,3.603448275862069,1,51,12,5,0,34,1059,203,2047500000,404300000,72000000,0,1571200000,56722,250000000,8064516.129032258,6000000,0.34513945206445473,0.1448644265011812,0.12307393956489546,0.46482580645161287,0.308,10507947.533584852,31,15818181.818181818,1.58,21.439885374179898,2.5649493574615367,1.791759469228055,19.81766773708441,18.09217669086922,57,0,10,18,29,14,6,1,1.47,4.07753744390572,0,0.6642955337323757
ITA,2425,Fiorentina,6,19,12,4,3,32,18,14,40,2.11,19,7,4,8,28,23,5,25,1.32,34,26.3,51,38,3420,58,39,97,52,6,8,82,3,1.53,1.03,2.55,1.37,2.39,418,177,253,1.71,60,41,19,0.5,→ Conference League via league finish,65,1,1,0,0,53,38,14,14,1,5.405649038461538,0.9433962264150944,2.169811320754717,3.3207547169811322,1,34,11,1,0,22,1224,165,1557600000,542800000,100000000,0,914800000,44958,268100000,9244827.586206896,6000000,0.3618710796743627,0.09900351439120958,0.19834067351750523,0.4776910313959022,0.3431555389779933,13498358.467903376,29,17681818.181818184,1.71,21.166412012664278,2.4849066497880004,0.6931471805599453,20.11225148776729,18.420680753952364,52,0,10,11,16,6,3,1,1.58,3.9889840465642745,0,0.7634033066680571
GER,1617,Freiburg,7,17,10,2,5,23,24,-1,32,1.88,17,4,4,9,19,36,-17,16,0.94,25,24.7,46.7,34,3060,42,28,70,36,6,8,56,0,1.24,0.82,2.06,1.06,1.88,374,101,137,1.41,42,60,-18,-0.53,→ Europa League via league finish,48,0,0,0,0,36,34,0,0,2,7.8,0.6944444444444444,1.5277777777777777,2.3333333333333335,0,53,10,1,0,42,1071,135,392700000,80900000,0,0,311800000,35878,81350000,3254000,2500000,0.3615586153074307,0.04743854172473382,0.19309883494063215,0.49145666871542715,0.3933620159803319,4576549.696192653,25,5863636.363636363,1.41,19.788556522094712,2.3978952727983707,0.6931471805599453,18.20872439438966,0,35,0,1,3,5,3,1,0,NA,3.6109179126442243,1,0.7804968474127005
GER,1718,Freiburg,15,17,7,6,4,17,17,0,27,1.59,17,1,6,10,15,39,-24,9,0.53,29,24.8,44.8,34,3060,32,21,53,26,6,10,56,NA,0.94,0.62,1.56,0.76,1.38,374,96,142,1.06,32,56,-24,-0.71,NA,36,0,0,0,0,39,34,2,0,3,7.599141081871345,0.6923076923076923,1.564102564102564,2.3076923076923075,1,45,7,1,2,35,1219,161,395200000,103600000,2000000,9500000,280100000,35531,96100000,3559259.2592592593,2500000,0.42520615800287076,0.04624131040499845,0.19340857279558696,0.4996338690407369,0.3850156087408949,5235329.7120824065,27,6681818.181818182,1.06,19.79490252636835,2.0794415416798357,0.6931471805599453,18.456047897442165,14.508658238524095,38,0,2,4,6,2,2,0,1.41,3.6888794541139363,1,0.7835187324204962
GER,1819,Freiburg,13,17,6,7,4,32,27,5,25,1.47,17,2,5,10,14,34,-20,11,0.65,28,25.8,44,34,3060,44,25,69,39,5,6,57,3,1.29,0.74,2.03,1.15,1.88,374,101,137,1.06,46,61,-15,-0.44,NA,36,0,0,0,0,36,34,0,0,2,7.739285714285714,0.75,1.5277777777777777,2.2777777777777777,0,31,10,1,2,18,1743,205,710300000,191100000,67500000,4200000,447500000,35917,116000000,4142857.1428571427,3250000,0.4488682239607985,0.10126124119497731,0.17504245900270068,0.4721059113300492,0.27586206896551724,6189246.039479912,28,7909090.909090909,1.06,20.381197975375894,2.3978952727983707,0.6931471805599453,19.068307414443364,18.02763817065757,35,0,2,3,3,1,1,0,1.06,3.6109179126442243,0,0.7825483498192992
GER,1920,Freiburg,8,17,9,2,6,23,17,6,29,1.71,17,4,7,6,25,30,-5,19,1.12,26,26.4,48.1,34,3060,46,27,73,41,5,6,43,2,1.35,0.79,2.15,1.21,2,374,111,189,1.41,48,47,1,0.03,NA,48,0,0,1,0,36,34,0,0,2,9.2,0.8055555555555556,1.6388888888888888,2.3333333333333335,0,24,5,1,0,18,911,100,617425000,103600000,136000000,0,377825000,35966,119325000,4419444.444444444,3200000,0.384696657954735,0.06511705499638548,0.20663960407051105,0.48844193030239547,0.33521893987010265,6520739.726408275,27,8363636.363636363,1.41,20.241068163219598,1.791759469228055,0.6931471805599453,18.456047897442165,18.72816545105327,35,0,1,5,7,4,1,0,1.06,3.6109179126442243,1,0.7796536629401198
GER,2021,Freiburg,10,17,7,6,4,33,23,10,27,1.59,17,5,3,9,19,29,-10,18,1.06,24,26.2,47.3,34,3060,51,34,85,45,6,6,62,0,1.5,1,2.5,1.32,2.32,374,152,151,1.32,52,52,0,0,NA,45,1,0,1,0,36,34,0,0,2,7.167857142857143,0.6666666666666666,1.5555555555555556,2.5555555555555554,0,20,3,0,3,14,788,114,348300000,29800000,0,37000000,281500000,35640,136700000,5257692.307692308,3000000,0.4039001122334456,0.050028058361391695,0.20039281705948372,0.47732260424286754,0.30724213606437456,7668383.8383838385,26,9818181.818181818,1.32,19.66857473820732,1.3862943611198906,0,17.21001898503268,0,35,0,2,4,5,1,2,0,1.41,3.6109179126442243,0,0.7810390946502057
GER,2122,Freiburg,6,17,8,5,4,32,25,7,29,1.71,17,7,5,5,26,21,5,26,1.53,26,26.5,49,34,3060,55,37,92,50,5,6,34,0,1.62,1.09,2.71,1.47,2.56,374,157,145,1.62,58,46,12,0.35,→ Europa League via league finish,55,1,1,0,0,40,34,0,0,6,7.334935897435898,0.775,1.675,2.45,0,26,0,0,12,14,814,116,692200000,0,0,194600000,497600000,40590,172800000,6646153.846153846,4750000,0.38442966247844296,0.09258438038925844,0.16858832224685882,0.4993322649572649,0.3761574074074074,9768211.382113822,26,12318181.818181818,1.62,20.355385490610185,0,0,0,0,39,0,2,4,7,3,1,0,1.32,3.713572066704308,1,0.7929913299132991
GER,2223,Freiburg,5,17,10,4,3,28,13,15,34,2,17,7,4,6,23,31,-8,25,1.47,27,27.4,48.1,34,3060,51,34,85,44,7,8,62,2,1.5,1,2.5,1.29,2.29,374,157,148,1.74,51,44,7,0.21,→ Europa League via league finish,59,1,1,0,0,47,34,8,0,5,6.521724033816425,1.0638297872340425,2.297872340425532,3.382978723404255,1,29,4,2,7,16,1148,176,1114200000,163700000,530000000,56500000,364000000,46915,197450000,7312962.962962963,4000000,0.36689758073110945,0.08822338271341788,0.16841095598422678,0.46727253969593807,0.31906811851101546,9981590.109772993,27,13727272.727272727,1.74,20.831402496448494,1.6094379124341003,1.0986122886681098,18.913546048450097,20.088387566397234,46,0,9,15,19,12,6,1,1.62,3.871201010907891,0,0.7271357033609466
GER,2324,Freiburg,10,17,5,7,5,28,30,-2,22,1.29,17,6,2,9,17,28,-11,20,1.18,25,27,46.6,34,3060,43,32,75,36,7,9,64,4,1.26,0.94,2.21,1.06,2,374,144,139,1.24,45,58,-13,-0.38,NA,42,1,1,0,0,46,34,10,0,2,6.2,0.9565217391304348,2,3.108695652173913,1,28,7,2,5,14,1265,165,1148200000,333500000,155000000,33500000,626200000,45593,164850000,6594000,5000000,0.35272958568201257,0.19502993880639571,0.16684578773057268,0.429966636336063,0.2911737943585077,8584882.547759524,25,11545454.545454545,1.24,20.861461336568738,2.0794415416798357,1.0986122886681098,19.62515342631845,18.858935681335133,45,0,10,13,13,7,3,1,1.74,3.8501476017100584,0,0.7435725041366517
GER,2425,Freiburg,5,17,9,3,5,32,26,6,30,1.76,17,7,4,6,17,27,-10,25,1.47,26,27.1,48.7,34,3060,46,35,81,46,0,4,54,2,1.35,1.03,2.38,1.35,2.38,374,157,149,1.62,49,53,-4,-0.12,→ Europa League via league finish,55,1,1,0,0,37,34,0,0,3,7.583333333333333,0.7567567567567568,1.5405405405405406,2.2972972972972974,0,36,3,2,1,30,902,110,719600000,50000000,33600000,18000000,618000000,36601,183300000,7050000,6500000,0.32436272232999097,0.1694762438184749,0.17338324089505752,0.41132653489445614,0.3000545553737043,8947378.486926587,26,11909090.909090908,1.62,20.394206061430314,1.3862943611198906,1.0986122886681098,17.72753358339242,17.330036654695338,36,0,0,2,4,1,1,0,1.24,3.6375861597263857,0,0.751306590505286
ITA,1516,Frosinone,19,19,6,4,9,18,26,-8,22,1.16,19,2,3,14,17,50,-33,9,0.47,28,26.5,39.7,38,3420,34,22,56,31,3,3,116,0,0.89,0.58,1.47,0.82,1.39,418,113,301,0.82,35,76,-41,-1.08,Relegated,31,0,0,0,0,39,38,0,0,1,7.184210526315789,0.6923076923076923,1.564102564102564,2.4615384615384617,0,29,9,1,0,19,411,77,74900000,31000000,1600000,0,42300000,38416,34350000,1272222.2222222222,900000,0.28357975843398586,0.17956059975010413,0.15024989587671803,0.4293492910669039,0.3784570596797671,1546023.7921699292,27,2200000,0.82,18.131664461838582,2.302585092994046,0.6931471805599453,17.249497794707484,14.285514812209815,38,0,0,3,7,2,1,0,NA,3.6888794541139363,0,0.7027380873499678
ITA,1819,Frosinone,19,19,1,6,12,14,38,-24,9,0.47,19,4,4,11,15,31,-16,16,0.84,33,26.4,41.5,38,3420,28,21,49,24,4,5,99,2,0.74,0.55,1.29,0.63,1.18,418,110,339,0.66,29,69,-40,-1.05,Relegated,25,0,0,0,0,39,38,0,0,1,7.5235745614035086,0.5897435897435898,1.4615384615384615,2.282051282051282,0,43,17,1,0,25,1296,151,246200000,122050000,25000000,0,99150000,38430,51800000,1569696.9696969697,1000000,0.3806921675774135,0.19789227166276346,0.15584179026801978,0.46349596349596345,0.33783783783783783,2013502.4720270622,33,3154545.4545454546,0.66,19.321654775776366,2.8903717578961645,0.6931471805599453,18.619941362996606,17.034386422832473,38,0,0,3,6,3,1,0,0.82,3.6888794541139363,0,0.6382860862333627
ITA,2324,Frosinone,18,19,7,4,8,28,32,-4,25,1.32,19,1,7,11,16,37,-21,10,0.53,34,24.3,49.7,38,3420,44,29,73,36,8,10,68,2,1.16,0.76,1.92,0.95,1.71,418,177,312,0.92,44,69,-25,-0.66,Relegated,35,1,1,0,0,42,38,0,0,4,7.051829268292683,0.5952380952380952,1.619047619047619,2.4285714285714284,0,42,5,0,0,37,1141,180,403700000,126100000,0,0,277600000,41900,105550000,3198484.8484848486,2000000,0.4426252983293556,0.13945107398568019,0.22515513126491646,0.5251855360808464,0.38370440549502605,5365690.930787589,33,6863636.363636363,0.92,19.816182588300258,1.791759469228055,0,18.65258580886536,0,41,0,0,2,5,1,1,0,0.66,3.7612001156935624,1,0.7817562945518343
ENG,1819,Fulham,19,19,6,3,10,22,36,-14,21,1.11,19,1,2,16,12,45,-33,5,0.26,28,26,48.8,38,3420,33,24,57,31,2,3,72,2,0.87,0.63,1.5,0.82,1.45,418,108,158,0.68,34,81,-47,-1.24,Relegated,26,0,0,0,0,42,38,0,0,4,6.682926829268292,0.7380952380952381,1.7142857142857142,2.619047619047619,0,32,4,6,0,22,1337,185,1699500000,165000000,78000000,0,1456500000,39325,243500000,9365384.615384616,4500000,0.34731087094723456,0.18158931977113796,0.19483788938334393,0.4780445427262674,0.3490759753593429,12773134.138588684,26,17454545.454545453,0.68,21.253599927688853,1.6094379124341003,1.9459101490553132,18.92145603792546,18.17221939747438,41,0,2,7,12,4,2,0,NA,3.7612001156935624,0,0.7317941433566434
ENG,2021,Fulham,18,19,2,4,13,9,28,-19,10,0.53,19,3,9,7,18,25,-7,18,0.95,28,25.2,49.7,38,3420,26,18,44,23,3,6,67,3,0.68,0.47,1.16,0.61,1.08,418,110,203,0.74,27,53,-26,-0.68,Relegated,28,1,0,1,0,43,38,0,0,5,6.027281746031746,0.8837209302325582,2.046511627906977,3.0697674418604652,0,31,7,4,2,18,1250,185,1203500000,131000000,130000000,53000000,889500000,40234,208100000,7175862.068965517,5000000,0.45180692946264356,0.07272456131629965,0.21827310235124522,0.461598369484167,0.30754444978375783,10861438.087189939,29,13545454.545454545,0.74,20.90849981601831,2.0794415416798357,1.6094379124341003,18.690707888799015,18.683045016112164,42,0,7,13,14,8,4,1,0.68,3.784189633918261,0,0.8018511339536197
ENG,2223,Fulham,10,19,8,5,6,31,29,2,29,1.53,19,7,2,10,24,24,0,23,1.21,29,28.2,48.8,38,3420,52,33,85,47,5,9,80,1,1.37,0.87,2.24,1.24,2.11,418,152,190,1.37,55,53,2,0.05,NA,52,1,1,0,0,44,38,0,0,6,6.864341085271318,0.8181818181818182,1.9090909090909092,2.9318181818181817,0,22,4,6,1,11,846,132,1224000000,51000000,199000000,2000000,972000000,42847,269500000,8693548.387096774,3000000,0.40791654024785867,0.08539687726095176,0.20384157583961537,0.5508408642049196,0.31910946196660483,14400522.790393727,31,19454545.454545453,1.37,20.925390021853538,1.6094379124341003,1.9459101490553132,17.747336210296442,19.108815387713893,43,0,3,8,12,3,2,0,0.74,3.8066624897703196,1,0.7402137882912664
ENG,2324,Fulham,13,19,9,2,8,31,24,7,29,1.53,19,4,6,9,24,37,-13,18,0.95,25,28.4,50.6,38,3420,54,40,94,52,2,2,84,4,1.42,1.05,2.47,1.37,2.42,418,170,171,1.24,55,61,-6,-0.16,NA,47,1,1,0,0,46,38,0,0,8,6.24537037037037,0.9347826086956522,1.934782608695652,2.9782608695652173,0,29,11,2,0,16,796,120,1578200000,672400000,24800000,0,881000000,46095,374950000,12929310.344827587,13000000,0.29469573706475755,0.10066167697147196,0.12261633582818093,0.4741045932561123,0.28803840512068274,17201437.249159344,29,24454545.454545453,1.24,21.179550794684843,2.4849066497880004,1.0986122886681098,20.326363960985944,17.02635425145779,45,0,3,10,15,8,2,0,1.37,3.8501476017100584,0,0.7034044971775196
ENG,2425,Fulham,11,19,7,5,7,27,30,-3,26,1.37,19,8,4,7,27,24,3,28,1.47,26,28.1,52.3,38,3420,53,44,97,50,3,4,80,2,1.39,1.16,2.55,1.32,2.47,418,179,163,1.42,54,54,0,0,NA,54,1,1,0,0,44,38,0,0,6,6.554263565891473,0.6818181818181818,1.7954545454545454,2.727272727272727,0,25,4,5,0,16,949,125,1889500000,509500000,98000000,0,1282000000,NA,NA,NA,NA,NA,NA,NA,NA,NA,NA,NA,NA,1.42,21.359578081283058,1.6094379124341003,1.791759469228055,20.04894041258976,18.400478046838927,43,0,1,6,9,2,1,0,1.24,3.8066624897703196,NA,NA
FRA,1516,Gazélec Ajaccio,19,19,5,7,7,23,32,-9,22,1.16,19,3,6,10,14,26,-12,15,0.79,23,28.4,47,38,3420,36,26,62,33,3,3,98,0,0.95,0.68,1.63,0.87,1.55,418,109,156,0.97,37,58,-21,-0.55,Relegated,37,0,0,0,0,43,38,0,0,5,6.666666666666667,0.9069767441860465,1.813953488372093,2.7209302325581395,0,10,0,2,0,8,205,34,36050000,0,4600000,0,31450000,40722,18400000,800000,600000,0.32186533077943125,0.20320711163498845,0.18638573743922204,0.37381852551984873,0.29891304347826086,928919.2574038603,23,1277272.7272727273,0.97,17.40041744943448,0,1.0986122886681098,0,15.341567078850604,42,0,1,10,15,9,2,0,NA,3.784189633918261,0,0.7272677460101398
ITA,1516,Genoa,11,19,10,3,6,29,19,10,33,1.74,19,3,4,12,16,29,-13,13,0.68,30,26.7,50.2,38,3420,44,35,79,40,4,4,91,0,1.16,0.92,2.08,1.05,1.97,418,113,265,1.21,45,48,-3,-0.08,NA,46,0,0,0,0,39,38,0,0,1,6.996984649122807,0.6923076923076923,1.641025641025641,2.4871794871794872,0,34,12,4,0,18,1304,170,1110000000,173300000,290000000,0,646700000,37336,102250000,3651785.714285714,2750000,0.38440111420612816,0.1709074351832012,0.10576923076923077,0.45310862731400614,0.37163814180929094,4284647.525176773,28,6545454.545454546,1.21,20.827625853171554,2.5649493574615367,1.6094379124341003,18.970534760456175,19.48539148439307,38,0,0,4,7,2,1,0,NA,3.6888794541139363,0,0.6545989274575624
ITA,1617,Genoa,16,19,6,7,6,24,24,0,25,1.32,19,3,2,14,14,40,-26,11,0.58,33,26.9,48.8,38,3420,36,30,66,34,2,3,97,4,0.95,0.79,1.74,0.89,1.68,418,113,329,0.95,38,64,-26,-0.68,NA,36,0,0,0,0,41,38,0,0,3,7.224479166666667,0.7804878048780488,1.6097560975609757,2.3658536585365852,0,16,4,1,0,11,515,84,696400000,97200000,375000000,0,224200000,37277,88075000,2841129.0322580645,1500000,0.2243206266598707,0.22979317005123803,0.0479920594468439,0.6184245465283438,0.4087425489639512,2365615.527000563,31,6609090.909090909,0.95,20.361434767294263,1.6094379124341003,0.6931471805599453,18.392281279718734,19.74243658660135,40,0,0,4,7,2,2,0,1.21,3.7376696182833684,1,0.35793357354891603
ITA,1718,Genoa,12,19,6,3,10,23,27,-4,21,1.11,19,5,5,9,10,16,-6,20,1.05,33,27.9,46.3,38,3420,31,18,49,27,4,5,75,NA,0.82,0.47,1.29,0.71,1.18,418,113,329,1.08,33,43,-10,-0.26,NA,41,0,0,0,0,41,38,0,0,3,6.996875,0.7317073170731707,1.6585365853658536,2.5121951219512195,0,33,15,0,0,18,681,101,341400000,184000000,0,0,157400000,40661,124700000,3667647.0588235296,1650000,0.3284720001967487,0.18268119328103097,0.16197338973463515,0.593400632105288,0.4330392943063352,4596350.311108925,34,8836363.636363637,1.08,19.64856537125373,2.772588722239781,0,19.030446321008043,0,40,0,1,5,7,3,2,0,0.95,3.7376696182833684,1,0.5201631010514216
ITA,1819,Genoa,17,19,6,8,5,21,22,-1,26,1.37,19,2,6,11,18,35,-17,12,0.63,31,26,43.4,38,3420,37,26,63,33,4,5,96,7,0.97,0.68,1.66,0.87,1.55,418,112,327,1,39,57,-18,-0.47,NA,38,0,0,0,0,40,38,0,0,2,7.383814102564102,0.65,1.65,2.375,0,29,7,0,0,22,1351,175,925200000,92950000,0,0,832250000,39502,170250000,5491935.483870967,3000000,0.31223735507062933,0.2012303174522809,0.18386410814642296,0.563213490597319,0.4111600587371512,7312333.552731507,31,11818181.818181818,1,20.645520489402404,2.0794415416798357,0,18.347572282890198,0,39,0,1,5,7,3,1,0,1.08,3.713572066704308,1,0.6187359160003583
ITA,1920,Genoa,17,19,7,1,11,24,31,-7,22,1.16,19,3,8,8,23,42,-19,17,0.89,34,26.8,49.5,38,3420,46,28,74,35,11,16,107,10,1.21,0.74,1.95,0.92,1.66,418,135,305,1.03,47,73,-26,-0.68,NA,39,0,0,1,0,41,38,0,0,3,8.800260416666667,0.9024390243902439,1.8780487804878048,2.8292682926829267,0,34,14,2,0,18,1049,129,809475000,244200000,360500000,0,204775000,38852,134600000,4486666.666666667,2550000,0.3046690003088644,0.16786780603315143,0.1616390404612375,0.48161218424962837,0.33060921248142644,5268396.73633275,30,9045454.545454545,1.03,20.51189644857916,2.70805020110221,1.0986122886681098,19.313498123735883,19.703002517463204,40,0,2,7,11,6,5,1,1,3.7376696182833684,0,0.5824358200970879
ITA,2021,Genoa,11,19,5,7,7,29,30,-1,22,1.16,19,5,5,9,18,28,-10,20,1.05,34,28.3,44.8,38,3420,46,32,78,42,4,4,87,2,1.21,0.84,2.05,1.11,1.95,418,180,272,1.11,47,58,-11,-0.29,NA,42,1,0,1,0,41,38,0,0,3,6.105989583333333,0.926829268292683,1.9268292682926829,3.073170731707317,0,57,21,0,15,21,1475,236,915100000,431500000,0,135000000,348600000,40730,103900000,2968571.4285714286,2200000,0.3003437269825681,0.10483672968328014,0.10847041492757181,0.5154406709748385,0.30798845043310874,3742177.7559538423,35,6490909.090909091,1.11,20.634543907978383,3.091042453358316,0,19.882778070805255,0,40,0,3,10,16,8,2,0,1.03,3.7376696182833684,1,0.5765259848108161
ITA,2122,Genoa,19,19,3,8,8,14,25,-11,17,0.89,19,1,8,10,13,35,-22,11,0.58,40,27,43.9,38,3420,26,19,45,20,6,7,92,3,0.68,0.5,1.18,0.53,1.03,418,179,268,0.74,27,60,-33,-0.87,Relegated,28,1,1,0,0,41,38,0,0,3,7.02421875,0.7073170731707317,1.6097560975609757,2.4390243902439024,0,64,19,0,3,42,1956,278,890900000,339100000,0,10300000,541500000,39415,102675000,2701973.6842105263,2000000,0.28654065711023724,0.18076874286439173,0.08588100976785487,0.42647982263913975,0.2532261991721451,3014001.014842065,38,5472727.2727272725,0.74,20.607742746813333,2.995732273553991,0,19.641805610044848,0,40,0,1,4,5,2,2,0,1.11,3.7376696182833684,0,0.5507310824462245
ITA,2324,Genoa,11,19,8,6,5,27,22,5,30,1.58,19,4,7,8,18,23,-5,19,1,34,26.7,44.1,38,3420,43,27,70,38,5,6,79,3,1.13,0.71,1.84,1,1.71,418,160,279,1.29,45,45,0,0,NA,49,1,1,0,0,41,38,0,0,3,7.174739583333333,0.5609756097560976,1.4878048780487805,2.341463414634146,0,53,9,0,0,44,1070,160,845600000,245200000,0,0,600400000,39717,181100000,5659375,2450000,0.45572424906211445,0.1382531409723796,0.1874763954981494,0.5929562396466042,0.3920485919381557,9312244.12719994,32,13363636.363636363,1.29,20.555556993702893,2.302585092994046,0,19.317584766104634,0,40,0,1,2,2,0,1,0,0.74,3.7376696182833684,1,0.6968345945523765
ITA,2425,Genoa,13,19,5,7,7,21,25,-4,22,1.16,19,5,6,8,16,24,-8,21,1.11,37,26.2,45.6,38,3420,35,27,62,35,0,2,71,1,0.92,0.71,1.63,0.92,1.63,418,170,319,1.13,37,49,-12,-0.32,NA,43,1,1,0,0,40,38,0,0,2,7.38167735042735,0.575,1.425,2.25,0,52,17,2,0,33,1967,262,1293900000,651200000,68500000,0,574200000,38784,169450000,4706944.444444444,1900000,0.4970606435643564,0.07985251650165016,0.21831167491749176,0.5655306383397267,0.3363824136913544,8272921.823432343,36,11500000,1.13,20.980926751059037,2.8903717578961645,1.0986122886681098,20.29432737418823,18.042344317830995,39,0,1,2,3,0,2,0,1.29,3.713572066704308,1,0.7193845063854212
ESP,1516,Getafe,19,19,6,7,6,23,20,3,25,1.32,19,3,2,14,14,47,-33,11,0.58,27,26.7,46.1,38,3420,36,31,67,35,1,2,129,6,0.95,0.82,1.76,0.92,1.74,418,114,152,0.95,37,67,-30,-0.79,Relegated,36,0,0,0,0,40,38,0,0,2,6.847222222222222,0.725,1.7,2.55,0,11,4,2,0,5,424,59,77500000,29300000,10400000,0,37800000,39485,49100000,1888461.5384615385,2000000,0.3158921109282006,0.2311004178802077,0.14238318348740028,0.35273382422058575,0.26476578411405294,2173531.7209066735,26,2954545.4545454546,0.95,18.1657885072268,1.6094379124341003,1.0986122886681098,17.19309810811699,16.15731646026544,39,0,3,5,7,1,1,0,NA,3.713572066704308,0,0.7356568901530279
ESP,1718,Getafe,8,19,9,4,6,26,13,13,31,1.63,19,6,6,7,16,20,-4,24,1.26,32,28.2,40.2,38,3420,41,27,68,36,5,12,134,5,1.08,0.71,1.79,0.95,1.66,418,113,153,1.45,42,33,9,0.24,NA,55,0,0,0,0,40,38,0,0,2,6.974626068376068,0.675,1.65,2.525,0,23,8,0,0,15,930,128,194400000,36700000,0,0,157700000,39387,64800000,2314285.714285714,1250000,0.4345850153603981,0.14949094879020997,0.16911671363647904,0.5230379188712522,0.4012345679012346,3542465.78820423,28,4572727.2727272725,1.45,19.085428455134647,2.1972245773362196,0,17.418287340272755,0,39,0,4,9,9,3,1,0,0.95,3.713572066704308,1,0.7746943075595731
ESP,1819,Getafe,5,19,11,3,5,28,13,15,36,1.89,19,4,11,4,20,22,-2,23,1.21,26,27.5,40.7,38,3420,47,34,81,41,6,6,111,7,1.24,0.89,2.13,1.08,1.97,418,114,152,1.55,48,35,13,0.34,→ Europa League via league finish,59,0,0,0,0,44,38,0,0,6,6.319767441860465,0.8636363636363636,1.8636363636363635,2.7954545454545454,0,11,4,5,0,2,994,130,402500000,37000000,345500000,0,20000000,43456,131900000,5073076.923076923,2750000,0.36524300441826213,0.11393133284241531,0.21794458762886598,0.5233276958068467,0.41698256254738436,7760251.748895435,26,9545454.545454545,1.55,19.813205657307364,1.6094379124341003,1.791759469228055,17.426428497635523,19.660503204066355,43,0,3,10,13,6,4,1,1.45,3.8066624897703196,1,0.8129787546461884
ESP,1920,Getafe,8,19,8,6,5,25,20,5,30,1.58,19,6,6,7,18,17,1,24,1.26,30,27.5,45,38,3420,42,31,73,36,6,7,135,5,1.11,0.82,1.92,0.95,1.76,418,128,175,1.42,43,37,6,0.16,NA,54,0,0,1,0,50,38,10,0,2,7.203231292517007,1.08,2.18,3.22,1,17,4,2,1,10,444,67,312900000,40000000,9600000,0,263300000,45412,172950000,6176785.714285715,3200000,0.4576323438738659,0.1414383863296045,0.2335506033647494,0.5279292115805558,0.37004914715235615,10070724.698317625,28,12436363.636363637,1.42,19.56139421183502,1.6094379124341003,1.0986122886681098,17.50439003707821,16.077273760604726,49,0,11,19,20,14,3,1,1.55,3.9318256327243257,1,0.8097804947477621
ESP,2021,Getafe,15,19,6,6,7,15,13,2,24,1.26,19,3,5,11,13,30,-17,14,0.74,31,26.7,43.3,38,3420,27,14,41,24,3,5,120,7,0.71,0.37,1.08,0.63,1,418,141,228,1,28,43,-15,-0.39,NA,38,1,0,1,0,40,38,0,0,2,6.3076923076923075,0.7,1.825,2.825,0,14,3,1,2,8,471,70,297800000,88500000,10800000,50000000,148500000,38305,164650000,5880357.142857143,2250000,0.44163947265370057,0.04680851063829787,0.24469390419005352,0.590896273480543,0.35226237473428484,9516272.027150502,28,13090909.090909092,1,19.51193268157214,1.3862943611198906,0.6931471805599453,18.298513121277594,16.195056784687036,39,0,5,8,10,3,2,0,1.42,3.713572066704308,1,0.7269374465184412
ESP,2122,Getafe,15,19,7,7,5,21,15,6,28,1.47,19,1,8,10,12,26,-14,11,0.58,31,26.6,41.5,38,3420,31,26,57,28,3,5,121,8,0.82,0.68,1.5,0.74,1.42,418,153,251,1.03,33,41,-8,-0.21,NA,39,1,1,0,0,40,38,0,0,2,7.227029914529915,0.65,1.5,2.35,0,11,4,0,0,7,361,57,306100000,169500000,0,0,136600000,35029,159900000,5513793.1034482755,3000000,0.35670444488852093,0.1261240686288504,0.15669873533358075,0.5576761337905156,0.3627267041901188,7557064.146849753,29,11909090.909090908,1.03,19.539422407182546,1.6094379124341003,0,18.948363490684486,0,39,0,4,7,8,1,2,0,1,3.713572066704308,1,0.6345626382850938
ESP,2223,Getafe,15,19,7,6,6,21,20,1,27,1.42,19,3,6,10,13,25,-12,15,0.79,25,27.4,39.9,38,3420,34,21,55,29,5,8,126,9,0.89,0.55,1.45,0.76,1.32,418,165,269,1.11,34,45,-11,-0.29,NA,42,1,1,0,0,41,38,0,0,3,7.3265625,0.6097560975609756,1.5853658536585367,2.5365853658536586,0,7,2,0,0,5,416,50,347000000,35000000,0,0,312000000,37594,92800000,4034782.6086956523,3500000,0.31284247486301003,0.12717454913018034,0.16486673405330637,0.3509182908545727,0.29094827586206895,4953692.078523168,23,6136363.636363637,1.11,19.664835340792976,1.0986122886681098,0,17.370858648025116,0,40,0,0,2,6,1,2,0,1.03,3.7376696182833684,0,0.8072683387222941
ESP,2324,Getafe,12,19,8,5,6,20,22,-2,29,1.53,19,2,8,9,22,32,-10,14,0.74,33,27.3,44.8,38,3420,42,27,69,36,6,7,135,10,1.11,0.71,1.82,0.95,1.66,418,171,195,1.13,42,54,-12,-0.32,NA,43,1,1,0,0,42,38,0,0,4,6.992378048780488,0.6190476190476191,1.619047619047619,2.4523809523809526,0,11,5,2,0,4,1068,134,1039100000,57800000,561300000,0,420000000,39923,129200000,4037500,2250000,0.450717631440523,0.060917265736542846,0.1370638479072214,0.6264754256965945,0.44891640866873067,6240317.611401949,32,9454545.454545455,1.13,20.761620791785248,1.791759469228055,1.0986122886681098,17.872499350943645,20.145766081694006,41,0,3,8,9,3,1,0,1.11,3.7612001156935624,1,0.6600335935136676
ESP,2425,Getafe,13,19,4,7,8,15,19,-4,19,1,19,7,2,10,19,20,-1,23,1.21,30,27.7,41.8,38,3420,34,21,55,29,5,5,110,7,0.89,0.55,1.45,0.76,1.32,418,164,247,1.11,34,39,-5,-0.13,NA,42,1,1,0,0,43,38,0,0,5,6.716269841269841,0.6511627906976745,1.7209302325581395,2.627906976744186,0,7,0,0,0,7,215,23,48200000,0,0,0,48200000,43037,87650000,2739062.5,2000000,0.4906011106722123,0.040848572158840066,0.20335989962125614,0.5506453223046206,0.3993154592127781,4274575.365383275,32,5863636.363636363,1.11,17.690869599767716,0,0,0,0,42,0,2,6,8,2,2,0,1.13,3.784189633918261,1,0.7289973491351321
ESP,1718,Girona,10,19,8,3,8,26,22,4,27,1.42,19,6,6,7,24,37,-13,24,1.26,25,26.3,46.8,38,3420,50,31,81,44,6,8,102,0,1.32,0.82,2.13,1.16,1.97,418,106,159,1.34,50,59,-9,-0.24,NA,51,0,0,0,0,40,38,0,0,2,6.997061965811966,0.7,1.625,2.4,0,21,7,2,0,12,674,86,172600000,51000000,13000000,0,108600000,39600,81750000,2919642.8571428573,2000000,0.502979797979798,0.03234848484848485,0.21275252525252525,0.516186107470511,0.3363914373088685,4848416.666666667,28,5818181.818181818,1.34,18.966487342407344,2.0794415416798357,1.0986122886681098,17.747336210296442,16.380459992348886,39,0,3,7,8,3,1,0,NA,3.713572066704308,1,0.8333216145833333
ESP,1819,Girona,18,19,3,6,10,17,28,-11,15,0.79,19,6,4,9,20,25,-5,22,1.16,26,26.6,48,38,3420,37,23,60,31,6,6,83,4,0.97,0.61,1.58,0.82,1.42,418,113,153,0.97,37,53,-16,-0.42,Relegated,37,0,0,0,0,44,38,0,0,6,6.372577519379845,0.7727272727272727,1.8181818181818181,2.772727272727273,0,34,24,2,0,8,1174,186,547200000,314700000,123000000,0,109500000,40856,85250000,3157407.407407407,3000000,0.4270364205991776,0.09937340904640689,0.20963873115331896,0.45647876615618554,0.28152492668621704,4599216.761308009,27,5818181.818181818,0.97,20.1203249261001,3.2188758248682006,1.0986122886681098,19.567130365212265,18.627694921466773,43,0,5,7,10,3,4,1,1.34,3.8066624897703196,0,0.790490380849814
ESP,2223,Girona,10,19,10,3,6,35,26,9,33,1.74,19,3,7,9,23,29,-6,16,0.84,29,26,51.3,38,3420,55,41,96,47,8,9,92,3,1.45,1.08,2.53,1.24,2.32,418,179,228,1.29,58,55,3,0.08,NA,49,1,1,0,0,40,38,0,0,2,7.537393162393163,0.65,1.5,2.5,0,11,5,0,0,6,718,91,314000000,94000000,0,0,220000000,38424,116600000,4318518.518518519,2500000,0.417473454091193,0.13007495315427858,0.20549656464709556,0.5010482180293501,0.3602058319039451,6418954.29939621,27,8272727.2727272725,1.29,19.56490354705724,1.791759469228055,0,18.358805350872576,0,39,0,2,4,6,0,1,0,0.97,3.713572066704308,1,0.7759175526742672
ESP,2324,Girona,3,19,15,2,2,53,20,33,47,2.47,19,10,4,5,32,26,6,34,1.79,25,26.1,56.9,38,3420,84,64,148,77,7,8,75,1,2.21,1.68,3.89,2.03,3.71,418,167,221,2.13,85,46,39,1.03,→ Champions League via league finish,81,1,1,0,0,43,38,0,0,5,6.813492063492063,0.7209302325581395,1.7674418604651163,2.558139534883721,0,16,8,0,0,8,402,58,1149500000,587500000,0,0,562000000,42527,287350000,11972916.666666666,3250000,0.38126366778752324,0.043102029299033555,0.19164295623956545,0.5879081839800475,0.40020880459370106,17962952.94753921,24,24000000,2.13,20.862592903037452,2.1972245773362196,0,20.191386805684715,0,42,0,4,7,9,2,2,0,1.29,3.784189633918261,1,0.7484563728141338
ESP,2425,Girona,16,19,7,3,9,27,30,-3,24,1.26,19,4,5,10,17,30,-13,17,0.89,30,27.5,56.3,38,3420,43,31,74,39,4,5,76,2,1.13,0.82,1.95,1.03,1.84,418,172,249,1.08,44,60,-16,-0.42,NA,41,1,1,0,0,48,38,8,0,2,6.014627659574468,1,2.0416666666666665,3.0833333333333335,1,19,6,0,0,13,786,109,1119400000,307500000,0,0,811900000,47796,151300000,5217241.379310345,2500000,0.37785588752196836,0.14369403297347058,0.1567913632939995,0.5729653349135082,0.3502974223397224,7179628.002343292,29,11363636.363636363,1.08,20.83605866531487,1.9459101490553132,0,19.54398564846288,0,47,0,4,13,20,12,3,1,2.13,3.8918202981106265,1,0.6318072642062097
GER,1516,Gladbach,4,17,13,1,3,42,18,24,40,2.35,17,4,3,10,25,32,-7,15,0.88,26,24.9,56,34,3060,64,47,111,60,4,5,49,0,1.88,1.38,3.26,1.76,3.15,374,102,136,1.62,67,50,17,0.5,→ Champions League via league finish,55,0,0,0,0,43,34,6,0,3,6.614087301587301,0.9767441860465116,1.930232558139535,2.8372093023255816,1,45,11,3,0,31,2097,300,1623500000,155000000,429000000,0,1039500000,42512,184750000,7105769.230769231,6000000,0.33428208505833645,0.07150922092585622,0.14986356793375988,0.3884146976163214,0.3193504736129905,9456271.170493037,26,11454545.454545455,1.62,21.20785015012313,2.4849066497880004,1.3862943611198906,18.858935681335133,19.876967479223293,42,0,5,10,14,9,3,1,NA,3.784189633918261,0,0.825547483138281
GER,1617,Gladbach,9,17,7,5,5,26,18,8,26,1.53,17,5,4,8,19,31,-12,19,1.12,24,25.3,53.9,34,3060,44,27,71,43,1,4,50,2,1.29,0.79,2.09,1.26,2.06,374,99,138,1.32,45,49,-4,-0.12,NA,45,0,0,0,0,51,34,12,0,5,5.535625,1.1176470588235294,2.3529411764705883,3.4901960784313726,1,7,1,0,0,6,82,8,34000000,0,0,0,34000000,1645,14700000,2100000,1750000,0.06018237082066869,0.06139817629179331,0.723404255319149,0.4450923226433432,0.7482993197278912,2419726.4437689967,7,2100000,1.32,17.341871111992198,0.6931471805599453,0,0,0,50,0,12,19,23,14,5,1,1.62,3.9512437185814275,0,1.1522506875090461
GER,1718,Gladbach,9,17,9,4,4,28,20,8,31,1.82,17,4,4,9,19,32,-13,16,0.94,27,25.7,52,34,3060,46,26,72,40,6,7,47,NA,1.35,0.76,2.12,1.18,1.94,374,97,140,1.38,47,52,-5,-0.15,NA,47,0,0,0,0,37,34,0,0,3,7.605034722222222,0.6756756756756757,1.4594594594594594,2.2432432432432434,0,55,16,2,3,34,2289,326,1139200000,371800000,56000000,13500000,697900000,36640,192050000,7112962.962962963,4000000,0.49975436681222707,0.026555676855895195,0.2476528384279476,0.5332137657053044,0.34886748242645144,12506400.791484715,27,14181818.181818182,1.38,20.853592099499796,2.833213344056216,1.0986122886681098,19.733866635941236,17.840862266556567,36,0,0,4,5,3,2,0,1.32,3.6375861597263857,1,0.8818615942713581
GER,1819,Gladbach,5,17,9,3,5,31,22,9,30,1.76,17,7,4,6,24,20,4,25,1.47,22,26.5,53.1,34,3060,53,43,96,49,4,7,43,0,1.56,1.26,2.82,1.44,2.71,374,102,136,1.62,55,42,13,0.38,→ Europa League via league finish,55,0,0,0,0,36,34,0,0,2,7.767857142857143,0.6944444444444444,1.4722222222222223,2.2222222222222223,0,27,9,1,0,17,817,99,843500000,206000000,22500000,0,615000000,35640,260250000,10843750,4750000,0.4233726150392817,0.14062850729517395,0.2302188552188552,0.5343019532500799,0.3957732949087416,16394051.62738496,24,20272727.272727273,1.62,20.553070461135835,2.302585092994046,0.6931471805599453,19.143386731608224,16.929025911619092,35,0,1,3,4,2,1,0,1.38,3.6109179126442243,1,0.8086751923822177
GER,1920,Gladbach,4,17,12,2,3,40,21,19,38,2.24,17,8,3,6,26,19,7,27,1.59,25,26.3,52.4,34,3060,64,53,117,60,4,6,77,3,1.88,1.56,3.44,1.76,3.32,374,112,183,1.91,66,40,26,0.76,→ Champions League via league finish,65,0,0,1,0,42,34,6,0,2,7.872713414634147,0.8333333333333334,1.8571428571428572,2.7142857142857144,1,44,12,0,1,31,1599,231,2062825000,422500000,0,1600000,1638725000,41522,251475000,9672115.384615384,6750000,0.41862145368720194,0.05926978469245219,0.220220605943837,0.5501961504049186,0.36584153494383137,15518277.660035644,26,19136363.636363637,1.91,21.447342240001703,2.5649493574615367,0,19.861700007128366,0,41,0,8,12,13,5,3,1,1.62,3.7612001156935624,1,0.8109313741586321
GER,2021,Gladbach,8,17,8,4,5,32,19,13,28,1.65,17,5,6,6,32,37,-5,21,1.24,23,26.9,51.7,34,3060,63,44,107,53,10,11,61,2,1.85,1.29,3.15,1.56,2.85,374,142,159,1.44,64,56,8,0.24,NA,49,1,0,1,0,46,34,8,0,4,5.6,1.0217391304347827,2.239130434782609,3.4130434782608696,1,29,7,1,5,16,690,129,1360200000,455500000,56000000,338000000,510700000,45450,296650000,11866000,7000000,0.39542354235423544,0.06695269526952695,0.17278327832783277,0.5406236305410417,0.33709758975223325,17709281.628162816,25,23318181.818181816,1.44,21.030897585441,2.0794415416798357,0.6931471805599453,19.936906276859677,17.840862266556567,45,0,5,13,20,11,5,1,1.91,3.8501476017100584,1,0.7594623700186783
GER,2122,Gladbach,10,17,8,4,5,33,27,6,28,1.65,17,4,5,8,21,34,-13,17,1,26,26,54,34,3060,54,38,92,49,5,7,67,1,1.59,1.12,2.71,1.44,2.56,374,118,181,1.32,54,61,-7,-0.21,NA,45,1,1,0,0,37,34,0,0,3,7.716145833333333,0.6216216216216216,1.3513513513513513,2.1621621621621623,0,46,10,1,12,23,1113,150,1630400000,489000000,85500000,177900000,878000000,33358,230700000,9612500,7250000,0.3770909526950057,0.06430241621200312,0.14662150008993344,0.45186750469585313,0.2904204594711747,13046963.247197075,24,17181818.181818184,1.32,21.21209122104608,2.3978952727983707,0.6931471805599453,20.007873049484136,18.264026945602897,36,0,2,2,4,2,1,0,1.44,3.6375861597263857,0,0.7593470672971842
GER,2223,Gladbach,10,17,10,3,4,33,18,15,33,1.94,17,1,7,9,19,37,-18,10,0.59,27,26.8,53.7,34,3060,52,39,91,48,4,6,62,3,1.53,1.15,2.68,1.41,2.56,374,133,173,1.26,52,55,-3,-0.09,NA,43,1,1,0,0,36,34,0,0,2,8.57140873015873,0.6388888888888888,1.5833333333333333,2.4444444444444446,0,61,17,2,7,35,1110,109,1014450000,218250000,40600000,49500000,706100000,35589,224300000,8010714.285714285,4500000,0.511337772907359,0.08438000505774255,0.22352412262215854,0.5765874785045537,0.4101649576460098,13643204.36089803,28,16909090.90909091,1.26,20.73761243163909,2.8903717578961645,1.0986122886681098,19.201151757265887,17.5192786492025,35,0,1,4,5,2,1,0,1.32,3.6109179126442243,1,0.8068561718810663
GER,2324,Gladbach,14,17,5,6,6,27,26,1,21,1.24,17,2,7,8,29,41,-12,13,0.76,27,25.4,46.8,34,3060,55,43,98,50,5,6,66,2,1.62,1.26,2.88,1.47,2.74,374,167,138,1,56,67,-11,-0.32,NA,34,1,1,0,0,38,34,0,0,4,7.5917792792792795,0.7894736842105263,1.5789473684210527,2.3421052631578947,0,71,12,2,8,49,1770,214,1045800000,267200000,17000000,49400000,712200000,37928,161650000,5987037.037037037,6000000,0.35261548196583,0.01726956338325248,0.1594336637840118,0.42852069514612046,0.27219300958861736,8188711.50601139,27,10636363.636363637,1,20.76804798067451,2.5649493574615367,1.0986122886681098,19.40350800336928,16.648723960844016,37,0,0,3,6,3,1,0,1.26,3.6635616461296463,0,0.7698788595395324
GER,2425,Gladbach,10,17,7,3,7,29,26,3,24,1.41,17,6,3,8,26,31,-5,21,1.24,26,26.5,49.6,34,3060,53,39,92,49,4,5,53,3,1.56,1.15,2.71,1.44,2.59,374,165,141,1.32,55,57,-2,-0.06,NA,45,1,1,0,0,36,34,0,0,2,7.8029761904761905,0.6388888888888888,1.5,2.2222222222222223,0,41,8,0,3,30,1208,133,972000000,210000000,0,1500000,760500000,35570,146300000,5626923.076923077,4000000,0.403008152937869,0.04908630868709587,0.18046106269328085,0.45262632104737355,0.3007518796992481,8194976.103457971,26,10090909.090909092,1.32,20.69486636345352,2.1972245773362196,0,19.162618093443648,0,35,0,0,1,3,1,1,0,1,3.6109179126442243,0,0.8121147489913303
ESP,1516,Granada,16,19,6,5,8,26,31,-5,23,1.21,19,4,4,11,20,38,-18,16,0.84,28,25.9,44.6,38,3420,45,26,71,38,7,7,141,7,1.18,0.68,1.87,1,1.68,418,112,154,1.03,46,69,-23,-0.61,NA,39,0,0,0,0,42,38,0,0,4,6.435467479674797,0.8095238095238095,1.7380952380952381,2.8333333333333335,0,15,6,0,0,9,4065,58,92500000,25300000,0,0,67200000,38925,64200000,2469230.769230769,2500000,0.2774309569685292,0.13579961464354529,0.16087347463070006,0.2970285166546849,0.24143302180685358,2871445.0867052022,26,3636363.6363636362,1.03,18.342719213293464,1.9459101490553132,0,17.04631499322344,0,41,0,3,7,10,5,2,0,NA,3.7612001156935624,0,0.7896473988439306
ESP,1617,Granada,20,19,4,4,11,17,32,-15,16,0.84,19,0,4,15,13,50,-37,4,0.21,35,24.7,45.1,38,3420,30,19,49,30,0,1,116,6,0.79,0.5,1.29,0.79,1.29,418,111,155,0.53,30,82,-52,-1.37,Relegated,20,0,0,0,0,40,38,0,0,2,6.974893162393163,0.65,1.525,2.575,0,37,12,3,1,21,1016,129,247100000,86800000,27500000,1000000,131800000,39509,62400000,1733333.3333333333,1500000,0.4213470348528183,0.07628641575337265,0.13533625249943051,0.3766915954415955,0.21634615384615385,2316069.7562580677,36,3181818.1818181816,0.53,19.325303675005784,2.5649493574615367,1.3862943611198906,18.279117191151315,17.129696599000436,39,0,3,5,8,3,1,0,1.03,3.713572066704308,0,0.727907637681107
ESP,1920,Granada,7,19,10,3,6,26,16,10,33,1.74,19,6,5,8,26,29,-3,23,1.21,27,26.8,43.8,38,3420,50,34,84,45,5,5,109,1,1.32,0.89,2.21,1.18,2.08,418,133,174,1.47,52,45,7,0.18,→ Europa League via league finish,56,0,0,1,0,45,38,0,0,7,7.659090909090908,1.0222222222222221,2.088888888888889,3.088888888888889,0,21,10,1,1,9,1235,160,207150000,119700000,15950000,0,71500000,42832,51850000,1994230.7692307692,1200000,0.3585403436682854,0.11372338438550617,0.16198169592827794,0.47711594095393517,0.36644165863066536,2552628.875607023,26,3663636.3636363638,1.47,19.148953731315103,2.3978952727983707,0.6931471805599453,18.60049917888242,16.58496944989105,44,0,5,17,19,12,4,1,0.53,3.828641396489095,0,0.6967473357736291
ESP,2021,Granada,9,19,9,4,6,25,25,0,31,1.63,19,4,3,12,22,40,-18,15,0.79,34,27.4,41.4,38,3420,47,30,77,44,3,5,97,6,1.24,0.79,2.03,1.16,1.95,418,176,222,1.21,47,65,-18,-0.47,NA,46,1,0,1,0,58,38,15,0,5,4.43859649122807,1.3275862068965518,2.706896551724138,4.172413793103448,1,31,12,0,12,7,962,156,708100000,380900000,0,86800000,240400000,55001,119900000,3425714.285714286,1200000,0.4155197178233123,0.021472336866602427,0.1857966218796022,0.610842368640534,0.3502919099249375,5603797.203687206,35,8545454.545454545,1.21,20.37809588603423,2.5649493574615367,0,19.758047434074193,0,57,0,20,27,28,26,6,1,1.47,4.07753744390572,1,0.6557635025591412
ESP,2122,Granada,18,19,5,7,7,22,29,-7,22,1.16,19,3,7,9,22,32,-10,16,0.84,32,28.1,44.7,38,3420,43,28,71,40,3,5,105,4,1.13,0.74,1.87,1.05,1.79,418,175,243,1,44,61,-17,-0.45,Relegated,38,1,1,0,0,40,38,0,0,2,7.153846153846154,0.75,1.45,2.35,0,9,2,2,2,3,828,102,323300000,90500000,162000000,3300000,67500000,37642,93050000,3001612.9032258065,1800000,0.3404973168269486,0.18229637107486318,0.20487753041814993,0.49941932017125734,0.31166039763567976,4159262.26024122,31,6227272.7272727275,1,19.594091245788764,1.0986122886681098,1.0986122886681098,18.320860419719878,18.903106899369497,39,0,3,8,9,4,2,0,1.21,3.713572066704308,1,0.6679107279219477
ESP,2324,Granada,20,19,4,6,9,24,32,-8,18,0.95,19,0,3,16,14,47,-33,3,0.16,40,26.7,45.6,38,3420,35,27,62,30,5,8,98,4,0.92,0.71,1.63,0.79,1.5,418,180,244,0.55,38,79,-41,-1.08,Relegated,21,1,1,0,0,39,38,0,0,1,7.473135964912281,0.6153846153846154,1.4871794871794872,2.2051282051282053,0,6,2,0,0,4,374,47,70250000,23250000,0,0,47000000,34814,119950000,3331944.4444444445,2000000,0.29867294766473257,0.035617854885965416,0.08473602573677257,0.6331920707702285,0.45852438516048355,3473516.4014476934,36,8363636.363636363,0.55,18.067570880413005,1.0986122886681098,0,16.96181573300839,0,38,0,3,4,5,2,1,0,1,3.6888794541139363,1,0.41531174365135465
GER,2122,Greuther Fürth,18,17,3,5,9,15,33,-18,14,0.82,17,0,4,13,13,49,-36,4,0.24,29,25.9,43.6,34,3060,26,15,41,21,5,5,61,0,0.76,0.44,1.21,0.62,1.06,374,139,151,0.53,28,82,-54,-1.59,Relegated,18,1,1,0,0,35,34,0,0,1,8.231617647058824,0.6285714285714286,1.3714285714285714,2.142857142857143,0,44,6,4,13,21,1339,155,202500000,18900000,85900000,31000000,66700000,32534,32200000,1288000,1000000,0.36537161123747464,0.18555972213684147,0.2198008237536116,0.32472049689440996,0.2701863354037267,1535061.7815208705,25,1972727.2727272727,0.53,19.126250449449138,1.9459101490553132,1.6094379124341003,16.75467253293992,18.268694398595926,34,0,1,2,2,1,1,0,NA,3.58351893845611,0,0.7781419168999805
FRA,1516,Guingamp,16,19,6,7,6,31,28,3,25,1.32,19,5,4,10,16,28,-12,19,1,28,28.4,42.8,38,3420,46,36,82,44,2,3,81,0,1.21,0.95,2.16,1.16,2.11,418,105,161,1.16,47,56,-9,-0.24,NA,44,0,0,0,0,43,38,0,0,5,6.666666666666667,0.8837209302325582,1.8604651162790697,2.813953488372093,0,5,2,1,0,2,439,48,79000000,66000000,10000000,0,3000000,41347,33350000,1191071.4285714286,1000000,0.43519481461774734,0.1451858659636733,0.1729508791447989,0.40378025273077744,0.25487256371814093,1591587.0558928095,28,2136363.6363636362,1.16,18.184958423089522,1.0986122886681098,0.6931471805599453,18.005165315142214,16.118095750958314,42,0,2,7,11,5,2,0,NA,3.784189633918261,0,0.7449981963753577
FRA,1617,Guingamp,10,19,12,3,4,28,13,15,39,2.05,19,2,5,12,18,40,-22,11,0.58,25,27.6,47.5,38,3420,46,33,79,42,4,4,63,3,1.21,0.87,2.08,1.11,1.97,418,107,159,1.32,46,53,-7,-0.18,NA,50,0,0,0,0,46,38,0,0,8,6.244907407407408,0.9130434782608695,1.8478260869565217,2.847826086956522,0,16,4,1,0,11,475,69,70100000,23300000,1250000,0,45550000,42979,40900000,1636000,1500000,0.39088857348937855,0.1244328625607855,0.16682565904278834,0.3817114914425428,0.28117359413202936,2099767.3282300658,25,2659090.909090909,1.32,18.065433366270153,1.6094379124341003,0.6931471805599453,16.963963961454382,14.038654909278163,45,0,3,11,15,7,2,0,1.16,3.8501476017100584,0,0.7896560892489136
FRA,1718,Guingamp,12,19,8,7,4,30,24,6,31,1.63,19,4,4,11,18,35,-17,16,0.84,23,27.2,49.7,38,3420,46,27,73,40,6,7,67,2,1.21,0.71,1.92,1.05,1.76,418,113,153,1.24,48,59,-11,-0.29,NA,47,0,0,0,0,41,38,0,0,3,7.176041666666666,0.7560975609756098,1.6829268292682926,2.4634146341463414,0,5,2,0,1,2,262,39,80500000,34000000,0,1500000,45000000,40531,50300000,1934615.3846153845,1750000,0.25582887172781327,0.07137746416323308,0.11620734746243616,0.35005352500382303,0.2783300198807157,2248911.9439441417,26,3045454.5454545454,1.24,18.203767754811153,1.0986122886681098,0,17.341871111992198,0,40,0,0,5,7,4,2,0,1.32,3.7376696182833684,0,0.7384486980115093
FRA,1819,Guingamp,20,19,3,7,9,16,27,-11,16,0.84,19,2,5,12,12,41,-29,11,0.58,30,26,44.1,38,3420,28,21,49,23,5,6,58,5,0.74,0.55,1.29,0.61,1.16,418,107,158,0.71,28,68,-40,-1.05,Relegated,27,0,0,0,0,46,38,0,0,8,6.356558641975309,0.8695652173913043,1.8043478260869565,2.847826086956522,0,2,1,0,0,1,53,5,11000000,5000000,0,0,6000000,47016,68050000,2346551.724137931,1750000,0.3395014463161477,0.21794708184447847,0.21307639952356644,0.4053814385973802,0.29390154298310067,2906440.360728263,29,4159090.909090909,0.71,16.213405921671733,0.6931471805599453,0,15.424948670398354,0,45,0,4,11,15,6,4,1,1.24,3.8501476017100584,0,0.6988162615958665
GER,1516,Hamburger SV,10,17,5,4,8,20,23,-3,19,1.12,17,6,4,7,20,23,-3,22,1.29,28,27.1,48.7,34,3060,37,26,63,34,3,3,75,0,1.09,0.76,1.85,1,1.76,374,102,134,1.21,40,46,-6,-0.18,NA,41,0,0,0,0,35,34,0,0,1,8.207107843137255,0.5714285714285714,1.4,2.2285714285714286,0,63,10,1,2,50,1230,153,522750000,87550000,150000,1400000,433650000,33898,59050000,2187037.037037037,1500000,0.296123665112986,0.03896985072865656,0.13519971679745119,0.42537711293003433,0.279424216765453,2830841.052569473,27,3909090.909090909,1.21,20.074613898185977,2.3978952727983707,0.6931471805599453,18.28772062811818,11.918397239722838,34,0,0,1,3,0,1,0,NA,3.58351893845611,0,0.7241686413549815
GER,1617,Hamburger SV,14,17,8,4,5,21,25,-4,28,1.65,17,2,4,11,12,36,-24,10,0.59,29,25.8,43.8,34,3060,32,26,58,32,0,2,77,2,0.94,0.76,1.71,0.94,1.71,374,97,142,1.12,33,61,-28,-0.82,NA,38,0,0,0,0,38,34,0,0,4,7.320945945945946,0.7894736842105263,1.6578947368421053,2.5,0,63,16,1,2,44,929,124,276750000,89500000,0,500000,186750000,37387,77700000,2775000,2000000,0.37012865434509323,0.05772059806884746,0.1332816219541552,0.4282037139179995,0.296010296010296,3469934.7366731754,28,5000000,1.12,19.43862513316639,2.833213344056216,0.6931471805599453,18.309749194418266,0,37,0,0,3,8,2,1,0,1.21,3.6635616461296463,0,0.6939869473346351
GER,1718,Hamburger SV,17,17,6,4,7,17,19,-2,22,1.29,17,2,3,12,12,34,-22,9,0.53,29,25,49,34,3060,28,18,46,25,3,5,63,NA,0.82,0.53,1.35,0.74,1.26,374,97,138,0.91,29,53,-24,-0.71,Relegated,31,0,0,0,0,35,34,0,0,1,8,0.6857142857142857,1.542857142857143,2.2285714285714286,0,56,8,1,5,42,975,121,336600000,55900000,90000000,5700000,185000000,34577,61600000,2124137.9310344825,1500000,0.33163663707088525,0.07785522167915088,0.16565925326083814,0.4726824899238691,0.3003246753246753,2807285.1895768866,29,4045454.5454545454,0.91,19.634405842691866,2.1972245773362196,0.6931471805599453,17.839074956014414,18.31532023940565,34,0,0,2,3,1,1,0,1.12,3.58351893845611,0,0.6939356648392304
GER,1516,Hannover 96,18,17,4,0,13,15,30,-15,12,0.71,17,3,4,10,16,32,-16,13,0.76,33,25.6,45.9,34,3060,30,21,51,28,2,3,66,0,0.88,0.62,1.5,0.82,1.44,374,91,146,0.74,31,62,-31,-0.91,Relegated,25,0,0,0,0,36,34,0,0,2,7.9678571428571425,0.75,1.5555555555555556,2.2777777777777777,0,78,16,3,0,59,1587,182,341450000,78700000,12000000,0,250750000,35640,59275000,1796212.121212121,1500000,0.38473625140291806,0.10165544332210999,0.22306397306397308,0.45034060554937816,0.2952340784479123,2713775.2525252528,33,3477272.727272727,0.74,19.648711816300057,2.833213344056216,1.3862943611198906,18.181153726094113,16.300417291085605,35,0,1,4,5,2,1,0,NA,3.6109179126442243,0,0.7804320987654322
GER,1718,Hannover 96,13,17,8,3,6,28,25,3,27,1.59,17,2,6,9,16,29,-13,12,0.71,26,26.4,46.9,34,3060,44,26,70,40,4,5,63,NA,1.29,0.76,2.06,1.18,1.94,374,100,136,1.15,44,54,-10,-0.29,NA,39,0,0,0,0,36,34,0,0,2,7.771428571428571,0.6944444444444444,1.4722222222222223,2.3055555555555554,0,50,12,2,9,27,1201,150,366050000,151800000,34500000,17700000,162050000,35612,92400000,3422222.222222222,2500000,0.36515781197349206,0.059586656183308995,0.21680894080646973,0.5245711079044413,0.4166666666666667,5309835.167920926,27,6545454.545454546,1.15,19.718280496788793,2.5649493574615367,1.0986122886681098,18.83807442951342,17.356469910987094,35,0,1,2,4,2,1,0,0.74,3.6109179126442243,1,0.8112248173212525
GER,1819,Hannover 96,17,17,5,1,11,15,26,-11,16,0.94,17,0,5,12,16,45,-29,5,0.29,32,26.3,46.3,34,3060,30,20,50,27,3,3,64,4,0.88,0.59,1.47,0.79,1.38,374,97,141,0.62,31,71,-40,-1.18,Relegated,21,0,0,0,0,36,34,0,0,2,7.771428571428571,0.75,1.5,2.2222222222222223,0,36,8,1,1,26,1678,205,812750000,137400000,28800000,8500000,638050000,35507,89100000,2784375,1500000,0.3419607401357479,0.04683583518742783,0.18762497535697187,0.552574354657688,0.36475869809203143,3861361.14005689,32,6227272.7272727275,0.62,20.51593411837868,2.1972245773362196,0.6931471805599453,18.738406945030544,17.175885979828397,35,0,1,3,4,2,1,0,1.15,3.6109179126442243,1,0.6200725918339531
GER,2324,Heidenheim,8,17,7,5,5,30,26,4,26,1.53,17,3,7,7,20,29,-9,16,0.94,22,26.7,42.5,34,3060,46,34,80,44,2,3,54,1,1.35,1,2.35,1.29,2.29,374,156,149,1.24,50,55,-5,-0.15,→ Conference League via league finish,42,1,1,0,0,36,34,0,0,2,7.974404761904762,0.75,1.4722222222222223,2.138888888888889,0,13,3,1,2,7,740,77,101850000,4900000,15750000,15750000,65450000,35639,65650000,2854347.8260869565,1500000,0.348185976037487,0.05785796458935436,0.2342097140772749,0.5590251332825591,0.5026656511805027,4247633.210808384,23,5118181.818181818,1.24,18.43901171045545,1.3862943611198906,0.6931471805599453,15.404745967162468,16.572350986727976,35,0,0,1,1,0,1,0,NA,3.6109179126442243,1,0.8299105740478193
GER,2425,Heidenheim,16,17,3,2,12,13,33,-20,11,0.65,17,5,3,9,24,31,-7,18,1.06,27,26.8,43.5,34,3060,37,26,63,32,5,5,66,1,1.09,0.76,1.85,0.94,1.71,374,162,144,0.85,37,64,-27,-0.79,→ German 1/2 Relegation/Promotion play-offs,29,1,1,0,0,48,34,10,10,4,6.004432624113475,0.9375,1.9375,2.9375,1,30,5,1,8,16,619,93,265000000,24100000,2400000,74300000,164200000,45859,72225000,2490517.2413793104,1500000,0.34494864693953203,0.12252774809742907,0.17619224143570508,0.500113390864277,0.380754586362063,3356914.128088271,29,4818181.818181818,0.85,19.39524038772408,1.791759469228055,0.6931471805599453,16.997722439954657,14.690979711984754,47,0,13,13,14,7,3,1,1.24,3.8918202981106265,1,0.6967180265843581
ITA,1516,Hellas Verona,20,19,4,6,9,21,30,-9,18,0.95,19,1,7,11,13,33,-20,10,0.53,32,27.5,45.3,38,3420,34,23,57,28,6,7,97,0,0.89,0.61,1.5,0.74,1.34,418,113,282,0.74,34,63,-29,-0.76,Relegated,28,0,0,0,0,41,38,0,0,3,6.850260416666667,0.7804878048780488,1.6829268292682926,2.5609756097560976,0,48,24,0,0,24,1163,192,316150000,192900000,0,0,123250000,37489,42625000,1332031.25,1000000,0.30913067833231084,0.0618047960735149,0.05871055509616154,0.4470491202346041,0.28152492668621704,1517063.6720104564,32,2645454.5454545454,0.74,19.571727345631952,3.2188758248682006,0,19.07768248305999,0,40,0,0,6,11,4,2,0,NA,3.7376696182833684,0,0.5734604945743994
ITA,1718,Hellas Verona,19,19,5,1,13,14,35,-21,16,0.84,19,2,3,14,16,43,-27,9,0.47,32,25.9,41.9,38,3420,30,19,49,23,7,7,98,NA,0.79,0.5,1.29,0.61,1.11,418,113,317,0.66,30,78,-48,-1.26,Relegated,25,0,0,0,0,41,38,0,0,3,6.969270833333334,0.7073170731707317,1.6341463414634145,2.5853658536585367,0,43,14,0,0,29,1395,210,591200000,323100000,0,0,268100000,39541,52550000,1695161.2903225806,1000000,0.3534306163222984,0.0681065223438962,0.14357249437292938,0.5148399373868207,0.390104662226451,2162879.0369489896,31,3527272.727272727,0.66,20.19766492928974,2.70805020110221,0,19.593472433889744,0,40,0,0,3,6,1,1,0,0.74,3.7376696182833684,1,0.6131873558360538
ITA,1920,Hellas Verona,9,19,9,5,5,29,25,4,32,1.68,19,3,8,8,18,26,-8,17,0.89,30,26.1,49.8,38,3420,45,27,72,37,8,9,87,7,1.18,0.71,1.89,0.97,1.68,418,128,320,1.29,47,51,-4,-0.11,NA,49,0,0,1,0,39,38,0,0,1,9.210800438596491,0.8717948717948718,2.0256410256410255,2.8461538461538463,0,48,26,0,0,22,1264,178,565550000,369525000,0,0,196025000,38705,110200000,3554838.709677419,2000000,0.437772897558455,0.04663480170520604,0.21539852732205142,0.5881974123294889,0.4219600725952813,5741805.96822116,31,7863636.363636363,1.29,20.153309268709855,3.295836866004329,0,19.727728957768587,0,38,0,3,9,12,7,6,1,0.66,3.6888794541139363,1,0.7301718572304365
ITA,2021,Hellas Verona,10,19,6,6,7,23,23,0,24,1.26,19,5,6,8,23,25,-2,21,1.11,32,26.2,49.8,38,3420,38,30,68,35,3,3,91,1,1,0.79,1.79,0.92,1.71,418,170,281,1.18,46,48,-2,-0.05,NA,45,1,0,1,0,40,38,0,0,2,6.3076923076923075,0.75,1.875,2.725,0,53,34,0,3,16,1561,241,925700000,655500000,0,72000000,198200000,35941,127150000,4101612.9032258065,3600000,0.4448401546979772,0.0794635652875546,0.24189644139005592,0.4424923572615529,0.2595359811246559,6261561.308811664,31,7681818.181818182,1.18,20.646060767117703,3.5553480614894135,0,20.300908862693582,0,39,0,2,6,7,4,2,0,1.29,3.713572066704308,0,0.815114489904477
ITA,2122,Hellas Verona,9,19,9,3,7,34,25,9,30,1.58,19,5,8,6,31,34,-3,23,1.21,31,26.8,50.6,38,3420,63,44,107,56,7,8,100,7,1.66,1.16,2.82,1.47,2.63,418,165,244,1.39,65,59,6,0.16,NA,53,1,1,0,0,40,38,0,0,2,7.17948717948718,0.7,1.475,2.325,0,54,14,1,11,28,1341,213,961800000,181100000,99000000,79900000,601800000,39473,160150000,4710294.117647059,3000000,0.46522939730955337,0.07693866693689358,0.1350290071694576,0.5405869497346238,0.34342803621604745,7456171.30696932,34,10500000,1.39,20.684317087847553,2.70805020110221,0.6931471805599453,19.01455992837545,18.410630418199872,39,0,1,8,8,2,2,0,1.18,3.713572066704308,1,0.7101115530446972
ITA,2223,Hellas Verona,18,19,6,3,10,20,32,-12,21,1.11,19,1,7,11,11,27,-16,10,0.53,36,26.6,41.2,38,3420,29,22,51,28,1,1,103,3,0.76,0.58,1.34,0.74,1.32,418,184,307,0.82,31,59,-28,-0.74,→ Relegation tie-breaker,31,1,1,0,0,40,39,0,0,1,7.900373931623932,0.725,1.625,2.45,0,52,11,1,0,40,1647,220,709700000,105500000,104000000,0,500200000,37473,105800000,3306250,3000000,0.37893950310890506,0.12302190910789101,0.14399701118138392,0.4160562381852553,0.31190926275992437,3828895.471406079,32,6045454.545454546,0.82,20.380352904904257,2.4849066497880004,0.6931471805599453,18.47422152035907,18.459901466721032,39,0,1,3,5,2,1,0,1.39,3.713572066704308,0,0.6333511306085243
ITA,2324,Hellas Verona,13,19,6,6,7,23,26,-3,24,1.26,19,3,5,11,15,25,-10,14,0.74,36,25.7,44.4,38,3420,38,29,67,35,3,7,88,6,1,0.76,1.76,0.92,1.68,418,179,312,1,38,51,-13,-0.34,NA,38,1,1,0,0,40,38,0,0,2,7.3843482905982905,0.625,1.4,2.225,0,38,6,0,0,32,645,101,448900000,163850000,0,0,285050000,39102,131400000,3754285.714285714,3000000,0.33837143880108433,0.03608511073602373,0.0976420643445348,0.49158512720156566,0.319634703196347,4836867.679402588,35,8000000,1,19.92231070597983,1.9459101490553132,0,18.91446193921224,0,39,0,0,1,1,0,1,0,0.82,3.713572066704308,1,0.6046084599253235
ITA,2425,Hellas Verona,14,19,4,5,10,15,36,-21,17,0.89,19,6,2,11,19,30,-11,20,1.05,32,25.1,38.7,38,3420,31,20,51,29,2,2,98,9,0.82,0.53,1.34,0.76,1.29,418,180,368,0.97,34,66,-32,-0.84,NA,37,1,1,0,0,39,38,0,0,1,7.581414473684211,0.5384615384615384,1.3333333333333333,2.1794871794871793,0,32,8,1,0,23,968,117,341000000,105400000,41400000,0,194200000,37809,97200000,3037500,2000000,0.44179957153058796,0.08479462561823904,0.20979131952709673,0.4603266460905351,0.2880658436213992,4535208.548229258,32,6181818.181818182,0.97,19.647393038180343,2.1972245773362196,0.6931471805599453,18.473273203559202,17.538791462950133,38,0,1,1,1,0,2,0,1,3.6888794541139363,0,0.7336366769194388
GER,1516,Hertha BSC,7,17,9,5,3,24,15,9,32,1.88,17,5,3,9,18,27,-9,18,1.06,26,26.1,49.7,34,3060,41,31,72,38,3,3,71,0,1.21,0.91,2.12,1.12,2.03,374,96,142,1.47,42,42,0,0,→ Europa League via league finish,50,0,0,0,0,39,34,0,0,5,7.3125,0.7948717948717948,1.7179487179487178,2.4615384615384617,0,51,10,1,0,40,901,134,451000000,96000000,0,0,355000000,38781,71875000,2875000,2500000,0.37840695185786855,0.059436321910213766,0.20288285500631753,0.3973008695652174,0.3060869565217391,3962607.333488048,25,4681818.181818182,1.47,19.926977899684246,2.3978952727983707,0.6931471805599453,18.379858759848776,0,38,0,2,4,7,3,1,0,NA,3.6888794541139363,0,0.8463821489003598
GER,1617,Hertha BSC,6,17,12,1,4,28,19,9,37,2.18,17,3,3,11,15,28,-13,12,0.71,26,27.1,48.5,34,3060,42,26,68,37,5,5,67,2,1.24,0.76,2,1.09,1.85,374,98,140,1.44,43,47,-4,-0.12,"→ Europa League via league finish 1 1. Since DFB-Pokal winners Borussia Dortmund qualified for Champions League, all Europa League berths were awarded based on league position.",49,0,0,0,0,39,34,2,0,3,7.784265350877193,0.6666666666666666,1.6153846153846154,2.282051282051282,1,63,22,0,1,40,1194,163,762900000,286000000,0,3000000,473900000,35958,89200000,4054545.4545454546,3000000,0.3113910673563602,0.06388008231826019,0.20259747483174814,0.45383204239706476,0.3811659192825112,5136845.764503031,22,6500000,1.44,20.452637520371244,3.1354942159291497,0,19.47150237228063,0,38,0,2,4,5,1,1,0,1.47,3.6888794541139363,0,0.7902839637696971
GER,1718,Hertha BSC,10,17,5,7,5,23,27,-4,22,1.29,17,5,6,6,20,19,1,21,1.24,25,26.4,46.1,34,3060,43,32,75,39,4,5,49,NA,1.26,0.94,2.21,1.15,2.09,374,95,142,1.26,43,46,-3,-0.09,NA,43,0,0,0,0,42,34,6,0,2,6.604420731707317,0.9523809523809523,1.880952380952381,2.8333333333333335,1,85,15,6,1,63,1573,204,897600000,233200000,23000000,0,641400000,41112,126900000,4880769.230769231,2750000,0.38531329052344815,0.0715362911072193,0.20110916520723876,0.48666424198339087,0.3309692671394799,6891222.757345787,26,9136363.636363637,1.26,20.61523509384679,2.772588722239781,1.9459101490553132,19.267407016728775,16.951004817371683,41,0,8,11,12,7,3,1,1.44,3.7612001156935624,1,0.7542631873711807
GER,1819,Hertha BSC,11,17,6,6,5,26,27,-1,24,1.41,17,5,4,8,23,30,-7,19,1.12,26,25.9,47.9,34,3060,49,32,81,45,4,4,67,5,1.44,0.94,2.38,1.32,2.26,374,92,145,1.26,49,57,-8,-0.24,NA,43,0,0,0,0,37,34,0,0,3,7.524305555555555,0.7027027027027027,1.6216216216216217,2.3783783783783785,0,56,21,0,0,35,1657,211,1832850000,465350000,0,0,1367500000,36885,204000000,7846153.846153846,3250000,0.3812932086213908,0.05389724820387692,0.17112647417649451,0.513103318250377,0.3137254901960784,11027059.780398536,26,15818181.818181818,1.26,21.329137969940515,3.091042453358316,0,19.958300370744915,0,36,0,1,5,6,3,1,0,1.26,3.6375861597263857,1,0.697112974622896
GER,1920,Hertha BSC,10,17,6,3,8,23,32,-9,21,1.24,17,5,5,7,25,27,-2,20,1.18,32,26.2,44.7,34,3060,45,35,80,42,3,3,78,4,1.32,1.03,2.35,1.24,2.26,374,109,195,1.21,48,59,-11,-0.32,NA,41,0,0,1,0,37,34,0,0,3,8.916666666666666,0.7297297297297297,1.5945945945945945,2.3783783783783785,0,65,10,0,2,53,1372,121,949200000,213400000,0,1400000,734400000,37150,214400000,6700000,5500000,0.34347240915208616,0.12734858681022881,0.14207267833109016,0.4923915578358209,0.25419776119402987,8277685.060565276,32,13772727.272727273,1.21,20.671130083579403,2.3978952727983707,0,19.178678901517962,0,36,0,2,4,6,1,1,0,1.26,3.6375861597263857,1,0.6010200374007791
GER,2021,Hertha BSC,14,17,5,5,7,21,26,-5,20,1.18,17,3,6,8,20,26,-6,15,0.88,32,25.4,49.6,34,3060,40,29,69,36,4,6,67,3,1.18,0.85,2.03,1.06,1.91,374,149,157,1.03,41,52,-11,-0.32,NA,35,1,0,1,0,35,34,0,0,1,7.434742647058823,0.6285714285714286,1.5714285714285714,2.3142857142857145,0,49,15,3,4,27,1602,208,1776700000,332700000,266500000,68500000,1109000000,32615,224600000,6806060.606060606,5000000,0.4660738923808064,0.14772344013490726,0.1912310286677909,0.48646752475781874,0.29385574354407834,10032150.850835506,33,13909090.909090908,1.03,21.298023548568974,2.772588722239781,1.3862943611198906,19.622751743994417,19.40088480532252,34,0,2,6,7,3,2,0,1.21,3.58351893845611,1,0.72126574744569
GER,2122,Hertha BSC,16,17,6,3,8,24,33,-9,21,1.24,17,3,3,11,13,38,-25,12,0.71,36,26.7,43.7,34,3060,35,23,58,32,3,3,62,2,1.03,0.68,1.71,0.94,1.62,374,152,151,0.97,37,71,-34,-1,→ German 1/2 Relegation/Promotion play-offs,33,1,1,0,0,39,34,0,0,5,7.584429824561403,0.5384615384615384,1.4871794871794872,2.1538461538461537,0,73,14,2,25,32,1495,206,553550000,219300000,4000000,92300000,237950000,38266,115350000,3495454.5454545454,3000000,0.33975330580672136,0.13278105890346523,0.13847802226519626,0.4182002075370086,0.25140875596012136,4161251.502639419,33,6636363.636363637,0.97,20.13186264207627,2.70805020110221,1.0986122886681098,19.20595121794808,15.201805169084134,38,0,0,3,5,1,1,0,1.03,3.6888794541139363,0,0.6270378976579946
GER,2223,Hertha BSC,18,17,5,6,6,24,27,-3,21,1.24,17,2,2,13,18,42,-24,8,0.47,32,26,42,34,3060,42,23,65,35,7,7,82,1,1.24,0.68,1.91,1.03,1.71,374,153,153,0.85,42,69,-27,-0.79,Relegated,29,1,1,0,0,35,34,0,0,1,8.820445261437909,0.6,1.5714285714285714,2.257142857142857,0,30,5,0,0,25,894,105,290900000,60600000,0,0,230300000,34832,80000000,2500000,1500000,0.4375574184657786,0.02213481855764814,0.18517455213596692,0.505390625,0.33125,4006478.23840147,32,5272727.2727272725,0.85,19.488490126903038,1.791759469228055,0,17.91980546754119,0,34,0,0,2,4,2,1,0,0.97,3.58351893845611,1,0.7598493210761409
GER,1516,Hoffenheim,15,17,6,6,5,22,25,-3,24,1.41,17,3,4,10,17,29,-12,13,0.76,26,24.1,46.1,34,3060,39,26,65,36,3,6,63,0,1.15,0.76,1.91,1.06,1.82,374,100,138,1.09,39,54,-15,-0.44,NA,37,0,0,0,0,35,34,0,0,1,8.232230392156863,0.7428571428571429,1.4857142857142858,2.342857142857143,0,38,9,2,0,27,710,105,188150000,30250000,32250000,0,125650000,34457,87825000,3513000,2000000,0.3884551760164843,0.09066372580317497,0.20196186551353862,0.4616908625106746,0.3928266438941076,5027013.378994108,25,6090909.090909091,1.09,19.052750080318628,2.302585092994046,1.0986122886681098,17.225006775498976,17.289028632213807,34,0,2,3,3,1,1,0,NA,3.58351893845611,0,0.8253305547602268
GER,1617,Hoffenheim,4,17,11,6,0,35,14,21,39,2.29,17,5,8,4,29,23,6,23,1.35,23,25,56.2,34,3060,64,47,111,59,5,5,63,0,1.88,1.38,3.26,1.74,3.12,374,100,138,1.82,64,37,27,0.79,→ Champions League via league finish,62,0,0,0,0,36,34,0,0,2,7.771428571428571,0.7222222222222222,1.5555555555555556,2.3333333333333335,0,31,8,0,0,23,552,90,381000000,97500000,0,0,283500000,33101,122550000,5835714.285714285,5000000,0.4269961632579076,0.08670432917434519,0.23769674632186338,0.43189368770764114,0.4079967360261118,8217312.165795595,21,8954545.454545455,1.82,19.758309935715648,2.1972245773362196,0,18.395362946224484,0,35,0,0,1,4,0,1,0,1.09,3.6109179126442243,0,0.9176693789213355
GER,1718,Hoffenheim,3,17,11,4,2,38,16,22,37,2.18,17,4,6,7,28,32,-4,18,1.06,26,25,51.2,34,3060,64,47,111,60,4,5,71,NA,1.88,1.38,3.26,1.76,3.15,374,102,136,1.62,66,48,18,0.53,→ Champions League via league finish,55,0,0,0,0,44,34,8,0,2,6.34593023255814,0.9772727272727273,2.090909090909091,2.909090909090909,1,84,17,3,2,62,1273,225,1579300000,541300000,2500000,20500000,1015000000,39858,205475000,6421093.75,4250000,0.44206934617893523,0.024386572331777812,0.17118269857995885,0.555918451149775,0.3163401873707264,10727399.76918059,32,14272727.272727273,1.62,21.180247548473474,2.8903717578961645,1.3862943611198906,20.10948421361461,14.731801689838349,43,0,9,14,15,8,3,1,1.82,3.8066624897703196,1,0.7516012577132898
GER,1819,Hoffenheim,9,17,7,5,5,28,20,8,26,1.53,17,6,7,4,42,32,10,25,1.47,29,25.5,53.8,34,3060,69,49,118,63,6,7,69,2,2.03,1.44,3.47,1.85,3.29,374,100,138,1.5,70,52,18,0.53,NA,51,0,0,0,0,42,34,6,0,2,6.658536585365853,0.8809523809523809,1.9523809523809523,2.7857142857142856,1,54,12,3,1,38,1767,252,2506800000,548000000,111000000,2500000,1845300000,36405,293850000,11301923.076923076,7000000,0.4715011674220574,0.06619969784370279,0.22211234720505424,0.5088611405609873,0.3573251659009699,17454735.61323994,26,21409090.90909091,1.5,21.642272876713708,2.5649493574615367,1.3862943611198906,20.121785846737108,18.525040768285617,41,0,4,8,12,7,3,1,1.62,3.7612001156935624,1,0.8152955063509101
GER,1920,Hoffenheim,6,17,7,1,9,26,37,-11,22,1.29,17,8,6,3,27,16,11,30,1.76,31,26,51.6,34,3060,52,36,88,49,3,4,66,2,1.53,1.06,2.59,1.44,2.5,374,114,187,1.53,53,53,0,0,→ Europa League via league finish,52,0,0,1,0,37,34,0,0,3,8.940972222222221,0.8648648648648649,1.7297297297297298,2.4054054054054053,0,44,14,0,0,30,1340,181,1900350000,432600000,0,0,1467750000,34063,211125000,6810483.870967742,5200000,0.29298652496844085,0.06276605114053371,0.1595572909021519,0.44122309440592833,0.2960331557134399,8891994.979890203,31,12909090.909090908,1.53,21.365303917206663,2.70805020110221,0,19.885324073794838,0,36,0,3,6,6,4,1,0,1.5,3.6375861597263857,0,0.688816512526706
GER,2021,Hoffenheim,11,17,8,3,6,32,24,8,27,1.59,17,3,7,7,20,30,-10,16,0.94,30,25.7,51.2,34,3060,51,38,89,46,5,6,68,4,1.5,1.12,2.62,1.35,2.47,374,130,166,1.26,52,54,-2,-0.06,NA,43,1,0,1,0,44,34,8,0,2,5.837209302325581,0.9772727272727273,2.1818181818181817,3.227272727272727,1,72,10,5,9,48,1644,289,1997800000,228700000,327000000,244000000,1198100000,43428,220800000,7613793.1034482755,5000000,0.4154692824905591,0.1455742838721562,0.18658469190384083,0.478666916541729,0.3079710144927536,10572206.871143041,29,14954545.454545455,1.26,21.415312412562873,2.3978952727983707,1.791759469228055,19.24792166336555,19.60547073191963,43,0,8,13,13,9,4,1,1.53,3.8066624897703196,0,0.7069560825688356
GER,2122,Hoffenheim,9,17,8,4,5,34,24,10,28,1.65,17,5,3,9,24,36,-12,18,1.06,32,26.1,53.2,34,3060,55,42,97,55,0,0,75,0,1.62,1.24,2.85,1.62,2.85,374,155,141,1.35,58,60,-2,-0.06,NA,46,1,1,0,0,37,34,0,0,3,7.71875,0.7027027027027027,1.5675675675675675,2.2162162162162162,0,63,14,0,22,27,2138,291,1516600000,393500000,0,405600000,717500000,36919,204550000,6598387.096774193,4500000,0.4121725940572605,0.026138302770930957,0.1838619680923102,0.5099944015581015,0.283549254461012,10248450.662260626,31,13772727.272727273,1.35,21.13973682489048,2.70805020110221,0,19.79059162836303,0,36,0,2,4,4,3,1,0,1.26,3.6375861597263857,1,0.7441119292730487
GER,2223,Hoffenheim,12,17,7,2,8,28,29,-1,23,1.35,17,3,4,10,20,28,-8,13,0.76,31,26.8,48.3,34,3060,46,30,76,39,7,9,80,5,1.35,0.88,2.24,1.15,2.03,374,157,148,1.06,48,57,-9,-0.26,NA,36,1,1,0,0,37,34,0,0,3,8.333314043209876,0.8108108108108109,1.7567567567567568,2.5405405405405403,0,37,10,1,4,22,1454,158,633400000,114500000,98000000,20000000,400900000,36466,175250000,5653225.806451613,3500000,0.3844403005539407,0.08915153841934953,0.11240607689354468,0.46810547144632086,0.3195435092724679,7573557.560467284,31,11090909.090909092,1.06,20.266612693647595,2.3978952727983707,0.6931471805599453,18.556085389692193,18.400478046838927,36,0,2,3,5,3,2,0,1.35,3.6375861597263857,0,0.6828617472552468
GER,2324,Hoffenheim,7,17,6,5,6,31,31,0,23,1.35,17,7,2,8,35,35,0,23,1.35,30,27.7,49.5,34,3060,65,47,112,59,6,6,86,5,1.91,1.38,3.29,1.74,3.12,374,153,151,1.35,66,66,0,0,→ Europa League via league finish,46,1,1,0,0,36,34,0,0,2,7.939880952380952,0.6388888888888888,1.4166666666666667,2.0833333333333335,0,35,10,2,4,19,1609,178,1160200000,128200000,710000000,43700000,278300000,33510,162900000,5817857.142857143,3250000,0.3272455983288571,0.07496269770217845,0.1523724261414503,0.4854205033763044,0.39901780233271944,7518113.995822143,28,11045454.545454545,1.35,20.87185824185816,2.3978952727983707,1.0986122886681098,18.669102110251156,20.380775529408087,35,0,1,2,2,1,1,0,1.06,3.6109179126442243,0,0.6806522959180541
GER,2425,Hoffenheim,15,17,4,5,8,25,36,-11,17,1,17,3,6,8,21,32,-11,15,0.88,35,26.4,48.7,34,3060,46,30,76,43,3,3,66,2,1.35,0.88,2.24,1.26,2.15,374,151,153,0.94,46,68,-22,-0.65,NA,32,1,1,0,0,45,34,8,0,3,6.224905303030303,0.8666666666666667,2.0444444444444443,3.022222222222222,1,60,11,4,5,40,1821,276,1228250000,121000000,199400000,29100000,878750000,43419,170200000,4862857.142857143,2500000,0.3292337455952463,0.08160022110136116,0.21147423938828624,0.5318952492865536,0.36427732079905994,7484900.619544439,35,11000000,0.94,20.928856229827197,2.4849066497880004,1.6094379124341003,18.61130111182548,19.110823420507057,44,0,8,11,13,5,3,1,1.35,3.828641396489095,1,0.6804455108676762
GER,2425,Holstein Kiel,17,17,4,2,11,24,41,-17,14,0.82,17,2,5,10,25,39,-14,11,0.65,27,25.6,43.6,34,3060,49,29,78,45,4,5,77,4,1.44,0.85,2.29,1.32,2.18,374,162,143,0.74,49,80,-31,-0.91,Relegated,25,1,1,0,0,36,34,0,0,2,7.797023809523809,0.6666666666666666,1.4444444444444444,2.2222222222222223,0,38,6,0,2,30,1530,181,200900000,46200000,0,2500000,152200000,35541,45350000,1679629.6296296297,1500000,0.3233730058242593,0.10779100194141977,0.1440589741425396,0.3631018008085263,0.26460859977949286,2007900.7343631298,27,2790909.090909091,0.74,19.118317834762763,1.9459101490553132,0,17.648490377696987,0,35,0,0,2,4,2,1,0,NA,3.6109179126442243,0,0.7194432598695254
ENG,1718,Huddersfield Town,16,19,6,5,8,16,25,-9,23,1.21,19,3,5,11,12,33,-21,14,0.74,25,26.4,45.7,38,3420,25,19,44,23,2,2,65,NA,0.66,0.5,1.16,0.61,1.11,418,112,154,0.97,28,58,-30,-0.79,NA,37,0,0,0,0,44,38,0,0,6,6.372093023255814,1,2.0454545454545454,2.9318181818181817,0,18,4,0,0,14,1130,146,392500000,44000000,0,0,348500000,42830,94350000,3494444.4444444445,3000000,0.3864347420032687,0.04419799206163904,0.15834695307027785,0.4665057214076822,0.3179650238473768,4980212.467896334,27,6454545.454545454,0.97,19.78804709773451,1.6094379124341003,0,17.599700214609808,0,43,0,3,11,15,9,2,0,NA,3.8066624897703196,0,0.7715822133360518
ENG,1819,Huddersfield Town,20,19,2,3,14,10,31,-21,9,0.47,19,1,4,14,12,45,-33,7,0.37,31,26.2,47.2,38,3420,21,13,34,20,1,1,57,4,0.55,0.34,0.89,0.53,0.87,418,107,159,0.42,22,76,-54,-1.42,Relegated,16,0,0,0,0,40,38,0,0,2,7.0256410256410255,0.775,1.7,2.65,0,50,5,16,7,22,1321,163,753000000,31000000,148000000,43000000,531000000,39392,137000000,4892857.142857143,3750000,0.3481925264012998,0.10367587327376117,0.17493399675060925,0.3902502606882168,0.2846715328467153,6191663.281884647,28,8363636.363636363,0.42,20.43957578709219,1.791759469228055,2.833213344056216,17.249497794707484,18.812722838485147,39,0,1,5,9,4,2,0,0.97,3.713572066704308,0,0.7403075663122948
ESP,1819,Huesca,19,19,5,6,8,24,30,-6,21,1.11,19,2,6,11,19,35,-16,12,0.63,30,26.7,44.5,38,3420,43,28,71,37,6,7,114,3,1.13,0.74,1.87,0.97,1.71,418,111,155,0.87,43,65,-22,-0.58,Relegated,33,0,0,0,0,40,38,0,0,2,6.977029914529915,0.625,1.6,2.45,0,26,14,2,0,10,1511,165,220600000,107500000,38500000,0,74600000,38847,57400000,1979310.3448275863,1500000,0.40582284346281566,0.12320127680387159,0.19002754395448812,0.48492130241499454,0.34843205574912894,2724169.176512987,29,3772727.272727273,0.87,19.211861669316768,2.70805020110221,1.0986122886681098,18.493001414834318,17.46616882523204,39,0,3,4,5,2,2,0,NA,3.713572066704308,0,0.7220689383528398
ESP,2021,Huesca,18,19,5,7,7,17,21,-4,22,1.16,19,2,6,11,17,32,-15,12,0.63,27,28,48.3,38,3420,32,23,55,29,3,4,69,2,0.84,0.61,1.45,0.76,1.37,418,171,215,0.89,34,53,-19,-0.5,Relegated,34,1,0,1,0,40,38,0,0,2,6.435363247863248,0.7,1.75,2.725,0,15,7,0,5,3,555,75,129400000,78500000,0,7700000,43200000,39883,63100000,2426923.076923077,1350000,0.2733495474262217,0.2205450944011233,0.17616528345410326,0.48122638059246614,0.36450079239302696,3020748.18845122,26,4500000,0.89,18.67841894775905,2.0794415416798357,0,18.17860919549149,0,39,0,3,5,7,2,2,0,0.87,3.713572066704308,0,0.6712773752113822
ENG,1617,Hull City,18,19,8,4,7,28,35,-7,28,1.47,19,1,3,15,9,45,-36,6,0.32,28,27.4,45.9,38,3420,36,24,60,33,3,3,67,0,0.95,0.63,1.58,0.87,1.5,418,101,165,0.89,37,80,-43,-1.13,Relegated,34,0,0,0,0,46,38,0,0,8,6.246759259259259,0.9347826086956522,1.934782608695652,2.9782608695652173,0,18,9,1,0,8,1905,274,1076250000,324500000,450500000,0,301250000,42467,112000000,4000000,2750000,0.29008406527421293,0.10125509218922929,0.08465396660936728,0.42426658163265296,0.24553571428571427,4698748.439965149,28,7318181.818181818,0.89,20.796748614635366,2.302585092994046,0.6931471805599453,19.597796097190084,19.925868637232423,45,0,6,11,14,9,3,1,NA,3.8501476017100584,0,0.6420650042188403
GER,1516,Ingolstadt,11,17,7,5,5,22,18,4,26,1.53,17,3,5,9,11,24,-13,14,0.82,25,26.3,45.2,34,3060,33,20,53,24,9,10,83,0,0.97,0.59,1.56,0.71,1.29,374,99,139,1.18,33,42,-9,-0.26,NA,40,0,0,0,0,35,34,0,0,1,8.205269607843137,0.8285714285714286,1.6571428571428573,2.342857142857143,0,23,1,2,1,19,773,57,62950000,10000000,4500000,1000000,47450000,34564,34950000,1398000,1250000,0.3538363615322301,0.1435887050109941,0.1989063765767851,0.31084406294706723,0.2646638054363376,1707383.4046985302,25,2090909.0909090908,1.18,17.957851334340255,0.6931471805599453,1.0986122886681098,16.118095750958314,15.319588176962746,34,0,0,3,4,2,1,0,NA,3.58351893845611,0,0.8165746718123406
GER,1617,Ingolstadt,17,17,4,5,8,21,30,-9,17,1,17,4,3,10,15,27,-12,15,0.88,22,26.9,45.9,34,3060,35,20,55,29,6,8,75,3,1.03,0.59,1.62,0.85,1.44,374,98,140,0.94,36,57,-21,-0.62,Relegated,32,0,0,0,0,36,34,0,0,2,7.767857142857143,0.8055555555555556,1.6666666666666667,2.3333333333333335,0,22,4,0,2,16,662,64,59500000,26500000,0,2800000,30200000,34058,31200000,1418181.8181818181,1100000,0.38595924599213105,0.16847730342357156,0.2339832051206765,0.3430944055944056,0.32051282051282054,1831524.1646602855,22,2109090.909090909,0.94,17.90148688732258,1.6094379124341003,0,17.0926553286923,0,35,0,0,4,7,2,1,0,1.18,3.6109179126442243,0,0.868395078071687
ITA,1516,Inter,4,19,13,2,4,29,15,14,41,2.16,19,7,5,7,21,23,-2,26,1.37,28,26.7,55,38,3420,49,35,84,47,2,3,104,0,1.29,0.92,2.21,1.24,2.16,418,112,324,1.76,50,38,12,0.32,→ Europa League via league finish,67,0,0,0,0,42,38,0,0,4,6.463414634146342,0.8095238095238095,1.8333333333333333,2.8095238095238093,0,23,8,1,1,13,296,44,680600000,353500000,22500000,7000000,297600000,41291,271000000,10037037.037037037,7500000,0.38812331985178367,0.09653435373325907,0.18209779370807197,0.43285499521661897,0.28413284132841327,13958361.386258507,27,18000000,1.76,20.33848532150037,2.1972245773362196,0.6931471805599453,19.683394046129756,16.929025911619092,41,0,0,8,10,5,3,1,NA,3.7612001156935624,0,0.775464521458806
ITA,1617,Inter,7,19,11,3,5,44,22,22,36,1.89,19,8,2,9,28,27,1,26,1.37,29,27.5,56.4,38,3420,70,55,125,67,3,5,81,3,1.84,1.45,3.29,1.76,3.21,418,108,328,1.63,72,49,23,0.61,NA,62,0,0,0,0,46,38,6,0,2,6.222222222222222,0.9130434782608695,1.826086956521739,2.9565217391304346,1,22,8,2,0,12,3262,69,704000000,248000000,14000000,0,442000000,45469,318250000,10974137.931034483,10000000,0.3961160351008379,0.05700587213266181,0.18977765070707514,0.5123709943928272,0.34564021995286726,16435597.8798742,29,21727272.727272727,1.63,20.37228891554277,2.1972245773362196,1.0986122886681098,19.328939308161516,16.454567959008102,45,0,4,10,14,6,3,1,1.76,3.8501476017100584,1,0.7564501116260092
ITA,1718,Inter,4,19,11,5,3,37,16,21,38,2,19,9,7,3,29,14,15,34,1.79,22,27.6,57.1,38,3420,64,34,98,58,6,7,69,NA,1.68,0.89,2.58,1.53,2.42,418,110,283,1.89,66,30,36,0.95,→ Champions League via league finish,72,0,0,0,0,40,38,0,0,2,7,0.75,1.575,2.575,0,14,7,0,0,7,245,42,1137000000,241000000,0,0,896000000,39145,398800000,18127272.727272727,10250000,0.36793971132967174,0.12027078809554222,0.2622301698812109,0.5370885383422996,0.45135406218655966,25587584.621279858,22,31454545.454545453,1.89,20.851659052594318,2.0794415416798357,0,19.300307495604308,0,39,0,1,5,7,1,1,0,1.63,3.713572066704308,1,0.8134781237979146
ITA,1819,Inter,4,19,11,5,3,27,10,17,38,2,19,9,4,6,30,23,7,31,1.63,23,27.7,59.4,38,3420,57,36,93,49,8,9,75,3,1.5,0.95,2.45,1.29,2.24,418,114,251,1.82,57,33,24,0.63,→ Champions League via league finish,69,0,0,0,0,50,38,10,0,2,5.714285714285714,0.9,2.12,3.22,1,26,10,2,0,14,670,118,2894000000,1001000000,135500000,0,1757500000,45877,496300000,21578260.86956522,15000000,0.3415872877476731,0.10377749198945005,0.2324694291257057,0.49645638595169483,0.38283296393310495,29331168.123460557,23,37636363.63636363,1.82,21.785905465501244,2.3978952727983707,1.0986122886681098,20.724265338278496,18.724482205664103,49,0,6,11,16,4,3,1,1.89,3.9318256327243257,1,0.7793305540049907
ITA,1920,Inter,2,19,11,6,2,40,17,23,39,2.05,19,13,4,2,41,19,22,43,2.26,29,27.7,54.2,38,3420,80,57,137,70,10,11,104,6,2.11,1.5,3.61,1.84,3.34,418,134,298,2.16,81,36,45,1.18,→ Champions League via league finish,82,0,0,1,0,55,38,13,0,4,6.685378086419753,1.1272727272727272,2.327272727272727,3.4909090909090907,1,38,16,1,0,21,1015,193,3857600000,1445800000,31500000,0,2380300000,52315,527650000,18844642.85714286,10000000,0.4696167447194877,0.08901844595240371,0.2220395680015292,0.5350712728946405,0.34113522221169335,28382850.043008696,28,38590909.09090909,2.16,22.073311065650408,2.833213344056216,0.6931471805599453,21.09192863922213,17.265498135541893,54,0,6,16,23,17,7,1,1.82,4.02535169073515,1,0.7354802131286117
ITA,2021,Inter,1,19,17,1,1,53,18,35,52,2.74,19,11,6,2,36,17,19,39,2.05,25,27.7,52.5,38,3420,84,62,146,76,8,9,61,2,2.21,1.63,3.84,2,3.63,418,162,251,2.39,89,35,54,1.42,→ Champions League via league finish,91,1,0,1,0,48,38,6,0,4,5.080008865248227,1.1458333333333333,2.4166666666666665,3.6458333333333335,1,43,10,1,13,19,927,170,3501500000,580000000,60000000,1217000000,1644500000,47786,653400000,26136000,10000000,0.43110952998786256,0.21795086426986984,0.22039928012388565,0.5762105907560453,0.3749617385981022,40750575.48235885,25,53000000,2.39,21.97645728534544,2.3978952727983707,0.6931471805599453,20.178538663228878,17.909855136853043,47,0,3,15,25,14,5,1,2.16,3.8918202981106265,1,0.7688787826860161
ITA,2122,Inter,2,19,14,3,2,48,16,32,45,2.37,19,11,6,2,36,16,20,39,2.05,27,28.9,56.5,38,3420,83,57,140,76,7,11,71,0,2.18,1.5,3.68,2,3.5,418,186,264,2.21,84,32,52,1.37,→ Champions League via league finish,84,1,1,0,0,52,38,8,0,6,5.372140522875817,1.1538461538461537,2.269230769230769,3.3846153846153846,1,40,18,0,2,20,745,145,2338450000,1698200000,0,14000000,626250000,48035,463650000,17832692.307692308,7000000,0.44255230561049236,0.16731549911522847,0.21838242947850525,0.6029042132244979,0.44214385851396526,27630289.372332674,26,37454545.45454545,2.21,21.572754154101986,2.9444389791664403,0,21.252834704118396,0,51,0,4,16,27,15,3,1,2.39,3.970291913552122,1,0.73770190071762
ITA,2223,Inter,3,19,14,0,5,37,14,23,42,2.21,19,9,3,7,34,28,6,30,1.58,25,28.8,55.7,38,3420,68,50,118,64,4,5,65,3,1.79,1.32,3.11,1.68,3,418,187,271,1.89,71,42,29,0.76,→ Champions League via league finish,72,1,1,0,0,57,38,13,0,6,5.375930059523809,1.1754385964912282,2.56140350877193,3.8771929824561404,1,38,23,0,0,15,738,142,4038500000,2354000000,0,0,1684500000,56656,555000000,22200000,12000000,0.3446589946342841,0.22235950296526405,0.20559164077944084,0.5651315315315315,0.3963963963963964,30813476.06608303,25,44363636.36363637,1.89,22.119139173094243,3.1780538303479458,0,21.579381846209305,0,56,0,5,18,28,17,8,1,2.21,4.060443010546419,1,0.6945660588666256
ITA,2324,Inter,1,19,14,4,1,44,11,33,46,2.42,19,15,3,1,45,11,34,48,2.53,27,29.1,57.1,38,3420,87,60,147,74,13,14,46,1,2.29,1.58,3.87,1.95,3.53,418,190,289,2.47,89,22,67,1.76,→ Champions League via league finish,94,1,1,0,0,49,38,8,0,3,5.854166666666667,0.8979591836734694,2.020408163265306,3.122448979591837,1,36,19,0,1,16,754,143,2548500000,1517500000,0,50000000,981000000,45515,552100000,23004166.666666668,6500000,0.3944633637262441,0.10409755025815665,0.21309458420301,0.6015591982128841,0.4437601883716718,32515234.538064376,24,45909090.90909091,2.47,21.65877078813676,2.995732273553991,0,21.140330081556908,0,48,0,2,10,14,6,3,1,1.89,3.912023005428146,1,0.7082526335023924
ITA,2425,Inter,2,19,13,4,2,40,21,19,43,2.26,19,11,5,3,39,14,25,38,2,26,29.4,59.4,38,3420,76,57,133,68,8,9,56,1,2,1.5,3.5,1.79,3.29,418,188,273,2.13,79,35,44,1.16,→ Champions League via league finish,81,1,1,0,0,59,38,15,0,6,4.95007183908046,1.152542372881356,2.5084745762711864,3.7796610169491527,1,64,36,2,0,26,1237,236,5843000000,4430000000,156000000,0,1257000000,58739,652500000,21750000,8000000,0.40589727438328876,0.10264049439043905,0.18711588552750302,0.611162196679438,0.3831417624521073,33838139.90704642,30,51000000,2.13,22.488510200689856,3.6109179126442243,1.0986122886681098,22.21166542122919,18.86536657162407,58,0,3,20,30,18,6,1,2.47,4.0943445622221,1,0.6634929393538515
ENG,2425,Ipswich Town,19,19,1,4,14,14,44,-30,7,0.37,19,3,6,10,22,38,-16,15,0.79,32,25.8,40.6,38,3420,35,26,61,33,2,2,93,5,0.92,0.68,1.61,0.87,1.55,418,178,164,0.58,36,82,-46,-1.21,Relegated,22,1,1,0,0,42,38,0,0,4,6.857215447154472,0.7380952380952381,1.6666666666666667,2.6666666666666665,0,34,10,2,2,20,1715,248,1762300000,390200000,70000000,24400000,1277700000,NA,NA,NA,NA,NA,NA,NA,NA,NA,NA,NA,NA,0.58,21.28988561160204,2.3978952727983707,1.0986122886681098,19.782169988716074,18.064005814299346,41,0,4,5,5,1,1,0,NA,3.7612001156935624,NA,NA
ITA,1516,Juventus,1,19,16,2,1,37,6,31,50,2.63,19,13,2,4,38,14,24,41,2.16,28,28.3,56,38,3420,72,54,126,63,9,9,97,0,1.89,1.42,3.32,1.66,3.08,418,111,282,2.39,75,20,55,1.45,→ Champions League via league finish,91,0,0,0,0,52,38,8,0,6,5.628063725490196,1.0192307692307692,2.269230769230769,3.326923076923077,1,55,30,1,0,24,1168,270,5078000000,2876000000,1590000000,0,612000000,52329,430500000,16557692.307692308,12500000,0.36396644308127424,0.29301152324714785,0.1918248007796824,0.4517555615116591,0.3252032520325203,20721875.059718322,26,29454545.454545453,2.39,22.348183320425825,3.4339872044851463,0.6931471805599453,21.779666277152916,21.18699985380748,51,0,2,13,20,11,3,1,NA,3.970291913552122,0,0.7035204495583381
ITA,1617,Juventus,1,19,18,1,0,48,9,39,55,2.89,19,11,3,5,29,18,11,36,1.89,27,29.1,57,38,3420,72,49,121,69,3,3,70,0,1.89,1.29,3.18,1.82,3.11,418,113,288,2.39,77,27,50,1.32,→ Champions League via league finish,91,0,0,0,0,57,38,13,0,6,5.1242559523809526,1.105263157894737,2.43859649122807,3.6842105263157894,1,38,11,2,0,25,893,191,2631000000,689000000,48000000,0,1894000000,56691,477000000,18346153.846153848,10500000,0.39247852392796034,0.1854438976204336,0.20433578522164011,0.5352362522173841,0.38784067085953877,25806565.416027237,26,35454545.45454545,2.39,21.690629839384652,2.4849066497880004,1.0986122886681098,20.35075183042931,17.6867115897055,56,0,2,17,23,14,3,1,2.39,4.060443010546419,1,0.7278774860930759
ITA,1718,Juventus,1,19,16,1,2,45,8,37,49,2.58,19,14,4,1,41,16,25,46,2.42,24,29.2,57.2,38,3420,82,39,121,78,4,8,66,NA,2.16,1.03,3.18,2.05,3.08,418,111,267,2.5,86,24,62,1.63,→ Champions League via league finish,95,0,0,0,0,54,38,10,0,6,5.259630503144654,1.0555555555555556,2.2962962962962963,3.3703703703703702,1,56,23,1,0,32,1003,201,4282000000,2343500000,154000000,0,1784500000,53386,624500000,24980000,18000000,0.3398081894129547,0.17796800659348894,0.20254373805866707,0.5132425940752601,0.37630104083266613,32591690.705428388,25,45818181.81818182,2.5,22.177686027347438,3.1780538303479458,0.6931471805599453,21.574911375753747,18.85246316687141,53,0,1,16,22,11,3,1,2.39,4.007333185232471,1,0.7113265828565719
ITA,1819,Juventus,1,19,15,4,0,39,13,26,49,2.58,19,13,2,4,31,17,14,41,2.16,31,28,55.9,38,3420,66,44,110,59,7,8,78,4,1.74,1.16,2.89,1.55,2.71,418,102,251,2.37,70,30,40,1.05,→ Champions League via league finish,90,0,0,0,0,51,38,10,0,3,5.62,0.9803921568627451,2.0588235294117645,3.196078431372549,1,55,18,2,1,34,1423,224,5125000000,1715000000,293000000,45000000,3072000000,50252,756750000,26094827.586206898,18000000,0.3687614423306535,0.04437634323012019,0.19356443524635836,0.5125229258512467,0.32375289065080937,38556206.71814057,29,52545454.54545455,2.37,22.357396362166003,2.9444389791664403,1.0986122886681098,21.262678918147405,19.49568317039431,50,0,5,13,23,11,3,1,2.5,3.9512437185814275,1,0.733768639964613
ITA,1920,Juventus,1,19,16,2,1,46,17,29,50,2.63,19,10,3,6,30,26,4,33,1.74,30,28.6,58.1,38,3420,73,47,120,60,13,14,87,3,1.92,1.24,3.16,1.58,2.82,418,127,272,2.18,76,43,33,0.87,→ Champions League via league finish,83,0,0,1,0,52,38,8,0,6,6.845588235294118,1.0961538461538463,2.326923076923077,3.480769230769231,1,38,19,2,2,15,1104,199,3479000000,1632500000,665000000,0,1181500000,51564,645675000,23059821.42857143,22000000,0.45933209215731907,0.054204483748351566,0.2020401830734621,0.478047613516309,0.3089789754907655,33591871.26677527,28,42909090.90909091,2.18,21.970010733403655,2.995732273553991,1.0986122886681098,21.213378419727416,20.315297600123888,51,0,5,15,20,13,3,1,2.37,3.970291913552122,0,0.7828614066409492
ITA,2021,Juventus,4,19,14,2,3,40,18,22,44,2.32,19,9,7,3,37,20,17,34,1.79,30,27.7,56.9,38,3420,76,59,135,68,8,10,80,6,2,1.55,3.55,1.79,3.34,418,146,265,2.05,77,38,39,1.03,→ Champions League via league finish,78,1,0,1,0,52,38,8,0,6,4.803921568627451,1.2692307692307692,2.6153846153846154,3.9423076923076925,1,48,24,0,10,14,1141,217,5890900000,2008000000,0,1069400000,2813500000,48791,574100000,22080769.230769232,18000000,0.31854235412268656,0.08454428070750754,0.14877743846201144,0.4995578363458524,0.32224351158334785,30341571.19140825,26,41636363.63636363,2.05,22.496674624464955,3.2188758248682006,0,21.420405039273902,0,51,0,4,21,30,21,7,1,2.18,3.970291913552122,1,0.7287276923700672
ITA,2122,Juventus,4,19,10,5,4,25,14,11,35,1.84,19,10,5,4,32,23,9,35,1.84,32,27.4,51.5,38,3420,56,37,93,51,5,6,77,2,1.47,0.97,2.45,1.34,2.32,418,161,223,1.84,57,37,20,0.53,→ Champions League via league finish,70,1,1,0,0,52,38,8,0,6,5.335171568627451,1.1153846153846154,2.25,3.3846153846153846,1,77,30,1,9,37,1874,360,8111800000,5043000000,390000000,144300000,2534500000,48907,513800000,17126666.666666668,9500000,0.2532152861553561,0.08914879260637537,0.12016684728157523,0.5242247307642403,0.3405994550408719,21449420.32837835,30,35818181.81818182,1.84,22.81658562878223,3.4339872044851463,0.6931471805599453,22.341266980239293,19.781657299652068,51,0,9,18,25,13,3,1,2.05,3.970291913552122,1,0.598841684294827
ITA,2223,Juventus,7,19,13,3,3,38,15,23,42,2.21,19,9,3,7,18,18,0,30,1.58,29,27.7,49.6,38,3420,56,41,97,53,3,6,74,6,1.47,1.08,2.55,1.39,2.47,418,169,240,1.89,56,33,23,0.61,"10-point deduction 1 1. Juventus were deducted 10 points for breaching financial regulations., → Conference League via league finish",72,1,1,0,0,56,38,14,0,4,5.327462121212121,1.25,2.517857142857143,3.9285714285714284,1,68,39,1,0,28,1761,287,4512500000,2918500000,210000000,0,1384000000,50918,425600000,16369230.76923077,11000000,0.3578891551121411,0.19256451549550258,0.16976314859185357,0.515868999421631,0.3524436090225564,21428376.99831101,26,31181818.181818184,1.89,22.230117160827017,3.6888794541139363,0.6931471805599453,21.79433562295076,19.162618093443648,55,0,9,18,29,19,6,1,1.84,4.04305126783455,1,0.6872074256018108
ITA,2324,Juventus,3,19,11,7,1,26,11,15,40,2.11,19,8,7,4,28,20,8,31,1.63,31,26.5,48.5,38,3420,52,37,89,49,3,5,87,2,1.37,0.97,2.34,1.29,2.26,418,173,261,1.87,54,31,23,0.61,→ Champions League via league finish,71,1,1,0,0,43,38,0,0,5,6.640128968253968,0.6744186046511628,1.697674418604651,2.627906976744186,0,46,16,1,0,29,841,130,1941500000,422500000,14000000,0,1505000000,42437,472500000,16875000,12500000,0.44951339632867543,0.07597144001696633,0.21679195042062352,0.4932048374905518,0.3386243386243386,24879852.487216346,28,32181818.181818184,1.87,21.38672670765106,2.833213344056216,0.6931471805599453,19.861700007128366,16.454567959008102,42,0,1,4,5,1,2,0,1.89,3.784189633918261,1,0.7731027609022028
ITA,2425,Juventus,4,19,11,7,1,31,15,16,40,2.11,19,7,9,3,27,20,7,30,1.58,29,24.6,57.2,38,3420,56,40,96,50,6,6,67,3,1.47,1.05,2.53,1.32,2.37,418,164,203,1.84,58,35,23,0.61,→ Champions League via league finish,70,1,1,0,0,51,38,10,0,3,5.58,0.9607843137254902,2.176470588235294,3.372549019607843,1,49,26,2,0,21,1535,261,6616500000,2057000000,2394000000,0,2165500000,49581,582300000,21566666.666666668,22000000,0.3098364292773441,0.05844980940279543,0.14164700187571852,0.3618600568626329,0.2404258973037953,26801014.50152276,27,35090909.09090909,1.84,22.612832366328515,3.295836866004329,1.0986122886681098,21.444514448103376,21.596231444499903,50,0,2,11,19,8,3,1,1.87,3.9512437185814275,0,0.7637594806133429
GER,1516,Köln,9,17,5,5,7,16,18,-2,20,1.18,17,5,8,4,22,24,-2,23,1.35,23,25.1,45.2,34,3060,38,30,68,35,3,4,56,0,1.12,0.88,2,1.03,1.91,374,91,146,1.26,38,42,-4,-0.12,NA,43,0,0,0,0,36,34,0,0,2,8,0.75,1.5833333333333333,2.25,0,31,7,1,1,22,386,47,125900000,35250000,8000000,0,82650000,35606,68475000,2853125,2375000,0.42197944166713475,0.09641633432567545,0.2593944840757176,0.45246136059389075,0.36509675063891933,4266593.411222828,24,4818181.818181818,1.26,18.650998506957386,2.0794415416798357,0.6931471805599453,17.377976115591345,15.894952224644102,35,0,1,3,5,2,1,0,NA,3.6109179126442243,0,0.8855193872349264
GER,1617,Köln,5,17,9,6,2,29,17,12,33,1.94,17,3,7,7,22,25,-3,16,0.94,26,26.2,43.4,34,3060,49,36,85,46,3,4,74,1,1.44,1.06,2.5,1.35,2.41,374,88,149,1.44,51,42,9,0.26,→ Europa League via league finish,49,0,0,0,0,37,34,0,0,3,7.583333333333333,0.7837837837837838,1.5945945945945945,2.4864864864864864,0,50,6,3,1,40,1301,152,585700000,66000000,97500000,2000000,420200000,36155,113550000,4542000,2250000,0.42400774443368827,0.1368552067487208,0.2322223758816208,0.5477410832232497,0.4579480405107882,7154386.6685105795,25,8590909.090909092,1.44,20.18831827276737,1.9459101490553132,1.3862943611198906,18.005165315142214,18.395362946224484,36,0,0,2,5,1,1,0,1.26,3.6375861597263857,1,0.8327857497737182
GER,1718,Köln,18,17,3,5,9,20,30,-10,14,0.82,17,2,2,13,15,40,-25,8,0.47,31,25.3,47.4,34,3060,33,24,57,30,3,3,70,NA,0.97,0.71,1.68,0.88,1.59,374,101,136,0.65,35,70,-35,-1.03,Relegated,22,0,0,0,0,43,34,6,0,3,6.5,0.9069767441860465,1.9069767441860466,2.86046511627907,1,74,15,3,2,54,1553,227,875500000,168350000,9000000,7500000,690650000,42570,90300000,2912903.2258064514,2200000,0.42856471693681,0.0731266149870801,0.17641531595019966,0.519522737827314,0.3266888150609081,4306047.686163966,31,6000000,0.65,20.590305710832386,2.772588722239781,1.3862943611198906,18.941555709511363,16.012735246411598,42,0,8,12,13,7,3,1,1.44,3.784189633918261,1,0.7176746143606609
GER,1920,Köln,14,17,6,4,7,28,27,1,22,1.29,17,4,2,11,23,42,-19,14,0.82,29,25.6,46.7,34,3060,50,38,88,48,2,4,79,4,1.47,1.12,2.59,1.41,2.53,374,117,187,1.06,51,69,-18,-0.53,NA,36,0,0,1,0,36,34,0,0,2,9.167857142857143,0.6944444444444444,1.5277777777777777,2.2222222222222223,0,30,14,1,1,14,826,88,303450000,154350000,2700000,2700000,143700000,35771,95925000,3425892.8571428573,2550000,0.37700930921696346,0.06418607251684326,0.20815744597579044,0.40086190848505154,0.2845973416731822,4519160.073802801,28,5963636.363636363,1.06,19.530727413541573,2.70805020110221,0.6931471805599453,18.854733315391226,14.80876270134486,35,0,2,3,4,2,1,0,0.65,3.6109179126442243,0,0.7577859879852258
GER,2021,Köln,16,18,3,5,10,20,32,-12,14,0.78,18,6,4,8,19,30,-11,22,1.22,28,24.9,46.3,34,3060,33,23,56,29,4,6,63,1,0.97,0.68,1.65,0.85,1.53,374,148,157,0.97,34,60,-26,-0.76,→ German 1/2 Relegation/Promotion play-offs,36,1,0,1,0,39,34,0,0,5,6.818530701754386,0.8461538461538461,1.6923076923076923,2.6153846153846154,0,17,5,0,0,12,838,120,571400000,85500000,0,0,485900000,38925,101450000,3498275.8620689656,3500000,0.3585870263326911,0.13014771997430957,0.21623635195889532,0.4250777519076834,0.2957121734844751,4883179.1907514455,29,6272727.2727272725,0.97,20.163600049511036,1.791759469228055,0,18.264026945602897,0,38,0,3,7,8,4,2,0,1.06,3.6888794541139363,0,0.7784778420038536
GER,2122,Köln,7,17,9,4,4,27,21,6,31,1.82,17,5,6,6,25,28,-3,21,1.24,26,27,54.8,34,3060,52,40,92,51,1,1,68,1,1.53,1.18,2.71,1.5,2.68,374,158,148,1.53,52,49,3,0.09,→ Europa Conference League via league finish,52,1,1,0,0,37,34,0,0,3,7.75,0.5945945945945946,1.4054054054054055,2.135135135135135,0,24,2,0,15,7,638,67,399400000,32000000,0,209500000,157900000,35751,96300000,3703846.153846154,2750000,0.3505915918435848,0.05546697994461693,0.183547313361864,0.4434060228452752,0.34787123572170303,5024825.878996392,26,6454545.454545454,1.53,19.805473981449744,1.0986122886681098,0,17.281246492014,0,36,0,1,3,3,1,1,0,0.97,3.6375861597263857,0,0.7784941502670467
GER,2223,Köln,11,17,6,5,6,28,20,8,23,1.35,17,4,7,6,21,34,-13,19,1.12,27,26,49.9,34,3060,46,31,77,42,4,4,75,3,1.35,0.91,2.26,1.24,2.15,374,160,143,1.24,49,54,-5,-0.15,NA,42,1,1,0,0,43,34,8,8,1,7.166666666666667,1,2.046511627906977,3.0930232558139537,1,36,7,2,4,23,1496,185,633200000,115500000,30000000,14500000,473200000,39745,106300000,3796428.5714285714,2750000,0.4525600704491131,0.1039124418165807,0.19592401559944647,0.4589100927294718,0.30103480714957664,5734907.535539062,28,7181818.181818182,1.24,20.26629688755041,2.0794415416798357,1.0986122886681098,18.56478109658413,17.216707972959764,42,0,9,11,11,8,3,1,1.53,3.784189633918261,0,0.7985314289991099
GER,2324,Köln,17,17,4,4,9,15,28,-13,16,0.94,17,1,8,8,13,32,-19,11,0.65,26,25.4,46.5,34,3060,28,17,45,23,5,6,71,4,0.82,0.5,1.32,0.68,1.18,374,160,145,0.79,28,60,-32,-0.94,Relegated,27,1,1,0,0,36,34,0,0,2,7.9366071428571425,0.5833333333333334,1.3888888888888888,2.0833333333333335,0,52,5,2,9,36,1285,134,302300000,25200000,31000000,44000000,202100000,35845,78300000,3011538.4615384615,2500000,0.39045892035151347,0.13594643604407866,0.20429627563118985,0.3725808036152862,0.28735632183908044,4084212.581950063,26,4936363.636363637,0.79,19.52693046305766,1.791759469228055,1.0986122886681098,17.04235459216419,17.249497794707484,35,0,0,2,3,1,1,0,1.24,3.6109179126442243,0,0.8273727145755191
ESP,1516,Las Palmas,11,19,8,5,6,25,17,8,29,1.53,19,4,3,12,20,36,-16,15,0.79,27,27.6,54.6,38,3420,42,31,73,38,4,5,100,4,1.11,0.82,1.92,1,1.82,418,111,156,1.16,45,53,-8,-0.21,NA,44,0,0,0,0,44,38,0,0,6,6.201065891472868,0.8636363636363636,2.022727272727273,3,0,13,10,0,0,3,810,124,112000000,59200000,0,0,52800000,43399,32200000,1150000,1000000,0.3714601718933616,0.15097122053503537,0.14998041429526027,0.3913043478260869,0.2795031055900621,1449240.7659162653,28,1972727.2727272727,1.16,18.53400943818794,2.3978952727983707,0,17.896432116746126,0,43,0,7,10,14,8,5,1,NA,3.8066624897703196,0,0.7346381762709179
ESP,1617,Las Palmas,14,19,9,6,4,33,25,8,33,1.74,19,1,3,15,20,49,-29,6,0.32,29,27.3,59,38,3420,52,34,86,46,6,6,106,6,1.37,0.89,2.26,1.21,2.11,418,112,153,1.03,53,74,-21,-0.55,NA,39,0,0,0,0,42,38,0,0,4,6.6067073170731705,0.7619047619047619,1.6904761904761905,2.5476190476190474,0,38,11,4,1,22,1182,138,341600000,162500000,5500000,8000000,165600000,40506,78700000,3148000,2000000,0.33575272799091493,0.19888411593344196,0.19135436725423394,0.5345870393900889,0.40660736975857686,4075675.20861107,25,5954545.454545454,1.03,19.64915102280609,2.4849066497880004,1.6094379124341003,18.906188565887913,15.520258832020865,41,0,4,9,13,5,2,0,1.16,3.7612001156935624,1,0.6844645388507141
ESP,1718,Las Palmas,19,19,4,2,13,15,38,-23,14,0.74,19,1,5,13,9,36,-27,8,0.42,36,27,54.7,38,3420,24,15,39,18,6,8,89,3,0.63,0.39,1.03,0.47,0.87,418,106,160,0.58,24,74,-50,-1.32,Relegated,22,0,0,0,0,42,38,0,0,4,6.678099593495935,0.7142857142857143,1.6428571428571428,2.5952380952380953,0,27,14,2,0,11,1278,183,606900000,294100000,9900000,0,302900000,39078,87900000,2585294.117647059,1500000,0.31091662828189776,0.13032908541890578,0.16310967807973795,0.5959646657297732,0.44368600682593856,2939259.941655151,34,6045454.545454546,0.58,20.2238745924538,2.70805020110221,1.0986122886681098,19.49943040692443,16.108045416114916,41,0,2,6,10,3,2,0,1.03,3.7612001156935624,1,0.48619337380761896
ESP,2324,Las Palmas,16,19,6,6,7,20,20,0,24,1.26,19,4,4,11,13,27,-14,16,0.84,29,25.6,59.2,38,3420,33,23,56,30,3,5,84,5,0.87,0.61,1.47,0.79,1.39,418,177,266,1.05,33,47,-14,-0.37,NA,40,1,1,0,0,41,38,0,0,3,7.196614583333333,0.6097560975609756,1.4390243902439024,2.341463414634146,0,10,7,0,0,3,586,78,252700000,219500000,0,0,33200000,40719,112400000,4014285.714285714,1500000,0.42348780667501656,0.06024214740047643,0.20420442545249146,0.563485002541942,0.3736654804270463,6327640.659151747,28,8590909.090909092,1.05,19.347713576315684,2.0794415416798357,0,19.20686279503531,0,40,0,2,7,7,1,1,0,0.58,3.7376696182833684,1,0.7365507645573461
ESP,2425,Las Palmas,19,19,4,5,10,21,29,-8,17,0.89,19,4,3,12,19,32,-13,15,0.79,34,26.8,50.7,38,3420,38,27,65,35,3,4,110,4,1,0.71,1.71,0.92,1.63,418,189,246,0.84,40,61,-21,-0.55,Relegated,32,1,1,0,0,41,38,0,0,3,7.022916666666667,0.6829268292682927,1.4878048780487805,2.4146341463414633,0,13,4,0,0,9,779,76,208200000,33600000,0,0,174600000,39360,107700000,3713793.103448276,1200000,0.40292174796747965,0.11285569105691057,0.16864837398373983,0.665578074472513,0.6035283194057567,5682921.74796748,29,8409090.909090908,0.84,19.154009718948217,1.6094379124341003,0,17.330036654695338,0,40,0,2,3,5,2,2,0,1.05,3.7376696182833684,1,0.6758069105691058
ITA,1516,Lazio,8,19,10,3,6,32,23,9,33,1.74,19,5,6,8,20,29,-9,21,1.11,27,27.6,54.4,38,3420,52,31,83,43,9,11,107,0,1.37,0.82,2.18,1.13,1.95,418,112,304,1.42,52,52,0,0,NA,54,0,0,0,0,53,38,12,0,3,5.404447115384616,1,2.207547169811321,3.4150943396226414,1,68,25,0,0,43,1693,300,2188000000,568100000,0,0,1619900000,47372,147900000,5477777.777777778,4000000,0.2806087984463396,0.1264671113738073,0.12781812040868024,0.49342648936969424,0.37187288708586885,6542111.373807312,27,10227272.727272727,1.42,21.506253721963184,3.258096538021482,0,20.157808019287607,0,52,0,8,17,22,12,3,1,NA,3.9889840465642745,1,0.6396731121056038
ITA,1617,Lazio,5,19,12,2,5,40,23,17,38,2,19,9,5,5,34,28,6,32,1.68,30,26,51,38,3420,73,47,120,61,12,14,96,3,1.92,1.24,3.16,1.61,2.84,418,114,316,1.84,74,51,23,0.61,"→ Europa League via league finish 1 1. Since Coppa Italia winners Juventus qualified for Champions League, all Europa League berths were awarded based on league position.",70,0,0,0,0,43,38,0,0,5,6.666666666666667,0.7441860465116279,1.7209302325581395,2.604651162790698,0,58,18,1,0,39,922,132,1151700000,429800000,0,0,721900000,41876,209050000,7208620.689655173,3000000,0.4593323144521922,0.01748017957780113,0.18784029038112524,0.5928791165287961,0.36833293470461614,12447089.024739707,29,15954545.454545455,1.84,20.864504949507417,2.9444389791664403,0.6931471805599453,19.878830544499348,0,42,0,0,7,10,2,1,0,1.42,3.784189633918261,1,0.7801594260520613
ITA,1718,Lazio,5,19,9,5,5,45,21,24,32,1.68,19,12,4,3,44,28,16,40,2.11,24,26.5,51.1,38,3420,86,51,137,77,9,11,79,NA,2.26,1.34,3.61,2.03,3.37,418,114,313,1.89,89,49,40,1.05,→ Europa League via league finish,72,0,0,0,0,55,38,12,0,5,5.185185185185185,1.1090909090909091,2.4,3.6,1,48,26,0,0,22,994,182,2431250000,2050700000,0,0,380550000,49841,334750000,13390000,6000000,0.41889207680423746,0.07568066451315182,0.23253947553219237,0.6482808065720687,0.537714712471994,21573694.348026726,25,26727272.727272727,1.89,21.611671365742342,3.295836866004329,0,21.441447035713637,0,54,0,10,20,27,15,5,1,1.84,4.02535169073515,1,0.8071790402322925
ITA,1819,Lazio,8,19,9,5,5,36,25,11,32,1.68,19,8,3,8,20,21,-1,27,1.42,30,27.9,50.8,38,3420,54,35,89,48,6,6,90,4,1.42,0.92,2.34,1.26,2.18,418,113,328,1.55,56,46,10,0.26,→ Europa League via cup win 2 2. Lazio qualified for a Europa League group stage berth by virtue of winning the Coppa Italia.,59,0,0,0,0,51,38,8,0,5,5.6154166666666665,0.9803921568627451,2.156862745098039,3.235294117647059,1,58,22,1,0,35,1288,218,2484800000,969000000,12500000,0,1503300000,49939,280300000,9665517.24137931,5000000,0.4493081559502593,0.06273653857706402,0.185546366567212,0.6007848733499821,0.4744916161255797,15171975.810488796,29,20636363.636363637,1.55,21.633458010761142,3.1354942159291497,0.6931471805599453,20.69177517088703,16.341239282272525,50,0,7,12,18,8,3,1,1.89,3.9512437185814275,1,0.7352058762791928
ITA,1920,Lazio,4,19,14,3,2,46,17,29,45,2.37,19,10,3,6,33,25,8,33,1.74,27,27.9,50.4,38,3420,77,45,122,62,15,18,99,2,2.03,1.18,3.21,1.63,2.82,418,137,307,2.05,79,42,37,0.97,→ Champions League via league finish,78,0,0,1,0,47,38,6,0,3,7.434782608695652,1.1702127659574468,2.3617021276595747,3.3404255319148937,1,52,15,1,0,36,1169,154,1107700000,497500000,300000,0,609900000,46432,302725000,10811607.142857144,4400000,0.4854841488628532,0.02101998621640248,0.22788163335630598,0.6432022226679093,0.4888925592534478,19180879.0273949,28,23709090.90909091,2.05,20.82555163138993,2.772588722239781,0.6931471805599453,20.02510611657297,12.611541086966115,46,0,6,17,23,15,3,1,1.55,3.871201010907891,1,0.8090094681799995
ITA,2021,Lazio,6,19,13,3,3,36,23,13,42,2.21,19,8,2,9,25,32,-7,26,1.37,30,29.4,53,38,3420,59,40,99,53,6,10,107,5,1.55,1.05,2.61,1.39,2.45,418,189,239,1.79,61,55,6,0.16,"→ Europa League via league finish 1 1. Since Coppa Italia winners Juventus qualified for Champions League, all European competition berths were awarded based on league position.",68,1,0,1,0,48,38,8,0,2,5.087544326241135,1.0208333333333333,2.25,3.5208333333333335,1,67,11,5,9,42,1051,215,3180700000,476000000,475000000,694200000,1535500000,47491,320500000,10338709.677419355,4000000,0.3714598555515782,0.11227390452927923,0.2075130024636247,0.6550047808363948,0.47737909516380655,17680621.591459434,31,24818181.818181816,1.79,21.88036713561493,2.4849066497880004,1.791759469228055,19.980928414296535,19.97882536410418,47,0,4,14,21,9,5,1,2.05,3.8918202981106265,1,0.7124059981906732
ITA,2122,Lazio,5,19,10,6,3,42,25,17,36,1.89,19,8,4,7,35,33,2,28,1.47,27,29,55.4,38,3420,74,48,122,67,7,9,88,5,1.95,1.26,3.21,1.76,3.03,418,155,288,1.68,77,58,19,0.5,→ Europa League via league finish,64,1,1,0,0,48,38,8,0,2,5.808510638297872,1,2.0625,3.1041666666666665,1,42,18,0,7,17,617,118,1531600000,741500000,0,86700000,703400000,47577,255800000,9838461.538461538,5000000,0.37850221745801543,0.10683733736889674,0.2126237467683965,0.5978528898779094,0.48866301798279904,15431960.8214053,26,19681818.181818184,1.68,21.149578778220327,2.9444389791664403,0,20.42418572089088,0,47,0,10,15,16,11,4,1,1.79,3.8918202981106265,1,0.7840719124039645
ITA,2223,Lazio,2,19,11,4,4,32,18,14,37,1.95,19,11,4,4,28,12,16,37,1.95,24,28.6,52.1,38,3420,59,37,96,53,6,8,87,2,1.55,0.97,2.53,1.39,2.37,418,149,328,1.95,60,30,30,0.79,→ Champions League via league finish,74,1,1,0,0,50,38,10,4,2,5.98171768707483,1,2.26,3.42,1,35,15,1,0,19,514,88,901600000,588600000,3000000,0,310000000,45248,247900000,10778260.869565217,7000000,0.3680604667609618,0.12911067892503536,0.22177775813295617,0.492098847712086,0.4114562323517547,15517437.234794907,23,18318181.818181816,1.95,20.61968152179898,2.772588722239781,0.6931471805599453,20.19325739546259,14.914123179965662,49,0,8,12,15,8,4,1,1.68,3.9318256327243257,1,0.8471057547530719
ITA,2324,Lazio,7,19,10,4,5,23,14,9,34,1.79,19,8,3,8,26,25,1,27,1.42,22,28.2,53.3,38,3420,46,30,76,42,4,4,101,5,1.21,0.79,2,1.11,1.89,418,183,253,1.61,49,39,10,0.26,→ Europa League via league finish,61,1,1,0,0,51,38,8,0,5,5.6,0.8823529411764706,2.0784313725490198,3.196078431372549,1,45,17,0,0,28,690,133,1539000000,581500000,0,0,957500000,50426,218000000,9909090.909090908,9500000,0.22645064054257724,0.18401221592035855,0.1519652560187205,0.37906588824020027,0.2889908256880734,10726163.090469202,22,15909090.909090908,1.61,21.154398692452926,2.8903717578961645,0,20.181121531642685,0,50,0,1,6,16,5,3,1,1.95,3.9512437185814275,0,0.6742159656866356
ITA,2425,Lazio,7,19,7,9,3,33,26,7,30,1.58,19,11,2,6,28,23,5,35,1.84,27,27.1,55.1,38,3420,60,43,103,54,6,7,93,7,1.58,1.13,2.71,1.42,2.55,418,174,244,1.71,61,49,12,0.32,NA,65,1,1,0,0,52,38,12,0,2,5.490196078431373,0.9807692307692307,2.1538461538461537,3.2884615384615383,1,55,26,0,0,29,946,160,1451000000,975000000,0,0,476000000,51625,287700000,9920689.655172413,6000000,0.43052784503631963,0.16158837772397094,0.21138983050847457,0.5230724054031377,0.3197775460549183,14648541.888619855,29,20636363.636363637,1.71,21.09551881153764,3.295836866004329,0,20.697948029987764,0,51,0,8,12,17,8,3,1,1.61,3.970291913552122,1,0.7098412368934731
FRA,2324,Le Havre,15,17,6,2,9,18,19,-1,20,1.18,17,1,9,7,16,26,-10,12,0.71,27,26.2,44.7,34,3060,33,23,56,27,6,7,67,6,0.97,0.68,1.65,0.79,1.47,374,163,143,0.94,34,45,-11,-0.32,NA,32,1,1,0,1,37,34,0,0,3,7.784722222222222,0.6216216216216216,1.4594594594594594,2.189189189189189,0,19,5,2,1,11,768,95,167400000,36200000,20800000,2500000,107900000,36410,72200000,2489655.172413793,1500000,0.39436967865970884,0.02806921175501236,0.1988739357319418,0.5021014423536154,0.3462603878116344,3836635.539686899,29,4881818.181818182,0.94,18.935896721993366,1.791759469228055,1.0986122886681098,17.404569704420307,16.85046359274847,36,0,0,1,2,1,1,0,NA,3.6375861597263857,1,0.7859029969563481
FRA,2425,Le Havre,15,17,3,2,12,15,41,-26,11,0.65,17,7,2,8,25,30,-5,23,1.35,31,26.9,43.1,34,3060,37,21,58,28,9,10,56,4,1.09,0.62,1.71,0.82,1.44,374,147,159,1,40,71,-31,-0.91,NA,34,1,1,0,1,35,34,0,0,1,8.059129901960784,0.5142857142857142,1.3428571428571427,2.1142857142857143,0,31,15,0,0,16,965,113,287000000,155000000,0,0,132000000,33765,66600000,2378571.4285714286,1750000,0.32157559603139346,0.19620909225529395,0.13374796386791055,0.4684148434148434,0.3153153153153153,2884811.1950244335,28,4527272.7272727275,1,19.474992777208215,2.772588722239781,0,18.858935681335133,0,34,0,0,0,0,0,0,0,0.94,3.58351893845611,0,0.63720729207367
ITA,1920,Lecce,18,19,4,5,10,30,41,-11,17,0.89,19,5,3,11,22,44,-22,18,0.95,30,28.7,44.8,38,3420,52,30,82,41,11,15,98,5,1.37,0.79,2.16,1.08,1.87,418,120,325,0.92,52,85,-33,-0.87,Relegated,35,0,0,1,0,40,38,0,0,2,8.974358974358974,0.875,1.875,2.775,0,55,20,0,0,35,1127,139,278950000,111825000,0,0,167125000,39477,51125000,1549242.4242424243,800000,0.28226562302099956,0.09775312207107936,0.12044988220989437,0.5286211750759429,0.35207823960880197,1834275.6541783824,33,3409090.909090909,0.92,19.446543115840683,3.044522437723423,0,18.53244571622573,0,39,0,1,6,12,6,5,1,NA,3.713572066704308,1,0.5380541918923255
ITA,2223,Lecce,16,19,3,8,8,18,24,-6,17,0.89,19,5,4,10,15,22,-7,19,1,29,24.8,41.3,38,3420,31,21,52,27,4,6,86,2,0.82,0.55,1.37,0.71,1.26,418,184,347,0.95,33,46,-13,-0.34,NA,36,1,1,0,0,39,38,0,0,1,7.973684210526316,0.5384615384615384,1.4615384615384615,2.3846153846153846,0,29,9,0,0,20,710,93,209000000,64000000,0,0,145000000,38507,98800000,3528571.4285714286,2500000,0.44423091905367856,0.027060015062196484,0.23561949775365518,0.43457200694042797,0.3340080971659919,5312589.918716078,28,6318181.818181818,0.95,19.157844814713773,2.302585092994046,0,17.974393656948944,0,38,0,1,2,3,0,1,0,0.92,3.6888794541139363,0,0.8408415698687317
ITA,2324,Lecce,14,19,6,6,7,17,27,-10,24,1.26,19,2,8,9,15,27,-12,14,0.74,26,24.9,44.9,38,3420,30,23,53,27,3,5,89,5,0.79,0.61,1.39,0.71,1.32,418,180,295,1,32,54,-22,-0.58,NA,38,1,1,0,0,40,38,0,0,2,7.355769230769231,0.575,1.575,2.225,0,23,3,1,0,19,1029,120,280400000,45000000,17600000,0,217800000,39255,93000000,3720000,3500000,0.3369507069163164,0.04379059992357662,0.20710737485670616,0.40352688172043005,0.27956989247311825,5035778.881671125,25,6181818.181818182,1,19.451727716691043,1.3862943611198906,0.6931471805599453,17.622173069956816,16.68340951682656,39,0,0,0,1,0,1,0,0.95,3.713572066704308,0,0.8146112896820937
ITA,2425,Lecce,17,19,4,6,9,13,31,-18,18,0.95,19,4,4,11,14,27,-13,16,0.84,31,26.1,43.8,38,3420,27,21,48,24,3,4,61,7,0.71,0.55,1.26,0.63,1.18,418,168,339,0.89,27,58,-31,-0.82,NA,34,1,1,0,0,40,38,0,0,2,7.33573717948718,0.65,1.5,2.25,0,33,8,3,0,22,1278,170,381750000,69300000,191500000,0,120950000,38892,101750000,3282258.064516129,2000000,0.37467859714080015,0.04044533580170729,0.14985086907333128,0.5110248077990014,0.43734643734643736,4926407.744523295,31,6672727.2727272725,0.89,19.76027650468253,2.1972245773362196,1.3862943611198906,18.053955478590147,19.070398371806906,39,0,1,3,4,2,1,0,1,3.713572066704308,1,0.7382899889612567
ENG,2021,Leeds United,9,19,8,5,6,28,21,7,29,1.53,19,10,0,9,34,33,1,30,1.58,23,26.1,57.3,38,3420,60,45,105,56,4,4,61,1,1.58,1.18,2.76,1.47,2.66,418,107,209,1.55,62,54,8,0.21,NA,59,1,0,1,0,40,38,0,0,2,6.485576923076923,0.775,1.625,2.65,0,21,9,2,2,8,619,100,1550200000,809600000,13200000,52000000,675400000,39464,230950000,7963793.1034482755,4000000,0.37679910804784106,0.022096087573484694,0.2017281573079262,0.6016080507051085,0.3550552067547088,12739197.749847963,29,18000000,1.55,21.161649792456764,2.302585092994046,1.0986122886681098,20.512050857732653,16.395727463314174,39,0,2,4,8,2,2,0,NA,3.713572066704308,1,0.7077332083248868
ENG,2122,Leeds United,17,19,4,6,9,19,38,-19,18,0.95,19,5,5,9,23,41,-18,20,1.05,29,26.1,52.3,38,3420,42,26,68,37,5,5,101,3,1.11,0.68,1.79,0.97,1.66,418,106,234,1,42,79,-37,-0.97,NA,38,1,1,0,0,42,38,0,0,4,6.857215447154472,0.7619047619047619,1.6666666666666667,2.5238095238095237,0,19,5,0,3,11,1817,257,2788000000,1256000000,0,211000000,1321000000,41636,291500000,10410714.285714285,5000000,0.4414689211259487,0.05965990969353444,0.20727255259871266,0.5555868659642245,0.39451114922813035,15325694.110865597,28,21818181.818181816,1,21.748590330203367,1.791759469228055,0,20.951197905788597,0,41,0,3,9,13,2,2,0,1.55,3.7612001156935624,1,0.7024276467480066
ENG,2223,Leeds United,19,19,5,7,7,26,37,-11,22,1.16,19,2,3,14,22,41,-19,9,0.47,29,25.3,47,38,3420,45,31,76,44,1,3,89,3,1.18,0.82,2,1.16,1.97,418,157,185,0.82,48,78,-30,-0.79,Relegated,31,1,1,0,0,44,38,0,0,6,6.861918604651163,0.9772727272727273,2.022727272727273,3.0454545454545454,0,11,4,1,0,6,435,60,930000000,503000000,13000000,0,414000000,42319,306100000,10555172.413793104,10000000,0.3630284269477067,0.10394858101561946,0.15435147333349086,0.41638409805224796,0.22541653054557334,14026019.045818662,29,19272727.272727273,0.82,20.650695145186845,1.6094379124341003,0.6931471805599453,20.036100730052084,16.380459992348886,43,0,4,10,15,8,2,0,1,3.8066624897703196,0,0.7277651391698362
ESP,1617,Leganés,17,19,5,6,8,22,23,-1,21,1.11,19,3,5,11,14,32,-18,14,0.74,31,26.3,44.7,38,3420,36,24,60,33,3,4,107,3,0.95,0.63,1.58,0.87,1.5,418,112,154,0.92,36,55,-19,-0.5,NA,35,0,0,0,0,40,38,0,0,2,6.947649572649572,0.65,1.6,2.475,0,20,3,10,0,7,1714,195,301400000,11500000,140400000,0,149500000,37256,48600000,1675862.0689655172,1500000,0.37175220098776035,0.1573437835516427,0.18311144513635388,0.3390095075918831,0.24691358024691357,2051272.278290745,29,2727272.727272727,0.92,19.523948847474518,1.3862943611198906,2.3978952727983707,16.257857680289998,18.760006056678492,39,0,1,4,8,2,2,0,NA,3.713572066704308,0,0.7521331687066066
ESP,1718,Leganés,17,19,9,4,6,19,19,0,31,1.63,19,3,3,13,15,32,-17,12,0.63,28,27.8,43,38,3420,32,23,55,30,2,3,105,5,0.84,0.61,1.45,0.79,1.39,418,109,157,1.13,34,51,-17,-0.45,NA,43,0,0,0,0,46,38,0,0,8,6.0851851851851855,1,2.0869565217391304,3.1739130434782608,0,22,9,1,0,12,1056,149,271000000,87200000,500000,0,183300000,45408,57700000,2219230.769230769,1650000,0.348661028893587,0.1558976391825229,0.1832276250880902,0.4269430742567657,0.37261698440207974,2817175.387596899,26,3772727.272727273,1.13,19.417629382534013,2.302585092994046,0.6931471805599453,18.283714900347096,13.122365377402328,45,0,6,14,18,11,6,1,0.92,3.8501476017100584,0,0.7467211870738768
ESP,1819,Leganés,13,19,7,8,4,19,16,3,29,1.53,19,4,4,11,18,27,-9,16,0.84,29,26.6,43.1,38,3420,36,25,61,33,3,5,106,4,0.95,0.66,1.61,0.87,1.53,418,112,154,1.18,37,43,-6,-0.16,NA,45,0,0,0,0,42,38,0,0,4,6.6084857723577235,0.6904761904761905,1.6666666666666667,2.642857142857143,0,16,8,2,0,6,566,80,233800000,101800000,6000000,0,126000000,40944,105200000,3757142.8571428573,2500000,0.3585873388042204,0.13621043376318875,0.15462583040250097,0.4162819120043453,0.28517110266159695,4733128.175068386,28,6772727.2727272725,1.18,19.269976611279404,2.1972245773362196,1.0986122886681098,18.43852067190388,15.607270193858982,41,0,3,7,9,4,2,0,1.13,3.7612001156935624,0,0.6988511399429832
ESP,1920,Leganés,18,19,5,5,9,17,26,-9,20,1.05,19,3,7,9,13,25,-12,16,0.84,29,26.9,43.9,38,3420,30,19,49,27,3,5,127,4,0.79,0.5,1.29,0.71,1.21,418,130,190,0.95,30,51,-21,-0.55,Relegated,36,0,0,1,0,42,38,0,0,4,8.219512195121952,0.7857142857142857,1.9047619047619047,2.7857142857142856,0,15,7,0,0,8,562,63,210650000,96750000,0,0,113900000,37844,91800000,3991304.347826087,2400000,0.22320579219955608,0.17225980340344574,0.14572983828347955,0.4336932840769159,0.3540305010893246,4162185.5512102316,23,6636363.636363637,0.95,19.16570855113651,2.0794415416798357,0,18.387640900210084,0,41,0,4,10,11,5,3,1,1.18,3.7612001156935624,0,0.6271786447029116
ESP,2425,Leganés,18,19,7,4,8,23,27,-4,25,1.32,19,2,9,8,16,29,-13,15,0.79,26,27.8,42.6,38,3420,38,27,65,33,5,7,82,6,1,0.71,1.71,0.87,1.58,418,167,250,1.05,39,56,-17,-0.45,Relegated,40,1,1,0,0,43,38,0,0,5,6.666170634920635,0.7441860465116279,1.6744186046511629,2.488372093023256,0,4,0,3,0,1,514,36,61500000,0,49500000,0,12000000,42734,46825000,1672321.4285714286,1500000,0.370360836804418,0.18683015865587121,0.13616792249730894,0.33828464648005485,0.23491724506139883,1969487.9955070904,28,2727272.727272727,1.05,17.93454774903691,0,1.3862943611198906,0,17.71748324774094,42,0,3,7,10,3,1,0,0.95,3.784189633918261,0,0.7221455983525998
ENG,1516,Leicester City,1,19,12,6,1,35,18,17,42,2.21,19,11,6,2,33,18,15,39,2.05,23,27.7,42.6,38,3420,68,43,111,58,10,13,54,0,1.79,1.13,2.92,1.53,2.66,418,109,157,2.13,68,36,32,0.84,→ Champions League via league finish,81,0,0,0,0,43,38,0,0,5,6.690476190476191,0.8372093023255814,1.7674418604651163,2.6511627906976742,0,7,3,1,0,3,328,47,244000000,126000000,69000000,0,49000000,40044,137500000,5500000,5000000,0.2917290979922086,0.14758765358106082,0.21498851263610028,0.4192,0.3490909090909091,7174857.656577764,25,9136363.636363637,2.13,19.312678787355836,1.3862943611198906,0.6931471805599453,18.65179247285226,18.049617077054286,42,0,2,8,14,7,2,0,NA,3.784189633918261,0,0.7853078032075165
ENG,1617,Leicester City,12,19,10,4,5,31,25,6,34,1.79,19,2,4,13,17,38,-21,10,0.53,25,27.8,41.9,38,3420,46,32,78,42,4,6,73,0,1.21,0.84,2.05,1.11,1.95,418,106,160,1.16,48,63,-15,-0.39,NA,44,0,0,0,0,54,38,10,0,6,5.414308176100629,1.0185185185185186,2.1296296296296298,3.388888888888889,1,15,4,1,0,10,937,136,1067000000,392000000,110000000,0,565000000,52375,207150000,7398214.285714285,6000000,0.3206491646778043,0.06088782816229117,0.12771360381861574,0.48104375711182357,0.34757422157856627,9323988.544152744,28,13818181.818181818,1.16,20.788116810203235,1.6094379124341003,0.6931471805599453,19.786772400305757,18.5159909328476,53,1,6,15,23,12,3,1,2.13,4.007333185232471,0,0.6747623288531591
ENG,1718,Leicester City,9,19,7,6,6,25,22,3,27,1.42,19,5,5,9,31,38,-7,20,1.05,27,27.2,48,38,3420,53,38,91,48,5,6,60,NA,1.39,1,2.39,1.26,2.26,418,107,159,1.24,56,60,-4,-0.11,NA,47,0,0,0,0,47,38,0,0,9,5.973958333333333,0.8723404255319149,2,3.148936170212766,0,16,6,0,0,10,921,134,771000000,416000000,0,0,355000000,45775,281250000,10416666.666666666,6000000,0.3836373566357182,0.08760240305843801,0.23224467504096122,0.5198353909465021,0.35555555555555557,14692337.520480612,27,20272727.272727273,1.24,20.46319893282462,1.9459101490553132,0,19.846195820629383,0,46,0,4,9,15,7,4,1,1.16,3.871201010907891,1,0.7247341377815548
ENG,1819,Leicester City,9,19,8,3,8,24,20,4,27,1.42,19,7,4,8,27,28,-1,25,1.32,25,25.9,50.9,38,3420,48,34,82,43,5,7,63,5,1.26,0.89,2.16,1.13,2.03,418,111,155,1.37,51,48,3,0.08,NA,52,0,0,0,0,43,38,0,0,5,6.54265873015873,0.8837209302325582,1.8837209302325582,2.8372093023255816,0,28,6,6,3,13,1072,140,1636000000,213000000,50000000,36000000,1337000000,43287,409000000,15148148.148148147,10000000,0.388222792062282,0.11862683946681452,0.15584355580197287,0.4529566241057683,0.31295843520782396,20814124.332940605,27,27545454.545454547,1.37,21.215520075738212,1.9459101490553132,1.9459101490553132,19.176802728368536,17.72753358339242,42,0,1,8,13,6,3,1,1.24,3.784189633918261,0,0.7556282761133553
ENG,1920,Leicester City,5,19,11,4,4,35,17,18,37,1.95,19,7,4,8,32,24,8,25,1.32,24,26.1,57.1,38,3420,65,48,113,60,5,7,43,3,1.71,1.26,2.97,1.58,2.84,418,112,172,1.63,67,41,26,0.68,→ Europa League via league finish,62,0,0,1,0,48,38,0,0,10,7.448581560283688,1.0208333333333333,2.2083333333333335,3.2708333333333335,0,22,8,3,1,10,664,90,2535500000,241400000,1136000000,2400000,1155700000,47809,399550000,16647916.666666666,12000000,0.40525842414608126,0.08425191909473112,0.19887468886611306,0.4700027113836398,0.3303716681266425,22954948.859001443,24,29363636.363636363,1.63,21.653656693593746,2.1972245773362196,1.3862943611198906,19.301965870770207,20.850779158125654,47,1,7,15,20,11,4,1,1.37,3.8918202981106265,0,0.7817474843622783
ENG,2021,Leicester City,5,19,9,1,9,34,30,4,28,1.47,19,11,5,3,34,20,14,38,2,27,26.5,54.3,38,3420,64,45,109,54,10,12,61,0,1.68,1.18,2.87,1.42,2.61,418,99,216,1.74,68,50,18,0.47,→ Europa League via cup win,66,1,0,1,0,53,38,8,0,7,4.847756410256411,1.0754716981132075,2.509433962264151,3.849056603773585,1,38,17,3,2,16,1475,288,7376200000,3645000000,1156000000,98000000,2477200000,52470,508700000,17541379.310344826,8000000,0.3687631027253669,0.10146750524109015,0.19111873451496092,0.5394006358330565,0.33418517790446234,24616660.94911378,29,36727272.72727273,1.74,22.721524437936132,2.8903717578961645,1.3862943611198906,22.016622202681383,20.86823160806165,52,0,9,19,27,14,7,1,1.63,3.9889840465642745,1,0.6702556199016128
ENG,2122,Leicester City,8,19,10,4,5,34,23,11,34,1.79,19,4,6,9,28,36,-8,18,0.95,28,26.5,52,38,3420,62,46,108,60,2,2,55,1,1.63,1.21,2.84,1.58,2.79,418,109,232,1.37,62,59,3,0.08,NA,52,1,1,0,0,58,38,14,8,6,5.05171783625731,1.103448275862069,2.4827586206896552,3.7413793103448274,1,19,9,1,1,8,1465,274,5322000000,1342000000,2160000000,0,1820000000,57368,511000000,18250000,11000000,0.36513387254218377,0.17661414028726816,0.1794031515827639,0.4987140061504052,0.32289628180039137,22894547.482917305,28,35909090.90909091,1.37,22.395115009689807,2.302585092994046,0.6931471805599453,21.017426876241057,21.49337405910545,57,0,18,23,29,16,7,1,1.74,4.07753744390572,1,0.6375696767394693
ENG,2223,Leicester City,18,19,5,4,10,23,27,-4,19,1,19,4,3,12,28,41,-13,15,0.79,28,26.1,47.7,38,3420,49,36,85,46,3,6,63,2,1.29,0.95,2.24,1.21,2.16,418,138,203,0.89,51,68,-17,-0.45,Relegated,34,1,1,0,0,45,38,0,0,7,6.684185606060606,0.8444444444444444,1.8888888888888888,2.911111111111111,0,16,5,2,0,9,1091,165,2065500000,329000000,24000000,0,1712500000,44675,428600000,14286666.666666666,12000000,0.3919194180190263,0.11939563514269726,0.18818130945719083,0.4625213874630578,0.2799813345776948,19528848.349188585,30,27090909.09090909,0.89,21.44863816528524,1.791759469228055,1.0986122886681098,19.611568311769158,16.993564429978885,44,0,2,8,15,3,3,1,1.37,3.828641396489095,0,0.720863529668035
ENG,2425,Leicester City,18,19,4,3,12,15,34,-19,15,0.79,19,2,4,13,18,46,-28,10,0.53,32,26.5,45.4,38,3420,33,25,58,31,2,3,87,0,0.87,0.66,1.53,0.82,1.47,418,168,174,0.66,33,80,-47,-1.24,Relegated,25,1,1,0,0,43,38,0,0,5,6.638888888888889,0.6744186046511628,1.7674418604651163,2.5813953488372094,0,25,8,4,1,12,1147,167,1241500000,504000000,20000000,15000000,702500000,NA,NA,NA,NA,NA,NA,NA,NA,NA,NA,NA,NA,0.66,20.939586163717973,2.1972245773362196,1.6094379124341003,20.038086828019768,16.811242881518265,42,0,3,6,8,2,2,0,0.89,3.784189633918261,NA,NA
FRA,2021,Lens,7,19,7,7,5,28,26,2,28,1.47,19,8,5,6,27,28,-1,29,1.53,27,26.4,51.1,38,3420,53,35,88,43,10,12,94,7,1.39,0.92,2.32,1.13,2.05,418,164,178,1.5,55,54,1,0.03,NA,57,1,0,1,0,40,38,0,0,2,7.004273504273504,0.825,1.75,2.8,0,31,8,0,8,15,886,104,489700000,137500000,0,78600000,273600000,39414,101750000,3913461.5384615385,2500000,0.3176789973106003,0.1558075810625666,0.16552494037651597,0.5066150066150066,0.33415233415233414,5148010.859085605,26,7454545.454545454,1.5,20.009303518714614,2.1972245773362196,0,18.739134482343626,0,39,0,4,10,12,7,2,0,NA,3.713572066704308,1,0.690586822560264
FRA,2122,Lens,7,19,9,7,3,35,20,15,34,1.79,19,8,4,7,27,28,-1,28,1.47,28,26.1,50.7,38,3420,60,39,99,55,5,5,73,7,1.58,1.03,2.61,1.45,2.47,418,170,168,1.63,62,48,14,0.37,NA,62,1,1,0,0,41,38,0,0,3,7.158333333333333,0.6341463414634146,1.6097560975609757,2.3658536585365852,0,28,14,1,3,10,1138,155,536900000,142800000,292000000,4000000,98100000,40071,146100000,5844000,4000000,0.45726335754036584,0.08936637468493425,0.22762097277332735,0.5481998631074607,0.39698836413415467,9293804.74657483,25,11090909.090909092,1.63,20.101322417255343,2.70805020110221,0.6931471805599453,18.77695561487256,19.492264363657213,40,0,0,3,4,1,1,0,1.5,3.7376696182833684,1,0.8379660017403535
FRA,2223,Lens,2,19,17,1,1,41,13,28,52,2.74,19,8,8,3,27,16,11,32,1.68,29,26.4,55.6,38,3420,66,49,115,60,6,9,63,3,1.74,1.29,3.03,1.58,2.87,418,169,173,2.21,68,29,39,1.03,→ Champions League via league finish,84,1,1,0,0,42,38,0,0,4,7.323170731707317,0.7380952380952381,1.7619047619047619,2.7857142857142856,0,19,7,3,0,9,1129,156,719500000,86000000,322000000,0,311500000,36674,195500000,7519230.769230769,4250000,0.5076893712166658,0.03861045972623657,0.24540546436167313,0.574168797953964,0.45524296675191817,13015542.346076239,26,14727272.727272727,2.21,20.394067085681552,2.0794415416798357,1.3862943611198906,18.26985786584569,19.590062106614273,41,0,4,4,7,1,2,0,1.63,3.7612001156935624,1,0.8837713938693743
FRA,2324,Lens,7,17,9,4,4,27,18,9,31,1.82,17,5,5,7,18,19,-1,20,1.18,27,26.7,52.9,34,3060,45,29,74,39,6,7,78,4,1.32,0.85,2.18,1.15,2,374,163,142,1.5,45,37,8,0.24,→ Conference League via league finish,51,1,1,0,1,43,34,8,0,1,6.674603174603175,0.7441860465116279,1.7209302325581395,2.744186046511628,1,32,14,2,2,14,526,79,410500000,197000000,10000000,35000000,168500000,43127,201200000,7451851.851851852,4500000,0.4069608365988824,0.1435295754399796,0.21371762468986946,0.5004786098225462,0.4224652087475149,11083694.669232732,27,14000000,1.5,19.83288648929281,2.70805020110221,1.0986122886681098,19.098714291778403,16.118095750958314,42,0,3,3,6,3,2,0,2.21,3.784189633918261,1,0.7916924763737665
FRA,2425,Lens,8,17,7,2,8,19,22,-3,23,1.35,17,8,5,4,23,17,6,29,1.71,33,27.1,54.1,34,3060,40,26,66,35,5,5,86,8,1.18,0.76,1.94,1.03,1.79,374,158,146,1.53,42,39,3,0.09,NA,52,1,1,0,1,37,34,2,2,1,7.560185185185185,0.6486486486486487,1.4054054054054055,2.1621621621621623,1,36,10,2,2,22,1292,155,864950000,120100000,160000000,6200000,578650000,34828,217050000,6577272.7272727275,4000000,0.3802113242218904,0.11060066613069944,0.14146663603996784,0.5539430238808263,0.3916148352914075,8979364.30458252,33,14545454.545454545,1.53,20.578182260913398,2.3978952727983707,1.0986122886681098,18.603835295376605,18.8906843794481,36,0,2,2,2,3,2,0,1.5,3.6375861597263857,1,0.6173312959400482
ESP,1516,Levante,20,19,7,5,7,23,26,-3,26,1.37,19,1,3,15,14,44,-30,6,0.32,27,27.2,45.9,38,3420,36,23,59,34,2,2,134,7,0.95,0.61,1.55,0.89,1.5,418,114,151,0.84,37,70,-33,-0.87,Relegated,32,0,0,0,0,40,38,0,0,2,6.817841880341881,0.675,1.625,2.525,0,13,4,2,0,7,593,89,124400000,40300000,11200000,0,72900000,39205,49300000,1896153.8461538462,1500000,0.279301109552353,0.19120010202780258,0.09679887769417166,0.3731471368388204,0.29411764705882354,1972049.4834842496,26,3072727.272727273,0.84,18.639012746307937,1.6094379124341003,1.0986122886681098,17.511862051730805,16.231424425551033,39,0,2,5,8,1,2,0,NA,3.713572066704308,0,0.6417912520215013
ESP,1718,Levante,15,19,7,6,6,25,28,-3,27,1.42,19,4,7,8,19,30,-11,19,1,33,25.7,42.8,38,3420,43,28,71,38,5,5,111,6,1.13,0.74,1.87,1,1.74,418,112,151,1.21,44,58,-14,-0.37,NA,46,0,0,0,0,42,38,0,0,4,6.602388211382114,0.7619047619047619,1.619047619047619,2.5952380952380953,0,33,18,6,0,9,1554,208,270600000,111300000,99700000,0,59600000,40025,58950000,1786363.6363636365,1500000,0.41249219237976265,0.09666458463460337,0.13529044347282948,0.447425913074768,0.32230703986429177,2394462.2111180513,33,3454545.4545454546,1.21,19.416152277396453,2.9444389791664403,1.9459101490553132,18.527739825230498,18.417676244962156,41,0,5,7,9,4,2,0,0.84,3.7612001156935624,0,0.6931337979552253
ESP,1819,Levante,15,19,6,7,6,34,34,0,25,1.32,19,5,4,10,25,32,-7,19,1,26,26.3,45.7,38,3420,56,39,95,51,5,7,112,7,1.47,1.03,2.5,1.34,2.37,418,113,152,1.16,59,66,-7,-0.18,NA,44,0,0,0,0,42,38,0,0,4,6.673526422764228,0.7142857142857143,1.6904761904761905,2.619047619047619,0,29,14,2,0,13,1426,160,303200000,83200000,43000000,0,177000000,41473,106800000,4107692.3076923075,2500000,0.3661659392858004,0.15762062064475682,0.23014973597280158,0.46053010659752225,0.37453183520599254,5654452.294263738,26,7272727.2727272725,1.16,19.529903215030643,2.70805020110221,1.0986122886681098,18.236757917810667,17.57671069691365,41,0,5,9,10,3,2,0,1.21,3.7612001156935624,0,0.777487190461264
ESP,1920,Levante,12,19,9,5,5,27,19,8,32,1.68,19,5,2,12,20,34,-14,17,0.89,29,27.7,48.3,38,3420,45,28,73,40,5,5,79,5,1.18,0.74,1.92,1.05,1.79,418,134,187,1.29,47,53,-6,-0.16,NA,49,0,0,1,0,41,38,0,0,3,8.404166666666667,0.7073170731707317,1.853658536585366,2.682926829268293,0,15,11,1,0,3,441,54,210050000,165150000,2900000,0,42000000,38064,88200000,3150000,2400000,0.4480611601513241,0.00819672131147541,0.22829970575872216,0.5294987042436021,0.36281179138321995,5035537.515762925,28,6190909.090909091,1.29,19.162856160340436,2.4849066497880004,0.6931471805599453,18.922364715856173,14.88022163978423,40,0,4,12,12,3,5,1,1.16,3.7376696182833684,1,0.8133761038677265
ESP,2021,Levante,14,19,5,9,5,27,30,-3,24,1.26,19,4,5,10,19,27,-8,17,0.89,29,28,52.2,38,3420,45,35,80,42,3,6,68,1,1.18,0.92,2.11,1.11,2.03,418,184,219,1.08,46,57,-11,-0.29,NA,41,1,0,1,0,45,38,0,0,7,5.681818181818182,0.9111111111111111,2.1777777777777776,3.511111111111111,0,17,13,0,1,3,840,126,905800000,866000000,0,10000000,29800000,45477,110100000,3796551.724137931,1500000,0.35211205664401785,0.06944169580227368,0.1153330254854102,0.5893701650537129,0.4087193460490463,4978641.950876267,29,8390909.090909092,1.08,20.624329090190383,2.6390573296152584,0,20.579395467681444,0,44,0,9,14,18,8,5,1,1.29,3.828641396489095,1,0.5933376106136395
ESP,2122,Levante,19,19,5,7,7,28,30,-2,22,1.16,19,3,4,12,23,46,-23,13,0.68,31,28,47.2,38,3420,51,34,85,43,8,13,109,6,1.34,0.89,2.24,1.13,2.03,418,180,261,0.92,51,76,-25,-0.66,Relegated,35,1,1,0,0,40,38,0,0,2,7.155448717948718,0.6,1.65,2.35,0,20,12,0,2,6,789,99,467000000,195200000,0,11500000,260300000,39894,75900000,2371875,1650000,0.38456910813656187,0.1153306261593222,0.1251566651626811,0.466691370223979,0.31620553359683795,3065195.2674587658,32,4727272.7272727275,0.92,19.9618398177745,2.5649493574615367,0,19.08953523706622,0,39,0,2,5,6,0,1,0,1.08,3.713572066704308,0,0.6484066911932004
GER,1516,Leverkusen,3,17,10,3,4,31,17,14,33,1.94,17,8,3,6,25,23,2,27,1.59,27,24.1,53.1,34,3060,51,36,87,49,2,3,70,0,1.5,1.06,2.56,1.44,2.5,374,101,132,1.76,56,40,16,0.47,→ Champions League via league finish,60,0,0,0,0,50,34,12,0,4,5.714285714285714,1.1,2.34,3.48,1,53,13,2,1,37,1550,268,2876000000,802500000,146000000,5500000,1922000000,43556,197400000,7896000,7500000,0.3978097162273854,0.05434383322619157,0.17460281017540638,0.4761702127659575,0.28368794326241137,11381660.391220497,25,14590909.090909092,1.76,21.779666277152916,2.6390573296152584,1.0986122886681098,20.50324241421455,18.799117186521926,49,0,10,18,23,14,5,1,NA,3.9318256327243257,0,0.7800514909870745
GER,1617,Leverkusen,12,17,5,6,6,27,28,-1,21,1.24,17,6,2,9,26,27,-1,20,1.18,24,24.2,54.3,34,3060,53,39,92,49,4,9,56,3,1.56,1.15,2.71,1.44,2.59,374,99,138,1.21,53,55,-2,-0.06,NA,41,0,0,0,0,44,34,8,0,2,6.325581395348837,0.9772727272727273,1.9772727272727273,3.022727272727273,1,54,9,1,1,43,1015,159,1929000000,1031000000,30000000,22000000,846000000,43734,254000000,9769230.76923077,10000000,0.29087209036447614,0.06509809301687475,0.15374765628572734,0.4134615384615383,0.2440944881889764,12794250.468742855,26,16909090.90909091,1.21,21.380267571388405,2.302585092994046,0.6931471805599453,20.753795042951165,17.216707972959764,43,0,5,10,17,9,3,1,1.76,3.8066624897703196,0,0.7566492212697387
GER,1718,Leverkusen,5,17,8,5,4,29,19,10,29,1.71,17,7,5,5,29,25,4,26,1.53,24,24,54.6,34,3060,58,46,104,55,3,5,57,NA,1.71,1.35,3.06,1.62,2.97,374,102,135,1.62,58,44,14,0.41,→ Europa League via league finish,55,0,0,0,0,39,34,0,0,5,7.204769736842105,0.717948717948718,1.6923076923076923,2.41025641025641,0,61,16,1,0,44,1098,150,1085500000,221500000,13000000,0,851000000,39073,356500000,15500000,13000000,0.3492437232871804,0.12325646866122386,0.2092749468942748,0.4028294408195623,0.3225806451612903,20033565.377626494,23,24909090.90909091,1.62,20.805306548203855,2.833213344056216,0.6931471805599453,19.215933151964137,16.380459992348886,38,0,0,5,10,3,2,0,1.21,3.6888794541139363,0,0.8042672231893847
GER,1819,Leverkusen,4,17,9,2,6,32,25,7,29,1.71,17,9,2,6,37,27,10,29,1.71,21,25.3,59.8,34,3060,68,51,119,64,4,5,50,1,2,1.5,3.5,1.88,3.38,374,93,144,1.71,69,52,17,0.5,→ Champions League via league finish,58,0,0,0,0,45,34,8,0,3,6.204545454545454,0.9555555555555556,2.088888888888889,3.0444444444444443,1,19,8,0,1,10,758,114,1577000000,687500000,0,80000000,809500000,41043,337700000,13508000,9000000,0.43140121336159637,0.07684623443705382,0.2257875886265624,0.5091619780870595,0.3849570624814925,19958517.895865314,25,24636363.636363637,1.71,21.17879014556143,2.1972245773362196,0,20.348572388959546,0,44,0,9,15,15,8,3,1,1.62,3.828641396489095,1,0.8101243426365995
GER,1920,Leverkusen,5,17,9,4,4,32,22,10,31,1.82,17,10,2,5,29,22,7,32,1.88,24,26.1,63.2,34,3060,57,48,105,55,2,2,61,6,1.68,1.41,3.09,1.62,3.03,374,113,186,1.85,61,44,17,0.5,"→ Europa League via league finish 1 1. Since DFB-Pokal winners Bayern Munich qualified for Champions League, all Europa League berths were awarded based on league position.",63,0,0,1,0,51,34,11,0,6,7.324583333333333,1.0588235294117647,2.1372549019607843,3.196078431372549,1,31,12,0,3,16,696,108,1807100000,856200000,0,141000000,809900000,49497,369200000,15383333.333333334,12000000,0.33707093359193485,0.11285532456512516,0.16966684849586844,0.48686348862405193,0.37919826652221017,19819867.870780047,24,26681818.181818184,1.85,21.314989187921764,2.5649493574615367,0,20.56801455284307,0,50,0,7,16,22,12,3,1,1.71,3.9512437185814275,1,0.7428229866391158
GER,2021,Leverkusen,6,17,8,5,4,34,22,12,29,1.71,17,6,5,6,19,17,2,23,1.35,30,25.4,59.7,34,3060,52,41,93,49,3,3,58,0,1.53,1.21,2.74,1.44,2.65,374,123,174,1.53,53,39,14,0.41,"→ Europa League via league finish 1 1. Since DFB-Pokal winners Borussia Dortmund qualified for Champions League, all European competition berths were awarded based on league position.",52,1,0,1,0,45,34,8,0,3,5.704545454545454,1,2.2222222222222223,3.2888888888888888,1,40,9,3,8,20,2015,326,3491000000,706000000,1084000000,598500000,1102500000,44227,362650000,12088333.333333334,6000000,0.4273181540687815,0.071517398873991,0.20833427544260294,0.538255434532837,0.3391699986212602,18767690.551020868,30,25909090.90909091,1.53,21.97345406535576,2.302585092994046,1.3862943611198906,20.375125796873945,20.803923740886376,44,0,9,14,17,11,4,1,1.85,3.828641396489095,1,0.7243670037236124
GER,2122,Leverkusen,3,17,10,2,5,39,23,16,32,1.88,17,9,5,3,41,24,17,32,1.88,29,24.4,53.7,34,3060,76,58,134,74,2,6,66,2,2.24,1.71,3.94,2.18,3.88,374,154,136,1.88,80,47,33,0.97,→ Champions League via league finish,64,1,1,0,0,44,34,8,0,2,6.511627906976744,0.8409090909090909,1.8181818181818181,2.8181818181818183,1,41,15,2,7,17,1816,274,6458700000,1276000000,3038000000,124000000,2020700000,42820,423800000,15135714.285714285,9500000,0.4437645959831854,0.010228865016347502,0.18886034563288184,0.5649059529427627,0.4247286455875413,23401478.28117702,28,31000000,1.88,22.588693896254497,2.772588722239781,1.0986122886681098,20.966996022652708,21.834465241449156,43,0,9,11,12,6,3,1,1.53,3.8066624897703196,1,0.7548863961670007
GER,2223,Leverkusen,6,17,8,3,6,35,23,12,27,1.59,17,6,5,6,22,26,-4,23,1.35,27,24.7,52,34,3060,57,44,101,52,5,7,75,7,1.68,1.29,2.97,1.53,2.82,374,150,155,1.47,57,49,8,0.24,→ Europa League via league finish,50,1,1,0,0,49,34,14,0,1,6.270833333333333,1.163265306122449,2.36734693877551,3.4693877551020407,1,31,13,2,1,15,1257,217,3043300000,2178100000,275000000,3000000,587200000,45058,414600000,15946153.846153846,10000000,0.3854809356828976,0.11334280260996937,0.21146078387855652,0.5501502838695314,0.4220935841775205,22802541.16915975,26,31181818.181818184,1.47,21.836208290251268,2.6390573296152584,1.0986122886681098,21.50171877454457,19.432281659267208,48,0,12,16,21,14,3,1,1.88,3.912023005428146,1,0.7312768304978345
GER,2324,Leverkusen,1,17,14,3,0,47,11,36,45,2.65,17,14,3,0,42,13,29,45,2.65,24,26.2,61.8,34,3060,87,71,158,79,8,8,59,0,2.56,2.09,4.65,2.32,4.41,374,142,164,2.65,89,24,65,1.91,→ Champions League via league finish,90,1,1,0,0,53,34,13,0,6,5.522836538461538,1.0377358490566038,2.2452830188679247,3.3773584905660377,1,16,4,0,1,11,454,98,2460000000,1595000000,0,28000000,837000000,49080,604550000,24182000,20000000,0.37459250203748984,0.08579869600651997,0.1954767726161369,0.5114812670581423,0.3639070382929452,34552514.262428686,25,44636363.63636363,2.65,21.623427187297185,1.6094379124341003,0,21.19013957381018,0,52,0,14,19,21,11,4,1,1.47,3.9889840465642745,1,0.7740889142295633
GER,2425,Leverkusen,2,17,10,4,3,36,22,14,34,2,17,9,8,0,36,21,15,35,2.06,23,27,59.2,34,3060,70,53,123,67,3,6,62,1,2.06,1.56,3.62,1.97,3.53,374,136,165,2.03,72,43,29,0.85,→ Champions League via league finish,69,1,1,0,0,50,34,10,0,6,5.567176870748299,1.02,2.24,3.22,1,31,8,4,5,14,1148,185,4244000000,733000000,1024000000,94000000,2393000000,50002,597300000,23892000,15000000,0.3565457381704732,0.1343546258149674,0.2141514339426423,0.5164841788046208,0.40180813661476644,33065731.37074517,25,43636363.63636363,2.03,22.168772057933776,2.1972245773362196,1.6094379124341003,20.412656261215183,20.74698236454029,49,0,5,14,25,12,4,1,2.65,3.9318256327243257,1,0.7577563439129102
FRA,1516,Lille,5,19,9,6,4,21,11,10,33,1.74,19,6,9,4,18,16,2,27,1.42,32,27.1,51.1,38,3420,38,28,66,35,3,3,86,0,1,0.74,1.74,0.92,1.66,418,107,159,1.58,39,27,12,0.32,"→ Europa League via league finish 2 2. Since League Cup winners Paris Saint-Germain qualified for Champions League, all Europa League berths were awarded based on league position.",60,0,0,0,0,45,38,0,0,7,6.386837121212121,0.9555555555555556,1.9333333333333333,2.8666666666666667,0,7,2,0,1,4,274,46,64000000,11000000,0,1000000,52000000,41633,65400000,2109677.419354839,1500000,0.35008286695650087,0.1490404246631278,0.15470900487593975,0.46843247509124986,0.3440366972477064,2659365.1670549805,31,4136363.6363636362,1.58,17.974393656948944,1.0986122886681098,0,16.213405921671733,0,44,0,2,10,15,10,3,1,NA,3.828641396489095,0,0.642923446980325
FRA,1617,Lille,11,19,7,3,9,24,24,0,24,1.26,19,6,4,9,16,23,-7,22,1.16,31,26.9,51.1,38,3420,40,26,66,34,6,7,64,3,1.05,0.68,1.74,0.89,1.58,418,108,158,1.21,40,47,-7,-0.18,NA,46,0,0,0,0,45,38,2,0,5,6.729166666666667,0.8,1.6888888888888889,2.6444444444444444,1,17,6,1,0,10,770,105,181000000,66000000,0,0,115000000,38106,63500000,2116666.6666666665,1125000,0.3691282212774891,0.12588568729333963,0.15929249986878707,0.49842519685039366,0.33858267716535434,2998792.8410224114,30,4318181.818181818,1.21,19.01400759475496,1.9459101490553132,0.6931471805599453,18.005165315142214,0,44,0,4,8,10,4,2,0,1.58,3.828641396489095,1,0.6944572894999268
FRA,1718,Lille,17,19,6,6,7,24,27,-3,24,1.26,19,4,2,13,17,40,-23,14,0.74,25,22.6,53.8,38,3420,41,31,72,39,2,2,61,6,1.08,0.82,1.89,1.03,1.84,418,109,157,1,41,67,-26,-0.68,NA,38,0,0,0,0,42,38,0,0,4,6.9817073170731705,0.7619047619047619,1.6428571428571428,2.4761904761904763,0,6,3,2,0,1,431,59,157900000,112500000,31000000,0,14400000,42078,95950000,3838000,3500000,0.22068539379248064,0.14254479775654735,0.16112933124197917,0.3864929650859823,0.2657634184471079,4371624.126621988,25,6318181.818181818,1,18.877472485558993,1.3862943611198906,1.0986122886681098,18.538463788497637,17.249497794707484,41,0,2,5,8,3,2,0,1.21,3.7612001156935624,0,0.6919117322711059
FRA,1819,Lille,2,19,13,4,2,42,11,31,43,2.26,19,9,5,5,26,22,4,32,1.68,25,24.1,51.4,38,3420,66,49,115,55,11,13,71,4,1.74,1.29,3.03,1.45,2.74,418,112,154,1.97,68,33,35,0.92,→ Champions League via league finish,75,0,0,0,0,42,38,0,0,4,6.976710704607046,0.7857142857142857,1.5952380952380953,2.5,0,5,3,0,0,2,234,26,162500000,142500000,0,0,20000000,37737,232350000,10561363.636363637,6000000,0.3975408750033124,0.16016111508598987,0.2777380289901158,0.5399084453312988,0.46266408435549816,16139596.417309271,22,18272727.272727273,1.97,18.906188565887913,1.3862943611198906,0,18.774852564690523,0,41,0,2,4,6,2,1,0,1,3.7612001156935624,1,0.8832614954746367
FRA,1920,Lille,4,15,11,2,2,24,9,15,35,2.33,13,4,2,7,11,18,-7,14,1.08,25,24.3,52.9,28,2520,35,25,60,30,5,8,51,3,1.25,0.89,2.14,1.07,1.96,308,80,116,1.75,35,27,8,0.29,→ Europa League via league finish,49,0,0,1,0,50,38,6,0,6,5.645337301587301,0.82,1.86,2.98,1,10,2,1,0,7,640,91,749200000,252000000,195000000,0,302200000,39043,239000000,9560000,5800000,0.4331122096150398,0.1766001587992726,0.19801244781394872,0.5173556485355648,0.36610878661087864,13945562.584842354,25,18063636.363636363,1.75,20.434516529868965,1.0986122886681098,0.6931471805599453,19.34493964944395,19.088510121656228,42,0,5,14,19,8,4,1,1.97,3.9318256327243257,1,0.7720240988085852
FRA,2021,Lille,1,19,10,7,2,28,11,17,37,1.95,19,14,4,1,36,12,24,46,2.42,21,25.4,53.8,38,3420,62,39,101,57,5,5,68,2,1.63,1.03,2.66,1.5,2.53,418,169,170,2.18,64,23,41,1.08,→ Champions League via league finish,83,1,0,1,0,49,38,8,0,3,5.708333333333333,1.0612244897959184,2.2653061224489797,3.3877551020408165,1,15,5,0,5,5,283,60,1164000000,618400000,0,165600000,380000000,44773,319600000,13895652.173913043,10000000,0.3134925066446296,0.07488888392558014,0.16474214370267795,0.45717472928116676,0.2972465581977472,19337605.25316597,23,24363636.363636363,2.18,20.875128187114765,1.791759469228055,0,20.242646056854564,0,48,0,6,15,21,15,5,1,1.75,3.912023005428146,0,0.7937076783015884
FRA,2122,Lille,10,19,7,8,4,24,22,2,29,1.53,19,7,5,7,24,26,-2,26,1.37,26,26.1,50.8,38,3420,45,29,74,41,4,5,98,6,1.18,0.76,1.95,1.08,1.84,418,145,181,1.45,48,48,0,0,NA,55,1,1,0,0,49,38,8,0,3,6.104166666666667,0.7959183673469388,1.8775510204081634,3.061224489795918,1,13,9,0,2,2,308,61,1389500000,1012000000,0,23500000,354000000,43964,255150000,10631250,6500000,0.35613229005549996,0.16793285415339823,0.19782094440906195,0.5462064798484552,0.4036841073878111,14693170.548630698,24,20090909.09090909,1.45,21.052209807866515,2.302585092994046,0,20.735194408799828,0,48,0,3,6,14,2,3,1,2.18,3.912023005428146,1,0.7313342807010755
FRA,2223,Lille,5,19,13,4,2,40,25,15,43,2.26,19,6,6,7,25,19,6,24,1.26,26,26,60.5,38,3420,65,40,105,54,11,12,82,1,1.71,1.05,2.76,1.42,2.47,418,142,194,1.76,65,44,21,0.55,→ Conference League via league finish,67,1,1,0,0,41,38,0,0,3,7.50625,0.7560975609756098,1.7560975609756098,2.6341463414634148,0,18,5,2,0,11,716,113,1214000000,102000000,757000000,0,355000000,40573,245250000,9083333.333333334,6000000,0.3682744682424272,0.12974145367609002,0.1968796983215439,0.5217653943443954,0.39143730886850153,13783635.669040987,27,17272727.272727273,1.76,20.91718653040744,1.791759469228055,1.0986122886681098,18.440483381052466,20.444873812722726,40,0,1,3,7,3,2,0,1.45,3.7376696182833684,1,0.7979999597865834
FRA,2324,Lille,4,17,11,4,2,34,14,20,37,2.18,17,5,7,5,18,20,-2,22,1.29,28,25.1,56.6,34,3060,50,32,82,48,2,3,67,3,1.47,0.94,2.41,1.41,2.35,374,130,175,1.74,52,34,18,0.53,→ Champions League via league finish,59,1,1,0,1,49,34,12,12,3,5.875,0.9183673469387755,1.8979591836734695,3.0408163265306123,1,18,7,4,0,7,1012,163,1198800000,271000000,85800000,0,842000000,46801,314950000,10159677.41935484,4000000,0.4081323048652807,0.08279737612444178,0.21679023952479648,0.610716498778608,0.3968883949833307,17865344.75759065,31,23545454.545454547,1.74,20.90458689424095,2.0794415416798357,1.6094379124341003,19.417629382534013,18.2675295761132,48,0,10,14,17,8,2,0,1.76,3.912023005428146,1,0.7587598159594485
FRA,2425,Lille,5,17,11,4,2,31,18,13,37,2.18,17,6,5,6,21,18,3,23,1.35,27,26.1,57.6,34,3060,52,29,81,45,7,10,77,2,1.53,0.85,2.38,1.32,2.18,374,156,149,1.76,52,36,16,0.47,→ Europa League via league finish,60,1,1,0,1,51,34,14,0,3,5.680416666666667,0.9607843137254902,2.019607843137255,3.176470588235294,1,29,11,1,1,16,1377,206,2738400000,1203800000,615000000,10000000,909600000,46753,324550000,11591071.42857143,7000000,0.4150535794494471,0.14131713472932217,0.2015057857249802,0.5225311970420581,0.31736250192574333,16502481.124205934,28,23545454.545454547,1.76,21.730639645545427,2.4849066497880004,0.6931471805599453,20.908749057908647,20.23713282739681,50,0,6,10,20,9,4,1,1.74,3.9512437185814275,1,0.7008775767037269
ENG,1516,Liverpool,8,19,8,8,3,33,22,11,32,1.68,19,8,4,7,30,28,2,28,1.47,34,25.2,57.2,38,3420,62,50,112,60,2,2,67,0,1.63,1.32,2.95,1.58,2.89,418,109,156,1.58,63,50,13,0.34,NA,60,0,0,0,0,63,38,15,0,10,4.567708333333333,1.3015873015873016,2.7142857142857144,4.111111111111111,1,45,22,2,0,21,1598,381,5060000000,1733000000,910500000,0,2416500000,63608,371150000,10031081.081081081,7500000,0.43442648723431015,0.05810589862910326,0.1331121871462709,0.539470091133839,0.25596120167048364,15963182.30411269,37,23000000,1.58,22.344632320443413,3.1354942159291497,1.0986122886681098,21.273119848256915,20.629504458230233,62,0,18,30,36,25,6,1,NA,4.1588830833596715,1,0.6940514045266387
ENG,1617,Liverpool,4,19,12,5,2,45,18,27,41,2.16,19,10,5,4,33,24,9,35,1.84,23,26.1,62,38,3420,77,52,129,70,7,8,54,0,2.03,1.37,3.39,1.84,3.21,418,100,166,2,78,42,36,0.95,→ Champions League via league finish,76,0,0,0,0,47,38,0,0,9,6.086050724637682,0.7872340425531915,1.9148936170212767,3.0638297872340425,0,31,7,1,1,22,1323,218,2945000000,535000000,32000000,20000000,2358000000,44435,378600000,14022222.222222222,10000000,0.37796781816135927,0.04363677281422302,0.1886575897378193,0.5080511044589229,0.3248811410459588,21189706.312591426,27,27454545.454545453,2,21.80337465438952,2.0794415416798357,0.6931471805599453,20.09777730672944,17.281246492014,46,1,4,11,17,7,4,1,1.58,3.871201010907891,1,0.771810494829489
ENG,1718,Liverpool,4,19,12,7,0,45,10,35,43,2.26,19,9,5,5,39,28,11,32,1.68,27,25.6,60.3,38,3420,82,58,140,80,2,3,44,NA,2.16,1.53,3.68,2.11,3.63,418,111,155,1.97,84,38,46,1.21,→ Champions League via league finish,75,0,0,0,0,56,38,15,0,3,5.225189393939394,0.9642857142857143,2.3035714285714284,3.517857142857143,1,25,8,3,2,12,1293,238,7673500000,2530000000,2620000000,120000000,2403500000,49480,695500000,24839285.714285713,20000000,0.38437752627324173,0.09021827000808408,0.17752627324171383,0.46423436376707405,0.35945363048166784,32604537.18674212,28,45454545.45454545,1.97,22.76103867170974,2.1972245773362196,1.3862943611198906,21.651485140081096,21.686440155101096,55,0,5,16,28,9,4,1,2,4.04305126783455,0,0.7172998181083267
ENG,1819,Liverpool,2,19,17,2,0,55,10,45,53,2.79,19,13,5,1,34,12,22,44,2.32,23,26.1,61.8,38,3420,86,55,141,79,7,7,41,2,2.26,1.45,3.71,2.08,3.53,418,109,157,2.55,89,22,67,1.76,→ Champions League via league finish,97,0,0,0,0,53,38,13,0,2,5.640625,0.9245283018867925,2.188679245283019,3.339622641509434,1,57,13,12,5,27,1039,163,6485000000,1425000000,973000000,240000000,3847000000,52459,1094000000,47565217.39130435,35000000,0.37779980556243925,0.09556034236260699,0.24952820297756342,0.4144344646689453,0.3290676416819013,67411578.5661183,23,77727272.72727273,2.55,22.592757654869022,2.6390573296152584,2.5649493574615367,21.07743765136878,20.69589464117803,52,0,4,13,20,6,3,1,1.97,3.9889840465642745,0,0.867283466932516
ENG,1920,Liverpool,1,19,18,1,0,52,16,36,55,2.89,19,14,2,3,33,17,16,44,2.32,24,26.6,62.9,38,3420,83,69,152,78,5,5,38,1,2.18,1.82,4,2.05,3.87,418,127,157,2.61,85,33,52,1.37,→ Champions League via league finish,99,0,0,1,0,55,38,8,0,9,6.611882716049382,1.1454545454545455,2.418181818181818,3.5272727272727273,1,41,15,5,6,15,1302,175,5982500000,3675500000,208000000,473000000,1626000000,51105,902300000,30076666.666666668,16000000,0.501496918109774,0.04259857156833969,0.22097642109382643,0.6123573090989691,0.375706527762385,55542030.13403776,30,68909090.9090909,2.61,22.512104377913957,2.772588722239781,1.791759469228055,22.024955015050487,19.153048642473284,54,0,12,25,29,18,4,1,2.55,4.02535169073515,1,0.8060189069583317
ENG,2021,Liverpool,3,19,10,3,6,29,20,9,33,1.74,19,10,6,3,39,22,17,36,1.89,28,26.8,62.1,38,3420,65,43,108,59,6,6,40,0,1.71,1.13,2.84,1.55,2.68,418,104,212,1.82,68,42,26,0.68,→ Champions League via league finish,69,1,0,1,0,53,38,10,0,5,5.134214743589744,1.1320754716981132,2.3773584905660377,3.547169811320755,1,42,12,4,8,18,1474,331,11702000000,1697000000,3557000000,1008000000,5440000000,48332,865150000,27908064.51612903,18000000,0.47604071836464457,0.12811387900355872,0.24366879086319623,0.4950661175667841,0.3005259203606311,45402011.089961104,31,56545454.54545455,1.82,23.183025604397912,2.5649493574615367,1.6094379124341003,21.252127823787777,21.992183330193864,52,0,10,21,28,17,4,1,2.61,3.9889840465642745,1,0.8029294565748748
ENG,2122,Liverpool,2,19,15,4,0,49,9,40,49,2.58,19,13,4,2,45,17,28,43,2.26,27,27.7,62.7,38,3420,94,71,165,87,7,8,50,1,2.47,1.87,4.34,2.29,4.16,418,111,231,2.42,94,26,68,1.79,→ Champions League via league finish,92,1,1,0,0,63,38,13,0,12,4.631720430107527,1.2698412698412698,2.761904761904762,4.095238095238095,1,31,13,1,7,10,927,199,4827000000,1619000000,80000000,506000000,2622000000,63016,902600000,25788571.42857143,16000000,0.47167386060683003,0.03492763742541577,0.19303034150057127,0.5476623088854422,0.2658985153999557,44733869.17608227,35,60636363.63636363,2.42,22.297490993831936,2.6390573296152584,0.6931471805599453,21.205074512259575,18.197537205138154,62,0,12,29,37,24,7,1,1.82,4.1588830833596715,1,0.7377399714196476
ENG,2223,Liverpool,5,19,13,5,1,46,17,29,44,2.32,19,6,5,8,29,30,-1,23,1.21,28,27.4,60.8,38,3420,71,58,129,69,2,4,57,1,1.87,1.53,3.39,1.82,3.34,418,164,178,1.76,75,47,28,0.74,→ Europa League via league finish,67,1,1,0,0,52,38,8,0,6,5.921160130718954,0.9807692307692307,2.2115384615384617,3.3461538461538463,1,35,16,2,0,17,2011,344,9082500000,3449000000,428000000,0,5205500000,49928,748650000,25815517.24137931,18000000,0.4015983015542381,0.1067136676814613,0.16101185707418683,0.4493329372180268,0.2738262205302879,36261747.91700048,29,49545454.54545455,1.76,22.929615322169735,2.833213344056216,1.0986122886681098,21.961350171191054,19.87463375588252,51,0,6,15,21,9,6,1,2.42,3.970291913552122,0,0.7318884900678996
ENG,2324,Liverpool,3,19,15,3,1,49,17,32,48,2.53,19,9,7,3,37,24,13,34,1.79,30,26.3,61.3,38,3420,80,60,140,74,6,9,69,5,2.11,1.58,3.68,1.95,3.53,418,166,176,2.16,86,41,45,1.18,→ Champions League via league finish,82,1,1,0,0,58,38,10,0,10,4.911915204678363,1.103448275862069,2.5,3.8620689655172415,1,35,11,3,2,19,1398,318,9701000000,3897000000,276000000,60000000,5468000000,57886,924700000,27197058.82352941,22000000,0.4021697819852814,0.017949072314549286,0.16898731990464017,0.5042303068085676,0.24332215853790418,42320443.630584255,34,57727272.72727273,2.16,22.99549481002864,2.4849066497880004,1.3862943611198906,22.083472863559592,19.435911427304614,57,0,16,26,30,15,4,1,1.76,4.07753744390572,1,0.7331100471439792
ENG,2425,Liverpool,1,19,14,4,1,42,16,26,46,2.42,19,11,5,3,44,25,19,38,2,24,27.2,57.7,38,3420,85,65,150,76,9,9,67,3,2.24,1.71,3.95,2,3.71,418,165,177,2.21,86,41,45,1.18,→ Champions League via league finish,84,1,1,0,0,56,38,10,0,8,5.111742424242424,1.1428571428571428,2.4285714285714284,3.732142857142857,1,28,14,2,4,8,841,179,6170000000,3429000000,350000000,270000000,2121000000,NA,NA,NA,NA,NA,NA,NA,NA,NA,NA,NA,NA,2.21,22.542964675025782,2.70805020110221,1.0986122886681098,21.955534510718824,19.673443715304877,55,0,8,21,31,17,8,1,2.16,4.04305126783455,NA,NA
FRA,1516,Lorient,15,19,7,7,5,26,21,5,28,1.47,19,4,6,9,21,37,-16,18,0.95,31,25.4,49,38,3420,46,30,76,39,7,7,66,0,1.21,0.79,2,1.03,1.82,418,113,152,1.21,47,58,-11,-0.29,NA,46,0,0,0,0,46,38,0,0,8,6.2,0.9565217391304348,2.0217391304347827,3.0434782608695654,0,9,4,1,0,4,466,66,176400000,125000000,4000000,0,47400000,43037,57100000,1968965.5172413792,1500000,0.33273694727792363,0.0731695982526663,0.15918860515370495,0.4432634820943293,0.3239929947460595,2698478.053767688,29,3636363.6363636362,1.21,18.9882647072059,1.6094379124341003,0.6931471805599453,18.643824303266577,15.201805169084134,45,0,3,11,14,8,2,0,NA,3.8501476017100584,0,0.7420814647861143
FRA,1617,Lorient,18,19,7,4,8,25,29,-4,25,1.32,19,3,2,14,19,41,-22,11,0.58,30,26.8,50.5,38,3420,43,30,73,39,4,6,68,0,1.13,0.79,1.92,1.03,1.82,418,110,157,0.95,44,70,-26,-0.68,→ French 1/2 Relegation/Promotion play-offs,36,0,0,0,0,44,38,0,0,6,6.698643410852713,0.8409090909090909,1.7727272727272727,2.6363636363636362,0,15,4,4,0,7,504,76,117700000,40000000,32700000,0,45000000,38045,56600000,1886666.6666666667,1500000,0.3126297805230648,0.1312918911814956,0.1327112629780523,0.45388692579505285,0.3621908127208481,2093850.7031147326,30,3500000,0.95,18.583649580726682,1.6094379124341003,1.6094379124341003,17.50439003707821,17.30288566644852,43,0,4,6,9,4,2,0,1.21,3.8066624897703196,0,0.5982430580327808
FRA,2021,Lorient,16,19,10,2,7,31,29,2,32,1.68,19,1,7,11,19,39,-20,10,0.53,27,26.8,44.6,38,3420,49,26,75,40,9,10,69,3,1.29,0.68,1.97,1.05,1.74,418,163,179,1.11,50,68,-18,-0.47,NA,42,1,0,1,0,40,38,0,0,2,7.006410256410256,0.825,1.65,2.7,0,11,2,1,3,5,306,49,91600000,21100000,12500000,21000000,37000000,39473,71075000,2632407.407407407,1800000,0.2974944899044917,0.17796975147569224,0.18164314848124033,0.5182840244394942,0.3658107632782272,3355435.3608795884,27,5090909.090909091,1.11,18.33294184056139,1.0986122886681098,0.6931471805599453,16.86478364583966,16.341239282272525,39,0,2,9,12,6,2,0,0.95,3.713572066704308,1,0.6591033744584905
FRA,2122,Lorient,16,19,6,6,7,20,22,-2,24,1.26,19,2,6,11,15,41,-26,12,0.63,29,26.2,44.4,38,3420,35,20,55,32,3,3,69,4,0.92,0.53,1.45,0.84,1.37,418,153,190,0.95,35,63,-28,-0.74,NA,36,1,1,0,0,39,38,0,0,1,7.532894736842105,0.717948717948718,1.4871794871794872,2.3333333333333335,0,9,3,0,0,6,371,43,74400000,24900000,0,0,49500000,37599,57950000,2146296.296296296,1500000,0.37719088273624296,0.07784781510146546,0.2015213170563047,0.5017096475250056,0.3796376186367558,3043567.648075747,27,4045454.5454545454,0.95,18.124966513244182,1.3862943611198906,0,17.030378401595577,0,38,0,0,5,8,4,1,0,1.11,3.6888794541139363,1,0.7523425646928813
FRA,2223,Lorient,10,19,9,4,6,26,21,5,31,1.63,19,6,6,7,26,32,-6,24,1.26,30,25.2,46.6,38,3420,49,32,81,45,4,6,48,4,1.29,0.84,2.13,1.18,2.03,418,145,195,1.45,52,53,-1,-0.03,NA,55,1,1,0,0,41,38,0,0,3,7.504079861111111,0.7560975609756098,1.853658536585366,2.658536585365854,0,19,5,0,0,14,1006,132,394900000,82500000,0,0,312400000,39757,140250000,4836206.8965517245,2500000,0.3072414920642906,0.1760444701561989,0.15297934954850717,0.5782285327924273,0.46345811051693403,6235254.169077144,29,10227272.727272727,1.45,19.794143128789166,1.791759469228055,0,18.228308863426122,0,40,0,3,6,9,4,2,0,0.95,3.7376696182833684,1,0.6096692965319874
FRA,2324,Lorient,17,17,4,4,9,26,30,-4,16,0.94,17,3,4,10,17,36,-19,13,0.76,38,24.7,46.3,34,3060,41,27,68,40,1,1,66,1,1.21,0.79,2,1.18,1.97,374,148,158,0.85,43,66,-23,-0.68,Relegated,29,1,1,0,1,35,34,0,0,1,8.264705882352942,0.4857142857142857,1.2571428571428571,2,0,15,4,2,0,9,770,89,282000000,78000000,18000000,0,186000000,32574,102300000,3100000,2500000,0.30097623871799595,0.037391784859090074,0.12967397310738626,0.46041055718475077,0.28347996089931576,3932978.7560631176,33,6136363.636363637,0.85,19.457417632448486,1.6094379124341003,1.0986122886681098,18.17221939747438,16.705882371415992,34,0,0,1,2,0,1,0,1.45,3.58351893845611,0,0.6409298713584339
ENG,2324,Luton Town,18,19,4,4,11,28,37,-9,16,0.84,19,2,4,13,24,48,-24,10,0.53,28,26.7,42.4,38,3420,49,33,82,44,5,5,71,0,1.29,0.87,2.16,1.16,2.03,418,158,184,0.68,52,85,-33,-0.87,Relegated,26,1,1,0,0,44,38,0,0,6,6.535852713178294,0.8636363636363636,1.7272727272727273,2.7954545454545454,0,16,4,0,0,12,1784,239,1099300000,420000000,0,0,679300000,42936,130400000,4657142.857142857,3000000,0.40427613191727224,0.05442984907769704,0.1473122787404509,0.515994741454864,0.3067484662576687,6460641.41978759,28,9409090.909090908,0.68,20.817939451458763,1.6094379124341003,0,19.85576527162264,0,43,0,2,9,15,8,2,0,NA,3.8066624897703196,1,0.6866382185281498
FRA,1516,Lyon,2,19,12,4,3,42,16,26,40,2.11,19,7,4,8,25,27,-2,25,1.32,30,25.5,61.3,38,3420,66,44,110,63,3,3,69,0,1.74,1.16,2.89,1.66,2.82,418,113,153,1.71,67,43,24,0.63,→ Champions League via league finish,65,0,0,0,0,50,38,6,0,6,5.862244897959184,1,1.98,3.14,1,27,10,2,1,14,804,156,1305800000,239500000,536000000,2500000,527800000,45009,157650000,5630357.142857143,2500000,0.40058654935679533,0.03625941478370993,0.23326445821946723,0.5638507543835802,0.3742467491278148,9045865.271390166,28,11818181.818181818,1.71,20.99008171748262,2.3978952727983707,1.0986122886681098,19.29406397899061,20.09964472090075,49,0,6,8,13,11,4,1,NA,3.9318256327243257,1,0.7654193691176294
FRA,1617,Lyon,4,19,12,1,6,46,26,20,37,1.95,19,9,3,7,31,22,9,30,1.58,27,25,59.1,38,3420,74,44,118,62,12,14,65,2,1.95,1.16,3.11,1.63,2.79,418,104,161,1.76,77,48,29,0.76,"→ Europa League via league finish 1 1. Since Coupe de France winners Paris Saint-Germain qualified for Champions League, all Europa League berths were awarded based on league position.",67,0,0,0,0,56,38,14,0,4,5.2183712121212125,0.9642857142857143,2.375,3.5892857142857144,1,26,8,4,0,14,547,111,1280500000,593000000,293000000,0,394500000,54067,208850000,7735185.185185186,5000000,0.36900512327297613,0.11824218099765106,0.15458597665859028,0.5356138997508402,0.3878381613598276,10730983.779384837,27,15136363.636363637,1.76,20.970516464384797,2.1972245773362196,1.6094379124341003,20.20070495864834,19.49568317039431,55,0,13,19,23,8,5,1,1.71,4.04305126783455,1,0.7089538833227219
FRA,1718,Lyon,3,19,12,5,2,38,18,20,41,2.16,19,11,4,4,49,25,24,37,1.95,26,24.4,55.6,38,3420,85,62,147,79,6,7,72,2,2.24,1.63,3.87,2.08,3.71,418,108,158,2.05,87,43,44,1.16,→ Champions League via league finish,78,0,0,0,0,53,38,10,0,5,5.520032051282051,1.0188679245283019,2.30188679245283,3.4716981132075473,1,13,1,1,0,11,274,49,924300000,18000000,27000000,0,879300000,46694,328650000,13693750,9000000,0.4688396796162248,0.09399494581744978,0.21499550263417141,0.5272643136061665,0.42598509052183176,20470710.36964064,24,24818181.818181816,2.05,20.644547253316905,0.6931471805599453,0.6931471805599453,16.705882371415992,17.11134746100564,52,0,10,17,20,13,6,1,1.76,3.9889840465642745,1,0.8248271577510882
FRA,1819,Lyon,3,19,12,4,3,38,19,19,40,2.11,19,9,5,5,32,28,4,32,1.68,25,24.4,60.4,38,3420,70,54,124,65,5,10,57,3,1.84,1.42,3.26,1.71,3.13,418,108,158,1.89,70,47,23,0.61,→ Champions League via league finish,72,0,0,0,0,53,38,8,0,7,5.485643696581197,1.0188679245283019,2.169811320754717,3.3773584905660377,1,16,6,0,0,10,305,55,879000000,380000000,0,0,499000000,49346,408750000,17771739.13043478,12500000,0.3590361934098002,0.07731123090017428,0.21420175900782232,0.5332801489163674,0.41590214067278286,25761652.413569488,23,31681818.181818184,1.89,20.59429545678711,1.9459101490553132,0,19.755681813316283,0,52,0,5,11,17,10,3,1,2.05,3.9889840465642745,1,0.8131368050194099
FRA,1920,Lyon,7,13,5,4,4,17,7,10,19,1.46,15,6,3,6,25,20,5,21,1.4,27,24.8,56.2,28,2520,42,29,71,37,5,6,50,4,1.5,1.04,2.54,1.32,2.36,308,81,115,1.43,42,27,15,0.54,NA,40,0,0,1,0,57,38,10,0,9,7.832682291666666,0.8771929824561403,1.912280701754386,2.982456140350877,1,19,7,5,1,6,997,140,2648700000,873300000,1320900000,21000000,433500000,46962,376500000,14480769.23076923,11250000,0.22837613389548997,0.15866019334781312,0.17927260338145734,0.4527428746552251,0.3545816733067729,17483299.263234105,26,25590909.09090909,1.43,21.697334790917463,2.0794415416798357,1.791759469228055,20.587789698529043,21.001579160151152,48,0,6,15,20,11,3,1,1.89,4.060443010546419,0,0.6831839854194499
FRA,2021,Lyon,4,19,11,3,5,42,23,19,36,1.89,19,11,7,1,39,20,19,40,2.11,29,25.8,54.9,38,3420,76,46,122,65,11,11,66,10,2,1.21,3.21,1.71,2.92,418,175,161,2,81,43,38,1,→ Europa League via league finish,76,1,0,1,0,42,38,0,0,4,6.536585365853658,0.8095238095238095,1.7619047619047619,2.9285714285714284,0,14,4,2,5,3,641,94,1982500000,371500000,1138000000,345000000,128000000,36093,355800000,14232000,13000000,0.3685202116753941,0.04006317014379519,0.1956889147480121,0.5005283867341204,0.3288364249578415,19812858.449006733,25,26272727.272727273,2,21.40762451197769,1.6094379124341003,1.0986122886681098,19.733059424813877,20.852538173529286,41,0,3,10,11,6,2,0,1.43,3.7612001156935624,1,0.7541226399275919
FRA,2122,Lyon,8,19,11,5,3,42,25,17,38,2,19,6,6,7,24,26,-2,24,1.26,30,25.6,58.4,38,3420,64,45,109,56,8,8,65,6,1.68,1.18,2.87,1.47,2.66,418,139,184,1.63,66,51,15,0.39,1-point deduction 2 2. Lyon were deducted 1 point for crowd behavior which caused a match to be abandoned.,62,1,1,0,0,49,38,10,0,1,5.982638888888889,0.9795918367346939,2.1020408163265305,3.020408163265306,1,24,6,1,1,16,624,111,1401000000,178500000,0,14000000,1208500000,46352,385600000,12853333.333333334,13000000,0.3325422851225406,0.10946668967897825,0.13276665516051087,0.45828146611341625,0.27230290456431533,16272376.596479116,30,24090909.09090909,1.63,21.060452105015056,1.9459101490553132,0.6931471805599453,19.00009916478621,0,48,0,7,14,18,9,3,1,2,3.912023005428146,0,0.6754571417406425
FRA,2223,Lyon,7,19,10,5,4,35,19,16,35,1.84,19,8,3,8,30,28,2,27,1.42,29,25.5,58.1,38,3420,63,45,108,57,6,8,61,3,1.66,1.18,2.84,1.5,2.68,418,141,188,1.63,65,47,18,0.47,NA,62,1,1,0,0,43,38,0,0,5,7.190476190476191,0.813953488372093,1.7906976744186047,2.813953488372093,0,36,15,3,1,17,689,96,1231700000,800000000,35600000,18000000,378100000,42329,301200000,10757142.857142856,9000000,0.370053627536677,0.0900328380070401,0.17132462378038696,0.4337175109087459,0.2656042496679947,13926050.698102955,28,19363636.363636363,1.63,20.9316611667236,2.772588722239781,1.3862943611198906,20.500122286882203,17.387856223912145,42,0,1,7,10,5,2,0,1.63,3.784189633918261,0,0.719185716803439
FRA,2324,Lyon,6,17,7,4,6,25,29,-4,25,1.47,17,9,1,7,24,26,-2,28,1.65,35,26.6,51.8,34,3060,48,32,80,44,4,4,57,6,1.41,0.94,2.35,1.29,2.24,374,142,163,1.56,49,55,-6,-0.18,→ Europa League via league finish,53,1,1,0,1,40,34,0,0,6,7.333600427350428,0.625,1.5,2.4,0,22,6,0,4,12,433,56,364100000,72100000,0,101000000,191000000,36965,225250000,7508333.333333333,4500000,0.35249560394968216,0.0751521709725416,0.16978222643040713,0.47333333333333316,0.2885682574916759,10156274.854592182,30,14818181.818181818,1.56,19.71293911589216,1.9459101490553132,0,18.0935646161248,0,39,0,2,2,5,1,1,0,1.63,3.713572066704308,0,0.6853927815982453
FRA,2425,Lyon,6,17,11,2,4,37,21,16,35,2.06,17,6,4,7,28,25,3,22,1.29,31,27.4,56.4,34,3060,62,46,108,54,8,10,60,0,1.82,1.35,3.18,1.59,2.94,374,143,163,1.68,65,46,19,0.56,→ Europa League via league finish,57,1,1,0,1,48,34,12,0,2,5.787455673758865,0.9583333333333334,2.1041666666666665,3.1041666666666665,1,19,3,2,3,11,776,99,1538000000,37000000,1125000000,16000000,360000000,47442,289700000,10346428.57142857,7000000,0.28061633152059356,0.06863117069263522,0.13869567050292989,0.4975220671630749,0.34518467380048323,12916217.697398929,28,20000000,1.68,21.15374870868006,1.3862943611198906,1.0986122886681098,17.426428497635523,20.841048873491683,47,0,10,13,14,7,3,1,1.56,3.8918202981106265,1,0.6458108848699464
GER,1516,Mainz 05,6,17,8,4,5,23,18,5,28,1.65,17,6,4,7,23,24,-1,22,1.29,29,25,46.1,34,3060,46,31,77,45,1,1,54,0,1.35,0.91,2.26,1.32,2.24,374,101,138,1.47,46,42,4,0.12,"→ Europa League via league finish 1 1. Since DFB-Pokal winners Bayern Munich qualified for Champions League, all Europa League berths were awarded based on league position.",50,0,0,0,0,36,34,0,0,2,7.96547619047619,0.6388888888888888,1.5833333333333333,2.2222222222222223,0,55,17,0,0,38,852,132,356750000,142200000,0,0,214550000,34913,75750000,2805555.5555555555,2250000,0.38392575831352216,0.07132013863030963,0.25958811903875345,0.42811392250336144,0.30363036303630364,4158320.682840203,27,4909090.909090909,1.47,19.6925458171243,2.8903717578961645,0,18.772745082365763,0,35,0,1,3,5,2,1,0,NA,3.6109179126442243,0,0.8470653242822636
GER,1617,Mainz 05,15,17,7,4,6,30,26,4,25,1.47,17,3,3,11,14,29,-15,12,0.71,28,25.1,46,34,3060,43,28,71,36,7,7,73,3,1.26,0.82,2.09,1.06,1.88,374,101,137,1.09,44,55,-11,-0.32,NA,37,0,0,0,0,42,34,6,0,2,6.634146341463414,0.9285714285714286,2.0238095238095237,2.7857142857142856,1,51,15,0,0,36,1092,155,441250000,204750000,0,0,236500000,41804,85500000,3053571.4285714286,2250000,0.34676107549516794,0.09680891780690842,0.16632379676585973,0.38533834586466154,0.27485380116959063,3788088.4604344084,28,5318181.818181818,1.09,19.90512216847807,2.772588722239781,0,19.137300285581457,0,41,0,9,13,13,6,3,1,1.47,3.7612001156935624,0,0.7122901378594614
GER,1718,Mainz 05,14,17,7,3,7,22,21,1,24,1.41,17,2,6,9,16,31,-15,12,0.71,27,25.3,44.4,34,3060,38,27,65,34,4,4,63,NA,1.12,0.79,1.91,1,1.79,374,101,137,1.06,38,52,-14,-0.41,NA,36,0,0,0,0,38,34,0,0,4,7.378378378378378,0.8421052631578947,1.6842105263157894,2.4473684210526314,0,73,14,4,0,55,2348,251,752500000,221900000,150500000,0,380100000,37893,96375000,3441964.285714286,2125000,0.43018499459002985,0.13055181695827725,0.19196157601667854,0.46739855475264025,0.35797665369649806,4927190.37817011,28,6363636.363636363,1.06,20.43891155591621,2.70805020110221,1.6094379124341003,19.217737392409358,18.829473648797723,37,0,3,5,6,5,2,0,1.09,3.6635616461296463,0,0.774272773712446
GER,1819,Mainz 05,12,17,8,5,4,31,22,9,29,1.71,17,4,2,11,15,35,-20,14,0.82,28,24.2,46.1,34,3060,44,30,74,41,3,3,56,0,1.29,0.88,2.18,1.21,2.09,374,102,136,1.26,46,57,-11,-0.32,NA,43,0,0,0,0,36,34,0,0,2,7.796428571428572,0.6111111111111112,1.4166666666666667,2.1666666666666665,0,23,6,1,1,15,985,134,397000000,120400000,10000000,0,266600000,32914,136500000,5055555.555555556,2500000,0.4476514553077718,0.07553016953272164,0.2495290757732272,0.5825261158594492,0.46886446886446886,8872774.503250897,27,10227272.727272727,1.26,19.799446841170358,1.9459101490553132,0.6931471805599453,18.606330099144643,16.118095750958314,35,0,1,4,5,1,1,0,1.06,3.6109179126442243,1,0.8675601736511989
GER,1920,Mainz 05,13,17,5,2,10,18,29,-11,17,1,17,6,2,9,26,36,-10,20,1.18,25,24.6,43.2,34,3060,42,34,76,39,3,3,75,3,1.24,1,2.24,1.15,2.15,374,117,189,1.09,44,65,-21,-0.62,NA,37,0,0,1,0,35,34,0,0,1,9.470588235294118,0.7428571428571429,1.542857142857143,2.2857142857142856,0,14,2,1,0,11,930,116,586600000,23800000,28800000,0,534000000,34544,119300000,4588461.538461538,3200000,0.36735757295044,0.08247452524316813,0.17354678091709125,0.42333483783609505,0.3269069572506287,5870046.896711441,26,7900000,1.09,20.189853716212365,1.0986122886681098,0.6931471805599453,16.98519618065851,17.175885979828397,34,0,2,5,6,3,1,0,1.26,3.58351893845611,0,0.7430439109761318
GER,2021,Mainz 05,12,17,4,4,9,16,26,-10,16,0.94,17,6,5,6,23,30,-7,23,1.35,31,25.8,40.7,34,3060,39,23,62,34,5,5,63,1,1.15,0.68,1.82,1,1.68,374,150,152,1.15,39,56,-17,-0.5,NA,39,1,0,1,0,36,34,0,0,2,7.222321428571428,0.6388888888888888,1.5833333333333333,2.4722222222222223,0,19,5,0,2,12,485,80,283500000,72100000,0,45000000,166400000,35956,153900000,4964516.129032258,2800000,0.3562687729447102,0.08727333407498053,0.1789965513405273,0.5289987214152467,0.36387264457439894,6596103.57103126,31,10409090.909090908,1.15,19.46272268465942,1.791759469228055,0,18.0935646161248,0,35,0,1,3,5,2,2,0,1.09,3.6109179126442243,1,0.6336868059506015
GER,2122,Mainz 05,8,17,10,5,2,33,11,22,35,2.06,17,3,2,12,17,34,-17,11,0.65,28,26.2,46.5,34,3060,49,36,85,45,4,4,62,4,1.44,1.06,2.5,1.32,2.38,374,150,148,1.35,50,45,5,0.15,NA,46,1,1,0,0,37,34,0,0,3,7.75,0.7297297297297297,1.4864864864864864,2.2432432432432434,0,19,2,0,6,11,630,77,516200000,61000000,0,64400000,390800000,34293,111125000,4115740.7407407407,2500000,0.4071384830723471,0.0388417461289476,0.16216137404134956,0.5210182060575761,0.4229471316085489,5846348.380135888,27,7909090.909090909,1.35,20.06200484718602,1.0986122886681098,0,17.926384438531027,0,36,0,2,5,8,3,1,0,1.15,3.6375861597263857,1,0.7391934733505146
GER,2223,Mainz 05,9,17,6,6,5,31,25,6,24,1.41,17,6,4,7,23,30,-7,22,1.29,27,27,44.8,34,3060,54,35,89,50,4,6,69,1,1.59,1.03,2.62,1.47,2.5,374,160,143,1.35,54,55,-1,-0.03,NA,46,1,1,0,0,37,34,0,0,3,8.330420524691357,0.7297297297297297,1.6756756756756757,2.5405405405405403,0,31,6,1,6,18,1051,122,642600000,58800000,0,33800000,550000000,34988,125800000,4659259.259259259,3500000,0.26577683777295075,0.05264662169886818,0.14802217903281126,0.44833068362480133,0.31001589825119236,5910426.431919515,27,8500000,1.35,20.28103300620221,1.9459101490553132,0.6931471805599453,17.889652429875657,0,36,0,2,4,5,3,2,0,1.35,3.6375861597263857,0,0.6953442861081782
GER,2324,Mainz 05,13,17,6,5,6,23,18,5,23,1.35,17,1,9,7,16,33,-17,12,0.71,30,26.7,46.1,34,3060,38,31,69,37,1,5,99,3,1.12,0.91,2.03,1.09,2,374,148,148,1.03,39,51,-12,-0.35,NA,35,1,1,0,0,36,34,0,0,2,7.997023809523809,0.6388888888888888,1.4722222222222223,2.1666666666666665,0,33,10,0,1,22,1193,164,823700000,157000000,0,5000000,661700000,35621,142300000,4743333.333333333,2750000,0.3223660200443559,0.09042418797900115,0.13348867241234103,0.5470133520730849,0.36542515811665494,6389530.052497122,30,10136363.636363637,1.03,20.52931694512551,2.3978952727983707,0,18.871756369682007,0,35,0,1,2,3,0,1,0,1.35,3.6109179126442243,1,0.63035722491003
GER,2425,Mainz 05,6,17,6,8,3,24,18,6,26,1.53,17,8,2,7,31,25,6,26,1.53,25,27.4,50.4,34,3060,53,37,90,49,4,4,71,5,1.56,1.09,2.65,1.44,2.53,374,145,160,1.53,55,43,12,0.35,→ Conference League via league finish,52,1,1,0,0,36,34,0,0,2,7.8255952380952385,0.6388888888888888,1.4444444444444444,2.25,0,25,7,0,1,17,578,69,473700000,258600000,0,35000000,180100000,35707,166725000,6669000,3000000,0.3977091326630633,0.1270339149186434,0.2232055339289215,0.6062678062678062,0.4738341580446844,10053669.448567508,25,13136363.636363637,1.53,19.97608477000502,2.0794415416798357,0,19.370793028169007,0,35,0,0,1,2,0,1,0,1.03,3.6109179126442243,1,0.7653312382992566
ESP,1920,Mallorca,19,19,8,3,8,25,22,3,27,1.42,19,1,3,15,15,43,-28,6,0.32,32,26.8,45,38,3420,39,21,60,31,8,10,93,5,1.03,0.55,1.58,0.82,1.37,418,132,185,0.87,40,65,-25,-0.66,Relegated,33,0,0,1,0,41,38,0,0,3,8.426041666666666,0.7804878048780488,1.829268292682927,2.7804878048780486,0,9,0,2,0,7,1005,104,204400000,0,57600000,0,146800000,38585,64625000,2154166.6666666665,1200000,0.3188544771284178,0.18693792924711675,0.17245043410651809,0.5444616376531268,0.4054158607350097,2873345.211869898,30,4490909.090909091,0.87,19.135589421186193,0,1.0986122886681098,0,17.86903314302723,40,0,5,12,14,5,3,1,NA,3.7376696182833684,1,0.639813711145119
ESP,2122,Mallorca,16,19,7,6,6,20,25,-5,27,1.42,19,3,3,13,16,38,-22,12,0.63,33,27.9,45.3,38,3420,33,23,56,27,6,7,114,7,0.87,0.61,1.47,0.71,1.32,418,178,273,1.03,36,63,-27,-0.71,NA,39,1,1,0,0,43,38,0,0,5,6.690972222222222,0.6976744186046512,1.627906976744186,2.5348837209302326,0,8,3,0,2,3,472,54,116200000,13600000,0,14000000,88600000,37891,62000000,2214285.714285714,1650000,0.35330289514660473,0.2157240505660975,0.12784038426011454,0.41693548387096757,0.33064516129032256,2524847.589137262,28,3863636.3636363638,1.03,18.570823410987938,1.3862943611198906,0,16.42558042423569,0,42,0,5,7,11,3,1,0,0.87,3.784189633918261,0,0.6534899642472913
ESP,2223,Mallorca,9,19,10,5,4,22,12,10,35,1.84,19,4,3,12,15,31,-16,15,0.79,31,27.7,41.1,38,3420,36,27,63,32,4,5,120,5,0.95,0.71,1.66,0.84,1.55,418,165,280,1.32,37,43,-6,-0.16,NA,50,1,1,0,0,42,38,0,0,4,7.147357723577236,0.6904761904761905,1.6666666666666667,2.5952380952380953,0,8,1,0,0,7,220,35,92000000,12000000,0,0,80000000,41560,103125000,3556034.4827586208,2000000,0.40040904716073145,0.06855149181905679,0.22531280076997112,0.5676739811912226,0.45575757575757575,5881152.550529355,29,7363636.363636363,1.32,18.33729914588288,0.6931471805599453,0,16.300417291085605,0,41,0,4,9,9,3,2,0,1.03,3.7612001156935624,1,0.7986750377262087
ESP,2324,Mallorca,15,19,6,8,5,17,16,1,26,1.37,19,2,8,9,16,28,-12,14,0.74,25,28.7,45,38,3420,33,27,60,32,1,3,105,4,0.87,0.71,1.58,0.84,1.55,418,186,263,1.05,33,44,-11,-0.29,NA,40,1,1,0,0,46,38,0,0,8,6.395833333333333,0.7608695652173914,1.8695652173913044,2.6956521739130435,0,5,1,0,0,4,215,37,250400000,156000000,0,0,94400000,45790,86100000,3075000,2250000,0.3822450316663027,0.06652107447040839,0.18423236514522823,0.5096233615397376,0.3716608594657375,4237515.833151343,28,5918181.818181818,1.05,19.338570201183828,0.6931471805599453,0,18.86536657162407,0,45,0,1,8,12,4,2,0,1.32,3.8501476017100584,1,0.7160165002252653
ESP,2425,Mallorca,10,19,7,6,6,20,21,-1,27,1.42,19,6,3,10,15,23,-8,21,1.11,28,28.7,46.8,38,3420,34,24,58,30,4,5,81,6,0.89,0.63,1.53,0.79,1.42,418,179,260,1.26,35,44,-9,-0.24,NA,48,1,1,0,0,40,38,0,0,2,7.153311965811966,0.625,1.55,2.325,0,16,8,0,0,8,465,67,282300000,178300000,0,0,104000000,39320,82200000,3044444.4444444445,2000000,0.3690996948118006,0.14097151576805697,0.2159969481180061,0.45976390015319457,0.3284671532846715,4129786.3682604274,27,5545454.545454546,1.26,19.458480896766048,2.1972245773362196,0,18.998978088441895,0,39,0,0,4,6,1,1,0,1.05,3.713572066704308,0,0.7447155746043393
ENG,1516,Manchester City,4,19,12,2,5,47,21,26,38,2,19,7,7,5,24,20,4,28,1.47,25,28.3,56.9,38,3420,71,53,124,66,5,8,63,0,1.87,1.39,3.26,1.74,3.13,418,109,158,1.74,71,41,30,0.79,→ Champions League via league finish,66,0,0,0,0,59,38,12,0,9,4.806752873563219,1.2542372881355932,2.6271186440677967,3.8135593220338984,1,52,18,6,0,28,1328,287,6927000000,3738000000,735000000,0,2454000000,58740,494500000,20604166.666666668,18500000,0.31161048689138576,0.13689138576779025,0.16336397684712292,0.42336535220761706,0.33367037411526795,24432754.5114062,24,34090909.09090909,1.74,22.65869265613124,2.9444389791664403,1.9459101490553132,22.041816546247304,20.415381058537655,58,0,8,23,34,23,5,1,NA,4.0943445622221,0,0.7166941323345818
ENG,1617,Manchester City,3,19,11,7,1,37,17,20,40,2.11,19,12,2,5,43,22,21,38,2,25,28.5,65,38,3420,75,54,129,68,7,9,71,0,1.97,1.42,3.39,1.79,3.21,418,106,159,2.05,80,39,41,1.08,→ Champions League via league finish,78,0,0,0,0,56,38,10,0,8,5.10719696969697,1.0535714285714286,2.1964285714285716,3.482142857142857,1,18,10,2,0,6,1021,188,4079000000,1878000000,1200000000,0,1001000000,50117,464750000,17875000,11000000,0.35449049224813933,0.15517688608655744,0.20456132649599937,0.507986096743493,0.35502958579881655,24219202.067162838,26,34090909.09090909,2.05,22.12911769752699,2.3978952727983707,1.0986122886681098,21.353473218264963,20.9055873945737,55,1,8,16,26,14,3,1,1.74,4.04305126783455,1,0.7104299273034432
ENG,1718,Manchester City,1,19,16,2,1,61,14,47,50,2.63,19,16,2,1,45,13,32,50,2.63,25,26.4,71,38,3420,103,85,188,97,6,8,63,NA,2.71,2.24,4.95,2.55,4.79,418,106,158,2.63,106,27,79,2.08,→ Champions League via league finish,100,0,0,0,0,57,38,10,0,9,4.890997023809524,1.1754385964912282,2.526315789473684,3.807017543859649,1,23,9,2,0,12,1018,192,7164000000,1870000000,2000000000,0,3294000000,54493,966000000,40250000,37500000,0.3797918998770484,0.07353238030572734,0.20833868570275083,0.47649240855762587,0.3416149068322981,53702236.98456682,24,70909090.9090909,2.63,22.692334321284463,2.302585092994046,1.0986122886681098,21.349204268347666,21.416413018006356,56,0,7,22,32,18,8,1,2.05,4.060443010546419,0,0.7573392395259424
ENG,1819,Manchester City,1,19,18,0,1,57,12,45,54,2.84,19,14,2,3,38,11,27,44,2.32,21,26.7,67.9,38,3420,91,71,162,88,3,4,44,1,2.39,1.87,4.26,2.32,4.18,418,108,158,2.58,95,23,72,1.89,→ Champions League via league finish,98,0,0,0,0,61,38,10,0,13,4.768055555555556,1.1967213114754098,2.6065573770491803,3.9672131147540983,1,56,23,8,2,23,1566,331,12123000000,4248000000,672000000,175000000,7028000000,56904,1034000000,43083333.333333336,30000000,0.3545972163644032,0.12410375369042598,0.1501827639533249,0.44209381044487417,0.3191489361702128,53454256.29129762,24,75454545.45454545,2.58,23.218370311793347,3.1780538303479458,2.1972245773362196,22.169714121121455,20.325768899975518,60,0,9,24,34,21,7,1,2.63,4.127134385045092,0,0.7084299026557517
ENG,1920,Manchester City,2,19,15,2,2,57,13,44,47,2.47,19,11,1,7,45,22,23,34,1.79,24,26.9,66.2,38,3420,100,69,169,94,6,11,64,4,2.63,1.82,4.45,2.47,4.29,418,120,166,2.13,102,35,67,1.76,→ Champions League via league finish,81,0,0,1,0,59,38,9,0,12,6.503591954022989,1.1355932203389831,2.542372881355932,3.7796610169491527,1,40,11,11,6,12,1180,232,12540200000,1976000000,4950000000,385000000,5229200000,58593,1039100000,41564000,36000000,0.2794361101155428,0.20451248442646733,0.19038110354479204,0.4376941584063132,0.31565778077182177,50012972.53938184,25,71272727.27272727,2.13,23.252205321067063,2.4849066497880004,2.4849066497880004,21.40434043677816,22.32265341372903,58,1,9,24,35,18,5,1,2.58,4.0943445622221,0,0.7017126249147962
ENG,2021,Manchester City,1,19,13,2,4,43,17,26,41,2.16,19,14,3,2,40,15,25,45,2.37,24,26.1,63.5,38,3420,82,55,137,77,5,9,46,2,2.16,1.45,3.61,2.03,3.47,418,77,240,2.26,83,32,51,1.34,→ Champions League via league finish,86,1,0,1,0,61,38,13,0,10,4.167881944444445,1.4098360655737705,2.9672131147540983,4.442622950819672,1,47,11,14,7,15,887,194,6739300000,2791000000,1424000000,1026000000,1498300000,59182,1011000000,34862068.96551724,30000000,0.4153627792234125,0.04717650637018012,0.17089655638538745,0.4856884614072785,0.26706231454005935,53008558.34544287,29,67727272.72727273,2.26,22.631221899058673,2.4849066497880004,2.70805020110221,21.74966579185889,21.076735650638444,60,0,11,30,42,30,11,1,2.13,4.127134385045092,0,0.782676700402512
ENG,2122,Manchester City,1,19,15,2,2,58,15,43,47,2.47,19,14,4,1,41,11,30,46,2.42,26,27,67.9,38,3420,96,63,159,89,7,9,42,1,2.53,1.66,4.18,2.34,4,418,79,261,2.45,99,26,73,1.92,→ Champions League via league finish,93,1,1,0,0,58,38,12,0,8,5.05171783625731,1.1206896551724137,2.4827586206896552,3.6724137931034484,1,13,1,1,3,8,565,111,3884800000,150000000,675000000,470000000,2589800000,54068,913200000,30440000,25000000,0.44902715099504326,0.0437227195383591,0.19336761115632167,0.5413345013870636,0.2792378449408673,51003031.36790708,30,65454545.45454545,2.45,22.08033733964681,0.6931471805599453,0.6931471805599453,18.826145858727198,20.330223250318287,57,0,8,23,31,18,6,1,2.26,4.07753744390572,1,0.7792129792319137
ENG,2223,Manchester City,1,19,17,1,1,60,17,43,52,2.74,19,11,4,4,34,16,18,37,1.95,24,27.2,64.7,38,3420,92,69,161,83,9,10,44,1,2.42,1.82,4.24,2.18,4,418,123,219,2.34,94,33,61,1.61,→ Champions League via league finish,89,1,1,0,0,61,38,13,0,10,5.253472222222222,1.1147540983606556,2.6557377049180326,3.8688524590163933,1,14,7,0,2,5,399,87,4197000000,2141000000,0,95000000,1961000000,56727,1050500000,50023809.52380952,40000000,0.32303841204364764,0.16538861565039575,0.1982830045657271,0.42582897033158806,0.361732508329367,60823699.47291413,21,77909090.9090909,2.34,22.15763582153613,2.0794415416798357,0,21.484538847021028,0,60,0,13,26,33,18,7,1,2.45,4.127134385045092,0,0.7807009267235187
ENG,2324,Manchester City,1,19,14,5,0,51,16,35,47,2.47,19,14,2,3,45,18,27,44,2.32,25,26.6,65.2,38,3420,94,69,163,85,9,10,53,2,2.47,1.82,4.29,2.24,4.05,418,115,221,2.39,96,34,62,1.63,→ Champions League via league finish,91,1,1,0,0,57,38,10,0,9,5.231398809523809,1,2.263157894736842,3.543859649122807,1,23,12,1,0,10,605,128,7756000000,5885000000,30000000,0,1841000000,56592,1334300000,49418518.518518515,38000000,0.39823649985863724,0.10819550466497031,0.21229148996324568,0.4651960661853489,0.3372554897699168,71017364.64517953,27,90000000,2.39,22.77173257445575,2.5649493574615367,0.6931471805599453,22.495672577828575,17.216707972959764,56,0,7,19,27,9,5,1,2.34,4.060443010546419,0,0.7890818293908836
ENG,2425,Manchester City,3,19,13,3,3,43,23,20,42,2.21,19,8,5,6,29,21,8,29,1.53,30,26.8,61.3,38,3420,71,51,122,68,3,4,59,2,1.87,1.34,3.21,1.79,3.13,418,131,207,1.87,72,44,28,0.74,→ Champions League via league finish,71,1,1,0,0,57,38,10,0,9,5.143601190476191,0.9824561403508771,2.3859649122807016,3.56140350877193,1,39,9,3,1,26,1441,302,14996000000,2730000000,7070000000,200000000,4996000000,NA,NA,NA,NA,NA,NA,NA,NA,NA,NA,NA,NA,1.87,23.43104933588676,2.302585092994046,1.3862943611198906,21.72756744650958,22.679126316996335,56,0,6,19,28,11,3,1,2.39,4.060443010546419,NA,NA
ENG,1516,Manchester Utd,5,19,12,5,2,27,9,18,41,2.16,19,7,4,8,22,26,-4,25,1.32,33,25.6,58.5,38,3420,46,31,77,43,3,3,67,0,1.21,0.82,2.03,1.13,1.95,418,108,157,1.74,49,35,14,0.37,→ Europa League via cup win 1 1. Manchester United qualified for a Europa League group stage berth by virtue of winning the FA Cup.,66,0,0,0,0,59,38,12,0,9,4.951688218390805,1.0847457627118644,2.440677966101695,3.6610169491525424,1,38,8,6,1,23,1748,353,5533000000,415000000,555000000,70000000,4493000000,57010,435000000,14500000,13500000,0.4072969654446588,0.09940361340115769,0.204683388879144,0.44835249042145575,0.25057471264367814,20583634.450096473,30,27454545.454545453,1.74,22.433996001043116,2.1972245773362196,1.9459101490553132,19.843789080604612,20.13447867351251,58,0,9,19,27,12,5,1,NA,4.0943445622221,0,0.7497350296392755
ENG,1617,Manchester Utd,6,19,8,10,1,26,12,14,34,1.79,19,10,5,4,28,17,11,35,1.84,31,26.7,56.5,38,3420,54,37,91,51,3,4,80,1,1.42,0.97,2.39,1.34,2.32,418,110,156,1.82,54,29,25,0.66,→ Champions League via Europa League win,69,0,0,0,0,64,38,15,0,11,4.606316137566138,1.25,2.609375,4.015625,1,27,6,5,0,16,1215,258,4701500000,1169000000,790000000,0,2742500000,59527,472600000,17503703.703703705,15000000,0.3249617820484822,0.11191560132376904,0.18277420330270297,0.42251688845002433,0.29623360135421073,21945958.976598855,27,30090909.09090909,1.82,22.271147443894105,1.9459101490553132,1.791759469228055,20.879414520291775,20.487543504691164,63,0,18,30,35,23,6,1,1.74,4.174387269895637,0,0.7293218995244333
ENG,1718,Manchester Utd,2,19,15,2,2,38,9,29,47,2.47,19,10,4,5,30,19,11,34,1.79,27,26.7,54.7,38,3420,67,53,120,66,1,3,64,NA,1.76,1.39,3.16,1.74,3.13,418,111,155,2.13,68,28,40,1.05,→ Champions League via league finish,81,0,0,0,0,56,38,8,0,10,5.160984848484849,1.0714285714285714,2.375,3.5357142857142856,1,32,7,4,1,20,1212,235,5334000000,2174000000,226000000,90000000,2844000000,54061,790000000,29259259.259259257,18000000,0.3263535635670816,0.11072677160984813,0.1568783411331644,0.4968588842006565,0.31645569620253167,39210891.40045504,27,56363636.36363637,2.13,22.39736726289371,2.0794415416798357,1.6094379124341003,21.49983462610541,19.23604556166134,55,0,10,20,24,16,7,1,1.82,4.04305126783455,1,0.6956771054919443
ENG,1819,Manchester Utd,6,19,10,6,3,33,25,8,36,1.89,19,9,3,7,32,29,3,30,1.58,28,26.3,54.7,38,3420,65,40,105,56,9,12,77,4,1.71,1.05,2.76,1.47,2.53,418,112,154,1.74,65,54,11,0.29,"→ Europa League via league finish 1 1. Since FA Cup and EFL Cup winners Manchester City qualified for Champions League, all Europa League berths were awarded based on league position.",66,0,0,0,0,53,38,10,0,5,5.284455128205128,0.9622641509433962,2.2264150943396226,3.5283018867924527,1,66,17,17,4,28,1732,306,7318500000,2800000000,996000000,320000000,3202500000,49396,700250000,28010000,20000000,0.3911045428779658,0.13217669446918778,0.22815612600210544,0.4378436272759729,0.34273473759371653,37698604.13798688,25,47727272.72727273,1.74,22.713671226024914,2.8903717578961645,2.8903717578961645,21.752885254484713,20.71925781655289,52,0,5,15,23,8,3,1,2.13,3.9889840465642745,0,0.7898755152721061
ENG,1920,Manchester Utd,3,19,10,7,2,40,17,23,37,1.95,19,8,5,6,26,19,7,29,1.53,29,24.8,55.8,38,3420,65,43,108,55,10,14,73,0,1.71,1.13,2.84,1.45,2.58,418,119,165,1.74,66,36,30,0.79,→ Champions League via league finish,66,0,0,1,0,61,38,12,0,11,6.186458333333333,1.3278688524590163,2.639344262295082,3.8688524590163933,1,41,7,5,5,24,2230,406,9781400000,1635500000,446000000,144500000,7555400000,60753,662825000,19494852.94117647,16000000,0.4281105459812684,0.06333843596201011,0.16558853060754203,0.5228899918131173,0.3017387696601667,29704742.152650896,34,42727272.72727273,1.74,23.003748460134744,2.0794415416798357,1.791759469228055,21.215214405554146,19.91582951222649,60,0,18,28,35,28,10,1,1.74,4.127134385045092,1,0.6952173695301274
ENG,2021,Manchester Utd,2,19,9,4,6,38,28,10,31,1.63,19,12,7,0,35,16,19,43,2.26,29,25.6,55.7,38,3420,70,51,121,60,10,11,64,1,1.84,1.34,3.18,1.58,2.92,418,99,219,1.95,73,44,29,0.76,→ Champions League via league finish,74,1,0,1,0,61,38,15,0,8,4.152430555555555,1.3442622950819672,2.8524590163934427,4.459016393442623,1,34,7,9,4,14,923,191,5066000000,1496000000,321000000,255000000,2994000000,54389,643800000,22992857.14285714,18000000,0.47391935869385354,0.06254941256504072,0.19446946992958136,0.47369413748724076,0.31065548306927615,35300888.04721543,28,43272727.27272727,1.95,22.34581738872329,2.0794415416798357,2.302585092994046,21.126060717167146,19.586951684209556,60,0,13,31,39,25,9,1,1.74,4.127134385045092,0,0.8157768246205247
ENG,2122,Manchester Utd,6,19,10,5,4,32,22,10,35,1.84,19,6,5,8,25,35,-10,23,1.21,29,27.2,52.7,38,3420,56,46,102,53,3,5,77,2,1.47,1.21,2.68,1.39,2.61,418,114,227,1.53,57,57,0,0,→ Europa League via league finish,58,1,1,0,0,49,38,8,0,3,5.857204861111111,0.9387755102040817,1.9795918367346939,3.204081632653061,1,50,16,2,13,19,1206,210,5799000000,2675000000,25000000,645000000,2454000000,48731,738500000,22378787.87878788,18000000,0.4206562557714802,0.06751349243807843,0.1639818595965607,0.4869986253872509,0.2979011509817197,32932738.913627874,33,45818181.81818182,1.53,22.48095132601316,2.833213344056216,1.0986122886681098,21.707215217668214,17.034386422832473,48,0,6,16,21,10,3,1,1.95,3.912023005428146,1,0.7187700953371162
ENG,2223,Manchester Utd,3,19,15,3,1,36,10,26,48,2.53,19,8,3,8,22,33,-11,27,1.42,26,26.9,53.7,38,3420,56,42,98,53,3,3,78,2,1.47,1.11,2.58,1.39,2.5,418,149,192,1.97,58,43,15,0.39,→ Champions League via league finish,75,1,1,0,0,62,38,12,0,12,4.918715846994536,1.3064516129032258,2.806451612903226,4.193548387096774,1,35,6,0,2,27,1259,263,6610500000,910000000,0,225000000,5475500000,61632,766000000,25533333.333333332,20000000,0.4097222222222222,0.12350726895119418,0.2033846053997923,0.42851174934725833,0.28067885117493474,36973909.65732087,30,47000000,1.97,22.6119251310657,1.9459101490553132,0,20.628955158574072,0,61,0,18,25,30,24,12,1,1.53,4.143134726391533,0,0.7866789288791675
ENG,2324,Manchester Utd,8,19,10,3,6,31,28,3,33,1.74,19,8,3,8,26,30,-4,27,1.42,31,26.1,50.6,38,3420,57,36,93,51,6,7,83,1,1.5,0.95,2.45,1.34,2.29,418,153,189,1.58,57,58,-1,-0.03,→ Europa League via cup win,60,1,1,0,0,52,38,6,0,8,5.584150326797386,1,2.1923076923076925,3.25,1,39,16,1,4,18,2017,375,9812500000,4126000000,400000000,185000000,5101500000,51996,733900000,24463333.333333332,20000000,0.3462958689129933,0.08135241172397877,0.20005385029617662,0.4280737611845391,0.2657037743561793,34886277.79059928,30,45818181.81818182,1.58,23.00692292015685,2.833213344056216,0.6931471805599453,22.140574251837837,19.806975107572256,51,0,8,17,22,12,3,1,1.97,3.970291913552122,0,0.7614068565408573
ENG,2425,Manchester Utd,15,19,7,3,9,23,28,-5,24,1.26,19,4,6,9,21,26,-5,18,0.95,31,25.5,53.5,38,3420,42,29,71,38,4,4,86,3,1.11,0.76,1.87,1,1.76,418,161,180,1.11,44,54,-10,-0.26,NA,42,1,1,0,0,60,38,15,0,7,4.882062146892656,1.15,2.45,3.816666666666667,1,34,11,4,4,15,1646,312,8088000000,2779000000,168000000,197000000,4944000000,NA,NA,NA,NA,NA,NA,NA,NA,NA,NA,NA,NA,1.11,22.81364731878822,2.4849066497880004,1.6094379124341003,21.745356988066618,18.939474543319914,59,0,16,19,24,17,5,1,1.58,4.110873864173311,NA,NA
FRA,1516,Marseille,13,19,3,11,5,27,24,3,20,1.05,19,7,7,5,21,18,3,28,1.47,28,25,56.6,38,3420,48,35,83,46,2,4,74,0,1.26,0.92,2.18,1.21,2.13,418,112,155,1.26,48,42,6,0.16,NA,48,0,0,0,0,54,38,8,0,8,5.415094339622642,1.0555555555555556,2.388888888888889,3.537037037037037,1,26,9,1,0,16,738,141,557500000,174000000,25000000,0,358500000,51262,121750000,4348214.285714285,3750000,0.3897819047247474,0.06470680035894034,0.229058561897702,0.4653710765620416,0.2874743326488706,6361146.658343412,28,8045454.545454546,1.26,20.13897306309227,2.302585092994046,0.6931471805599453,18.974565862925928,17.034386422832473,53,0,10,17,21,16,4,1,NA,4.007333185232471,0,0.790650997082232
FRA,1617,Marseille,5,19,13,4,2,33,13,20,43,2.26,19,4,7,8,24,28,-4,19,1,27,27.4,55.9,38,3420,56,37,93,52,4,4,71,1,1.47,0.97,2.45,1.37,2.34,418,112,154,1.63,57,41,16,0.42,"→ Europa League via league finish 2 2. Since League Cup winners Paris Saint-Germain qualified for Champions League, all Europa League berths were awarded based on league position.",62,0,0,0,0,43,38,0,0,5,6.643105158730159,0.813953488372093,1.7906976744186047,2.6511627906976742,0,12,3,0,0,9,589,92,171450000,29700000,0,0,141750000,38594,92700000,3565384.6153846155,2250000,0.27465409130953,0.21879048556770483,0.1577965486863243,0.5214919923657786,0.4045307443365696,4427206.301497642,26,6727272.7272727275,1.63,18.95980224270581,1.3862943611198906,0,17.206657637442962,0,42,0,1,6,10,4,2,0,1.26,3.784189633918261,1,0.6580982340064062
FRA,1718,Marseille,4,19,12,5,2,44,19,25,41,2.16,19,10,6,3,36,28,8,36,1.89,26,27.2,57.8,38,3420,79,54,133,74,5,8,81,2,2.08,1.42,3.5,1.95,3.37,418,113,153,2.03,80,47,33,0.87,→ Europa League via league finish,77,0,0,0,0,62,38,19,0,5,4.852629781420765,1.2258064516129032,2.5483870967741935,3.9193548387096775,1,35,17,1,2,15,849,160,1464350000,908000000,18000000,68000000,470350000,54886,208650000,9071739.130434783,6000000,0.3438946179353569,0.1099916189920927,0.19649819626134168,0.5382844163827505,0.43134435657800146,12390323.579783551,23,16181818.181818182,2.03,21.104677295633753,2.8903717578961645,0.6931471805599453,20.626754937666888,16.705882371415992,61,0,11,25,32,21,5,1,1.63,4.143134726391533,1,0.7656941538068487
FRA,1819,Marseille,5,19,11,4,4,31,17,14,37,1.95,19,7,3,9,29,35,-6,24,1.26,24,26.9,55.2,38,3420,59,45,104,55,4,5,83,8,1.55,1.18,2.74,1.45,2.63,418,110,156,1.61,60,52,8,0.21,NA,61,0,0,0,0,46,38,6,0,2,6.378086419753086,0.8695652173913043,1.7826086956521738,2.8260869565217392,1,24,7,1,2,14,355,55,628000000,199000000,1500000,20500000,407000000,45520,250750000,10030000,7000000,0.3182117750439367,0.11889279437609841,0.17634007029876977,0.5260378863409769,0.3708873379860419,13413127.196836555,25,18772727.272727273,1.61,20.25805072602483,2.0794415416798357,0.6931471805599453,19.108815387713893,14.220976332738882,45,0,6,11,14,10,3,1,2.03,3.8501476017100584,1,0.714500722349647
FRA,1920,Marseille,2,14,8,4,2,21,14,7,28,2,14,8,4,2,20,15,5,28,2,23,27.1,53.5,28,2520,38,28,66,34,4,6,68,3,1.36,1,2.36,1.21,2.21,308,82,114,2,41,29,12,0.43,→ Champions League via league finish,56,0,0,1,0,43,38,0,0,5,6.832738095238096,0.5813953488372093,1.5348837209302326,2.2093023255813953,0,13,5,1,0,7,459,59,1312000000,106000000,11000000,0,1195000000,32725,206000000,9809523.80952381,6500000,0.2850114591291062,0.11587471352177235,0.15031321619556914,0.48092926490984733,0.39563106796116504,11258603.514132926,21,15954545.454545455,2,20.994818528230503,1.791759469228055,0.6931471805599453,18.478949661510303,16.213405921671733,35,0,2,5,8,3,3,1,1.61,3.784189633918261,0,0.7056674567262803
FRA,2021,Marseille,5,19,10,5,4,32,23,9,35,1.84,19,6,7,6,22,24,-2,25,1.32,31,27.2,53.6,38,3420,53,45,98,49,4,7,98,9,1.39,1.18,2.58,1.29,2.47,418,153,188,1.58,54,47,7,0.18,"→ Europa League via league finish 1 1. Since Coupe de France winners Paris Saint-Germain qualified for Champions League, all European competition berths were awarded based on league position.",60,1,0,1,0,47,38,6,0,3,5.782608695652174,1.0851063829787233,2.2127659574468086,3.234042553191489,1,35,14,1,4,16,734,114,1240100000,604200000,17000000,48000000,570900000,45807,239000000,8241379.310344827,7000000,0.3863601632938197,0.1592769664025149,0.17914292575370577,0.506377146154956,0.3514644351464435,11435030.672168009,29,16090909.090909092,1.58,20.93845785927939,2.70805020110221,0.6931471805599453,20.219415828571925,16.648723960844016,46,0,9,18,18,15,4,1,2,3.871201010907891,1,0.710651623694057
FRA,2122,Marseille,2,19,9,5,5,33,22,11,32,1.68,19,12,3,4,30,16,14,39,2.05,27,25,61.7,38,3420,61,40,101,51,10,10,61,3,1.61,1.05,2.66,1.34,2.39,418,144,196,1.87,63,38,25,0.66,→ Champions League via league finish,71,1,1,0,0,56,38,14,8,4,5.200189393939394,1.1964285714285714,2.4642857142857144,3.6785714285714284,1,30,10,1,8,11,511,78,821000000,261000000,7000000,98500000,454500000,54751,272600000,11358333.333333334,10000000,0.4204672060784278,0.12003433727237858,0.23964859089331703,0.3958791880655417,0.293470286133529,15194142.572738398,24,18363636.363636363,1.87,20.526033668634728,2.3978952727983707,0.6931471805599453,19.380030969118383,15.76142084987672,55,0,11,22,28,20,5,1,1.58,4.04305126783455,0,0.8274038034659523
FRA,2223,Marseille,3,19,10,4,5,35,24,11,34,1.79,19,12,3,4,32,16,16,39,2.05,30,27.3,56.7,38,3420,61,38,99,55,6,7,63,4,1.61,1,2.61,1.45,2.45,418,163,157,1.92,67,40,27,0.71,→ Champions League via league finish,73,1,1,0,0,48,38,6,0,4,6.383200354609929,0.9583333333333334,2.1666666666666665,3.25,1,21,8,2,0,11,589,96,1064400000,194800000,90000000,0,779600000,46675,294900000,10532142.857142856,10000000,0.43854311730048207,0.10913765399035887,0.20606320299946437,0.3641791406287844,0.2271956595456087,14155001.606855918,28,17454545.454545453,1.92,20.785677098007305,2.1972245773362196,1.0986122886681098,19.08748395430618,18.31532023940565,47,0,3,10,15,7,3,1,1.87,3.8918202981106265,0,0.8109636337261203
FRA,2324,Marseille,8,17,10,6,1,31,13,18,36,2.12,17,3,5,9,21,28,-7,14,0.82,33,27.3,53.7,34,3060,50,32,82,46,4,4,61,5,1.47,0.94,2.41,1.35,2.29,374,137,169,1.47,52,41,11,0.32,NA,50,1,1,0,1,43,34,8,0,1,6.674603174603175,0.7441860465116279,1.7209302325581395,2.744186046511628,1,26,10,2,0,14,1115,166,1346500000,478000000,40000000,0,828500000,45421,227750000,8435185.185185185,9000000,0.38103520398053764,0.0318134783470201,0.183769621981022,0.38967353742326316,0.2327113062568606,11617178.177494992,27,14181818.181818182,1.47,21.020774470958592,2.3978952727983707,1.0986122886681098,19.98512129254778,17.50439003707821,42,0,3,3,6,3,2,0,1.92,3.784189633918261,0,0.8191599996951596
FRA,2425,Marseille,2,17,10,4,3,41,23,18,34,2,17,10,1,6,33,24,9,31,1.82,32,26.7,63.3,34,3060,70,49,119,62,8,10,64,6,2.06,1.44,3.5,1.82,3.26,374,147,158,1.91,74,47,27,0.79,→ Champions League via league finish,65,1,1,0,1,36,34,0,0,2,7.804761904761905,0.5555555555555556,1.4166666666666667,2.2222222222222223,0,28,12,3,2,11,997,140,1437000000,409000000,620000000,20000000,388000000,33491,310550000,11091071.42857143,8000000,0.4576154787853453,0.029769191723149502,0.19829207846884236,0.47463601444441883,0.30590887135726935,16639264.27995581,28,21000000,1.91,21.085823444739194,2.5649493574615367,1.3862943611198906,19.829225716452065,20.245230037616313,35,0,0,1,1,0,1,0,1.47,3.6109179126442243,0,0.7923459180931338
FRA,1617,Metz,14,19,7,7,5,27,34,-7,28,1.47,19,4,3,12,12,38,-26,15,0.79,31,26.5,42.4,38,3420,37,22,59,29,8,9,75,NA,0.97,0.58,1.55,0.76,1.34,418,105,161,1.13,39,72,-33,-0.87,NA,43,0,0,0,0,42,38,0,0,4,6.830284552845528,0.8333333333333334,1.7380952380952381,2.5,0,15,3,2,0,10,528,84,57350000,10400000,14100000,0,32850000,40057,32200000,1238461.5384615385,1000000,0.37606410864518064,0.1586239608557805,0.19726889182914348,0.3907071189679885,0.2950310559006211,1593076.116533939,26,2068181.8181818181,1.13,17.864683418976444,1.3862943611198906,1.0986122886681098,16.15731646026544,16.46168542627038,41,0,1,7,12,4,2,0,NA,3.7612001156935624,0,0.770278561840586
FRA,1718,Metz,20,19,3,4,12,16,37,-21,13,0.68,19,3,4,12,18,39,-21,13,0.68,36,27.4,45.5,38,3420,33,27,60,30,3,4,80,7,0.87,0.71,1.58,0.79,1.5,418,102,157,0.68,34,76,-42,-1.11,Relegated,26,0,0,0,0,43,38,0,0,5,6.834325396825397,0.8372093023255814,1.8372093023255813,2.627906976744186,0,7,1,0,0,6,275,41,24100000,2500000,0,0,21600000,42834,49400000,1543750,1250000,0.27132651631881216,0.13979548956436474,0.14367091562777234,0.3819585020242915,0.25303643724696356,1734755.1010879208,32,2772727.272727273,0.68,16.997722439954657,0.6931471805599453,0,14.731801689838349,0,42,0,0,5,10,4,2,0,1.13,3.784189633918261,0,0.6256493807202337
FRA,1920,Metz,15,14,5,4,5,18,17,1,19,1.36,14,3,6,5,9,18,-9,15,1.07,24,25.9,45.3,28,2520,27,20,47,25,2,4,45,4,0.96,0.71,1.68,0.89,1.61,308,77,119,1.21,27,35,-8,-0.29,NA,34,0,0,1,0,40,38,0,0,2,7.19758064516129,0.675,1.375,1.925,0,5,0,1,0,4,1183,120,119450000,0,4800000,0,114650000,29311,51500000,2340909.090909091,1600000,0.29661219337450107,0.14434853809150147,0.20183548838320084,0.4451897616946161,0.3883495145631068,2992693.869195865,22,3781818.1818181816,1.21,18.598408440107796,0,0.6931471805599453,0,15.38412668421143,31,0,1,5,7,4,1,0,0.68,3.713572066704308,0,0.7913373211815989
FRA,2021,Metz,10,19,5,5,9,19,26,-7,20,1.05,19,7,6,6,25,22,3,27,1.42,27,25.7,45.2,38,3420,42,28,70,35,7,11,84,4,1.11,0.74,1.84,0.92,1.66,418,133,205,1.24,44,48,-4,-0.11,NA,47,1,0,1,0,41,38,0,0,3,6.65625,0.8048780487804879,1.7804878048780488,2.7560975609756095,0,14,2,1,0,11,1093,145,546050000,133500000,261000000,0,151550000,40864,101000000,3607142.8571428573,2650000,0.360512920908379,0.12252838684416602,0.06139878621769773,0.42379773691654865,0.2871287128712871,4257025.743931089,28,6500000,1.24,20.118221106439346,1.0986122886681098,0.6931471805599453,18.709612043295216,19.380030969118383,40,0,2,9,12,6,2,0,1.21,3.7376696182833684,0,0.6549270375278597
FRA,2122,Metz,19,19,3,7,9,21,31,-10,16,0.84,19,3,6,10,14,38,-24,15,0.79,36,25.9,42.9,38,3420,33,24,57,32,1,1,94,9,0.87,0.63,1.5,0.84,1.47,418,146,191,0.82,35,69,-34,-0.89,Relegated,31,1,1,0,0,39,38,0,0,1,7.530701754385965,0.717948717948718,1.564102564102564,2.358974358974359,0,22,5,4,2,11,1220,130,425300000,150000000,87000000,42000000,146300000,37242,84600000,2488235.294117647,2000000,0.4178347027549541,0.18591912357016271,0.17614521239460823,0.41447642886942027,0.3191489361702128,3371569.733097041,34,4745454.545454546,0.82,19.868305362575143,1.791759469228055,1.6094379124341003,18.826145858727198,18.28141868811311,38,0,0,2,6,1,1,0,1.24,3.6888794541139363,0,0.7104840433729396
FRA,2324,Metz,16,17,3,3,11,17,27,-10,12,0.71,17,5,2,10,18,31,-13,17,1,30,26.5,35.6,34,3060,35,25,60,31,4,6,54,3,1.03,0.74,1.76,0.91,1.65,374,138,168,0.85,35,58,-23,-0.68,→ French 1/2 Relegation/Promotion play-offs,29,1,1,0,1,37,34,0,0,3,8.166570216049383,0.4594594594594595,1.3243243243243243,2,0,13,6,0,0,7,446,46,96500000,61000000,0,0,35500000,34835,48750000,1681034.4827586208,1000000,0.3588345055260514,0.2083536672886465,0.1351227214008899,0.4375596816976126,0.3487179487179487,2083357.2556337018,29,3045454.5454545454,0.85,18.385053576671908,1.9459101490553132,0,17.926384438531027,0,36,0,1,2,2,0,1,0,0.82,3.6375861597263857,0,0.6840874570737528
ENG,1617,Middlesbrough,19,19,4,6,9,17,23,-6,18,0.95,19,1,7,11,10,30,-20,10,0.53,27,27.3,47.3,38,3420,26,22,48,24,2,2,79,1,0.68,0.58,1.26,0.63,1.21,418,94,172,0.74,27,53,-26,-0.68,Relegated,28,0,0,0,0,43,38,0,0,5,6.690476190476191,0.7906976744186046,1.7209302325581395,2.7906976744186047,0,12,4,0,0,8,619,91,353500000,76000000,0,0,277500000,42798,121750000,3927419.35483871,3000000,0.3453432403383336,0.10287863918874714,0.1286041403803916,0.441279724448566,0.2792607802874743,4998370.250946306,31,7636363.636363637,0.74,19.683394046129756,1.6094379124341003,0,18.1462439114085,0,42,1,3,7,10,4,1,0,NA,3.784189633918261,0,0.6545484852429686
ITA,1516,Milan,7,19,9,6,4,28,22,6,33,1.74,19,6,6,7,21,21,0,24,1.26,30,26.4,52.9,38,3420,49,28,77,43,6,7,96,0,1.29,0.74,2.03,1.13,1.87,418,104,345,1.5,49,43,6,0.16,NA,57,0,0,0,0,45,38,0,0,7,6.317945075757576,0.7777777777777778,1.8666666666666667,2.8444444444444446,0,44,11,2,0,31,1254,215,1703100000,389500000,29500000,0,1284100000,44237,195000000,6724137.931034483,5000000,0.35384406718357936,0.11680267649252887,0.23466781201256867,0.47881520778072506,0.3282051282051282,9834460.971584873,29,12818181.818181818,1.5,21.25571595739623,2.4849066497880004,1.0986122886681098,19.78037442584247,17.19990085520835,44,0,1,8,11,1,2,0,NA,3.828641396489095,0,0.7672274516839263
ITA,1617,Milan,6,19,12,2,5,32,20,12,38,2,19,6,7,6,25,25,0,25,1.32,28,25,54.1,38,3420,55,39,94,48,7,12,98,9,1.45,1.03,2.47,1.26,2.29,418,114,327,1.66,57,45,12,0.32,→ Europa League via league finish,63,0,0,0,0,41,38,0,0,3,6.996875,0.7073170731707317,1.5853658536585367,2.5365853658536586,0,36,16,1,0,19,1390,203,1822500000,1084000000,115500000,0,623000000,40134,234000000,9000000,6000000,0.36599890367269644,0.1147904519858474,0.20344346439427916,0.4097633136094674,0.3162393162393162,11795896.247570638,26,15409090.909090908,1.66,21.323475022395783,2.833213344056216,0.6931471805599453,20.803923740886376,18.56478109658413,40,0,0,2,4,0,1,0,1.5,3.7376696182833684,0,0.7655153906977995
ITA,1718,Milan,6,19,10,5,4,25,16,9,35,1.84,19,8,5,6,31,26,5,29,1.53,24,25,56,38,3420,54,28,82,50,4,6,75,NA,1.42,0.74,2.16,1.32,2.05,418,107,334,1.68,56,42,14,0.37,"→ Europa League via league finish 1 1. Since Coppa Italia winners Juventus qualified for Champions League, all Europa League berths were awarded based on league position.",64,0,0,0,0,57,38,14,0,5,5.301339285714286,1.105263157894737,2.245614035087719,3.491228070175439,1,37,15,1,0,21,1004,181,2293300000,709300000,8000000,0,1576000000,50535,368775000,13658333.333333334,12500000,0.46524191154645295,0.039536954585930546,0.2454140694568121,0.5252475036218511,0.3118432648633991,22868573.26605323,27,27000000,1.68,21.55325766567025,2.772588722239781,0.6931471805599453,20.379789127582157,15.894952224644102,56,0,9,21,26,16,3,1,1.66,4.060443010546419,1,0.8469841950390085
ITA,1819,Milan,5,19,12,4,3,31,17,14,40,2.11,19,7,7,5,24,19,5,28,1.47,23,24.8,54.1,38,3420,51,35,86,48,3,4,82,5,1.34,0.92,2.26,1.26,2.18,418,104,334,1.79,55,36,19,0.5,Ineligible for continental competition 1 1. Milan were excluded from European competition for breaching financial regulations.,68,0,0,0,0,49,38,6,0,5,5.708333333333333,0.9183673469387755,2.0408163265306123,3.204081632653061,1,28,7,2,0,19,1103,182,3584000000,841000000,380000000,0,2363000000,45152,515000000,20600000,20000000,0.3647678951098512,0.1386206591070163,0.19040131112686037,0.4337087378640776,0.2815533980582524,27183469.17080085,25,35545454.54545455,1.79,21.99974533233811,2.0794415416798357,1.0986122886681098,20.550102219126284,19.755681813316283,48,0,7,10,17,9,3,1,1.68,3.912023005428146,0,0.7647523296133231
ITA,1920,Milan,6,19,9,6,4,31,20,11,33,1.74,19,10,3,6,32,26,6,33,1.74,32,24.6,54.9,38,3420,60,38,98,52,8,9,97,6,1.58,1,2.58,1.37,2.37,418,128,302,1.74,63,46,17,0.45,→ Europa League via league finish,66,0,0,1,0,42,38,0,0,4,8.3442581300813,0.8571428571428571,2.0238095238095237,2.9523809523809526,0,38,17,0,1,20,1074,154,1903750000,966400000,0,0,937350000,40854,381350000,12711666.666666666,9500000,0.38637587506731286,0.0793802320458217,0.24670778871101973,0.48525414099034125,0.30811590402517375,19946996.622117784,30,25136363.636363637,1.74,21.367091462698923,2.8903717578961645,0,20.68908838617959,0,41,0,3,10,11,5,5,1,1.79,3.7612001156935624,0,0.7935514026882301
ITA,2021,Milan,2,19,8,6,5,31,24,7,30,1.58,19,16,1,2,43,17,26,49,2.58,29,24.4,51.7,38,3420,72,47,119,57,15,20,83,4,1.89,1.24,3.13,1.5,2.74,418,156,277,2.08,74,41,33,0.87,→ Champions League via league finish,79,1,0,1,0,53,38,13,0,2,4.770633012820513,1.169811320754717,2.5283018867924527,3.811320754716981,1,67,28,0,9,30,1087,261,4776900000,2604000000,0,544500000,1628400000,49454,506550000,18091071.42857143,10000000,0.40833906256319,0.06169369515104946,0.23389412383224814,0.5105510667399917,0.3257328990228013,27451163.70768795,28,36363636.36363637,2.08,22.287057637704105,3.367295829986474,0,21.68031456167676,0,52,0,11,22,26,18,5,1,1.74,3.9889840465642745,1,0.7549070019614186
ITA,2122,Milan,1,19,12,4,3,28,12,16,40,2.11,19,14,4,1,41,19,22,46,2.42,28,25.6,54,38,3420,66,39,105,61,5,8,76,3,1.74,1.03,2.76,1.61,2.63,418,173,251,2.26,69,31,38,1,→ Champions League via league finish,86,1,1,0,0,48,38,6,0,4,5.78479609929078,0.9583333333333334,2.0416666666666665,3.125,1,65,22,1,9,33,1231,249,3727800000,1599500000,186000000,525800000,1416500000,47735,526850000,18167241.379310343,9000000,0.4561013931077825,0.11088299989525506,0.21127055619566357,0.5532491417762695,0.332162854702477,29477013.721587934,29,38727272.72727273,2.26,22.03908408453023,3.1354942159291497,0.6931471805599453,21.192956917979043,19.04125723705382,47,0,5,12,16,7,3,1,2.08,3.8918202981106265,1,0.7611435468015664
ITA,2223,Milan,4,19,13,4,2,41,20,21,43,2.26,19,7,6,6,23,23,0,27,1.42,30,26,55.6,38,3420,61,49,110,56,5,5,90,2,1.61,1.29,2.89,1.47,2.76,418,183,321,1.84,64,43,21,0.55,→ Champions League via league finish,70,1,1,0,0,52,38,12,0,2,5.786356209150327,1.0192307692307692,2.3461538461538463,3.5576923076923075,1,61,27,0,0,34,1814,310,5390000000,3027000000,0,0,2363000000,51692,544000000,18133333.333333332,9250000,0.4617155459258686,0.09163893832701385,0.2185251102685135,0.5678799019607843,0.36764705882352944,29336255.12651861,30,39727272.72727273,1.84,22.407811222052846,3.332204510175204,0,21.830837867316355,0,51,0,7,15,22,10,3,1,2.26,3.970291913552122,1,0.7384412045576767
ITA,2324,Milan,2,19,12,4,3,38,17,21,40,2.11,19,10,5,4,38,32,6,35,1.84,35,26.6,56.9,38,3420,76,56,132,70,6,8,82,8,2,1.47,3.47,1.84,3.32,418,176,264,1.97,76,49,27,0.71,→ Champions League via league finish,75,1,1,0,0,52,38,12,0,2,5.450980392156863,1.0384615384615385,2.1346153846153846,3.326923076923077,1,48,31,0,0,17,1457,298,4818600000,3986500000,0,0,832100000,51054,559550000,16956060.606060605,10000000,0.5043287499510323,0.15855760567242527,0.21882712422141262,0.5630552689796726,0.3395585738539898,28754486.42613703,33,38181818.18181818,1.97,22.295749266594274,3.4657359027997265,0,22.106179490157672,0,51,0,6,13,21,10,3,1,1.84,3.970291913552122,1,0.7530936921131127
ITA,2425,Milan,8,19,9,7,3,30,16,14,34,1.79,19,9,2,8,31,27,4,29,1.53,35,25.6,53.9,38,3420,59,43,102,55,4,8,70,6,1.55,1.13,2.68,1.45,2.58,418,166,282,1.66,61,43,18,0.47,NA,63,1,1,0,0,55,38,10,0,7,5.185185185185185,1.0363636363636364,2.3636363636363638,3.6545454545454548,1,56,24,3,0,29,1381,266,2863500000,1819000000,62000000,0,982500000,52799,531600000,16109090.909090908,11000000,0.5207106195193091,0.042784901229189945,0.22153828670997558,0.5164055908976903,0.33860045146726864,28003515.218091253,33,34181818.18181818,1.66,21.775310490147408,3.2188758248682006,1.3862943611198906,21.32155273703215,17.9426449591384,54,0,6,17,26,12,8,1,1.97,4.02535169073515,1,0.8192517749973506
FRA,1516,Monaco,3,19,10,6,3,30,19,11,36,1.89,19,7,8,4,27,31,-4,29,1.53,31,26.1,48.1,38,3420,54,36,90,48,6,8,86,0,1.42,0.95,2.37,1.26,2.21,418,110,157,1.71,57,50,7,0.18,→ Champions League via league finish,65,0,0,0,0,52,38,10,0,4,5.706495098039215,0.9230769230769231,2.1153846153846154,3.3076923076923075,1,33,17,2,0,14,1713,339,2331500000,815500000,25000000,0,1491000000,44949,174300000,5810000,4000000,0.28378829339918576,0.20645620592226746,0.1481679236467997,0.4642570281124496,0.2868617326448652,6737578.14411889,30,11454545.454545455,1.71,21.569777674641557,2.8903717578961645,1.0986122886681098,20.519311981251583,17.034386422832473,51,0,7,16,18,10,4,1,NA,3.970291913552122,0,0.5882012665500618
FRA,1617,Monaco,1,19,17,1,1,63,13,50,52,2.74,19,13,4,2,44,18,26,43,2.26,29,25,51.9,38,3420,103,62,165,92,11,11,53,1,2.71,1.63,4.34,2.42,4.05,418,112,154,2.5,107,31,76,2,→ Champions League via league finish,95,0,0,0,0,63,38,16,0,9,4.789986559139785,1.126984126984127,2.507936507936508,3.857142857142857,1,26,8,6,0,12,782,151,1548500000,456000000,270000000,0,822500000,55438,282700000,10096428.57142857,5500000,0.4582777156463076,0.06789566723186262,0.18557668025542046,0.5486002324523724,0.3537318712415989,15889579.349904398,28,21000000,2.5,21.16055255802332,2.1972245773362196,1.9459101490553132,19.93800336967164,19.413932520666354,62,0,10,22,33,16,7,1,1.71,4.1588830833596715,1,0.7566466357097332
FRA,1718,Monaco,2,19,15,3,1,47,17,30,48,2.53,19,9,5,5,38,28,10,32,1.68,32,25.8,50.9,38,3420,83,56,139,76,7,8,71,4,2.18,1.47,3.66,2,3.47,418,111,155,2.11,85,45,40,1.05,→ Champions League via league finish,80,0,0,0,0,51,38,6,0,7,5.880833333333333,0.9803921568627451,2,3.1372549019607843,1,48,22,2,2,22,1564,281,3519500000,1561500000,337000000,53000000,1568000000,50311,526250000,16975806.451612905,10000000,0.3436226670111904,0.17632326926517064,0.1413607362207072,0.5640027584093172,0.43705463182897863,19503592.653694022,31,36545454.54545455,2.11,21.981584771296593,3.1354942159291497,1.0986122886681098,21.16891273532782,19.635593491283995,50,0,4,13,19,10,4,1,2.5,3.9512437185814275,1,0.5336803959966026
FRA,1819,Monaco,17,19,4,6,9,19,29,-10,18,0.95,19,4,6,9,19,28,-9,18,0.95,42,25.6,49.8,38,3420,38,25,63,34,4,5,92,6,1,0.66,1.66,0.89,1.55,418,102,163,0.95,38,57,-19,-0.5,NA,36,0,0,0,0,50,38,6,0,6,5.980513038548753,0.92,2.02,3.06,1,50,27,6,1,16,3055,561,4461750000,2142750000,508000000,1000000,1810000000,48293,316900000,7202272.7272727275,5000000,0.38599797072039427,0.12631230198993643,0.15507423436108753,0.514673398548438,0.27769012306721363,11215240.303977802,44,17090909.09090909,0.95,22.218806902924527,3.332204510175204,1.9459101490553132,21.485355888209956,20.04599200751126,49,0,5,14,21,11,4,1,2.11,3.9318256327243257,1,0.6562108688497651
FRA,1920,Monaco,9,14,8,2,4,29,22,7,26,1.86,14,3,5,6,15,22,-7,14,1,28,26,50.9,28,2520,44,29,73,40,4,4,61,10,1.57,1.04,2.61,1.43,2.46,308,76,117,1.43,44,44,0,0,NA,40,0,0,1,0,43,38,0,0,5,6.850297619047619,0.627906976744186,1.441860465116279,2.2325581395348837,0,14,5,1,1,7,221,39,442900000,123000000,8000000,16000000,295900000,31043,278500000,10314814.814814815,6500000,0.3774764036980962,0.0921302709145379,0.21982411493734497,0.41473502227541736,0.30700179533213645,13879341.558483394,27,18090909.09090909,1.43,19.908854571151274,1.791759469228055,0.6931471805599453,18.627694921466773,15.894952224644102,35,0,1,6,10,4,3,1,0.95,3.784189633918261,0,0.7671997846397857
FRA,2021,Monaco,3,19,12,5,2,43,21,22,41,2.16,19,12,1,6,33,21,12,37,1.95,30,24.8,55.8,38,3420,76,52,128,64,12,15,78,7,2,1.37,3.37,1.68,3.05,418,180,160,2.05,76,42,34,0.89,→ Champions League via league finish,78,1,0,1,0,44,38,0,0,6,6.3565891472868215,0.8409090909090909,1.75,2.8181818181818183,0,39,9,3,10,17,963,154,2114000000,748000000,168000000,332000000,866000000,43519,360600000,12434482.75862069,10000000,0.3728945977618971,0.10331119740802867,0.21958225143040971,0.41495974142712333,0.2634498058790904,17583172.8670236,29,22636363.636363637,2.05,21.471847724867494,2.302585092994046,1.3862943611198906,20.43291353727565,18.939474543319914,43,0,2,9,14,7,2,0,1.43,3.8066624897703196,0,0.7767666728403999
FRA,2122,Monaco,3,19,12,4,3,38,16,22,40,2.11,19,8,5,6,27,24,3,29,1.53,27,24.4,54.1,38,3420,62,45,107,53,9,9,85,4,1.63,1.18,2.82,1.39,2.58,418,168,173,1.82,65,40,25,0.66,→ Champions League via league finish,69,1,1,0,0,55,38,12,0,5,5.390432098765432,0.9636363636363636,2.1818181818181817,3.309090909090909,1,43,13,2,15,13,1013,192,2507000000,1024000000,605000000,323000000,555000000,49688,380350000,12678333.333333334,9000000,0.4160159394622444,0.016643857671872483,0.16273546932861052,0.4828316024714079,0.3023530958327856,19538834.32619546,30,24545454.545454547,1.82,21.64235265652145,2.6390573296152584,1.0986122886681098,20.74698236454029,20.220739017648008,54,0,7,16,23,9,4,1,2.05,4.02535169073515,0,0.7960265836598149
FRA,2223,Monaco,6,19,9,3,7,37,33,4,30,1.58,19,10,5,4,33,25,8,35,1.84,27,24.7,48.2,38,3420,69,47,116,64,5,8,64,5,1.82,1.24,3.05,1.68,2.92,418,155,187,1.71,70,58,12,0.32,NA,65,1,1,0,0,49,38,10,0,1,6.355034722222222,0.9591836734693877,2.0408163265306123,3.122448979591837,1,31,8,0,4,19,617,109,1362000000,399000000,0,90000000,873000000,46566,351800000,13029629.629629629,8000000,0.3818880728428467,0.067882145771593,0.17824163552806768,0.420398795611985,0.28425241614553726,17871421.208607137,27,23727272.727272727,1.71,21.032220045407946,2.1972245773362196,0,19.804471977360404,0,48,0,9,10,16,10,3,1,1.82,3.912023005428146,0,0.7532016601328678
FRA,2324,Monaco,2,17,10,3,4,30,14,16,33,1.94,17,10,4,3,38,28,10,34,2,30,25,53.6,34,3060,66,45,111,64,2,5,79,8,1.94,1.32,3.26,1.88,3.21,374,125,181,1.97,68,42,26,0.76,→ Champions League via league finish,67,1,1,0,1,37,34,0,0,3,7.784722222222222,0.5135135135135135,1.3243243243243243,2.108108108108108,0,29,10,3,2,14,1695,223,3277200000,886000000,1073200000,55000000,1263000000,36780,380800000,12693333.333333334,10000000,0.4228384991843393,0.07234910277324633,0.19744426318651442,0.4210259103641456,0.23634453781512604,17426188.145731375,30,23636363.636363637,1.97,21.910255236537072,2.3978952727983707,1.3862943611198906,20.60222750969802,20.793910677447535,36,0,0,2,3,0,1,0,1.71,3.6375861597263857,0,0.7372618061655581
FRA,2425,Monaco,3,17,12,3,2,38,16,22,39,2.29,17,6,4,7,25,25,0,22,1.29,28,24.4,55,34,3060,63,49,112,57,6,7,60,4,1.85,1.44,3.29,1.68,3.12,374,153,152,1.79,63,41,22,0.65,→ Champions League via league finish,61,1,1,0,1,47,34,10,0,3,5.934782608695652,0.8936170212765957,1.9787234042553192,3.0851063829787235,1,29,15,1,4,9,901,156,2487000000,1302000000,20000000,87000000,1078000000,46083,399100000,14253571.42857143,13500000,0.4032289564481479,0.1039645856389558,0.16270642102293686,0.4138687045853169,0.26309195690303183,19361348.002517197,28,24818181.818181816,1.79,21.63434300216977,2.772588722239781,0.6931471805599453,20.98716738150084,16.811242881518265,46,0,4,7,14,5,3,1,1.97,3.871201010907891,0,0.7801275751930007
FRA,1516,Montpellier,12,19,9,0,10,26,23,3,27,1.42,19,5,7,7,23,24,-1,22,1.16,30,27.1,49.8,38,3420,46,34,80,44,2,2,62,0,1.21,0.89,2.11,1.16,2.05,418,106,158,1.29,49,47,2,0.05,NA,49,0,0,0,0,41,38,0,0,3,7,0.8048780487804879,1.7073170731707317,2.6097560975609757,0,9,3,0,0,6,804,120,243500000,18000000,0,0,225500000,36795,38200000,1317241.3793103448,1000000,0.3735018344883816,0.18964533224622912,0.12045114825383883,0.46596858638743455,0.3010471204188482,1682633.50998777,29,2545454.5454545454,1.29,19.310627504593693,1.3862943611198906,0,16.705882371415992,0,40,0,3,4,6,3,2,0,NA,3.7376696182833684,0,0.6610345932094811
FRA,1617,Montpellier,15,19,8,5,6,28,22,6,29,1.53,19,2,4,13,20,44,-24,10,0.53,32,26.8,49.4,38,3420,48,30,78,45,3,3,48,2,1.26,0.79,2.05,1.18,1.97,418,101,150,1.03,48,66,-18,-0.47,NA,39,0,0,0,0,41,38,0,0,3,7.001041666666667,0.7317073170731707,1.7317073170731707,2.4878048780487805,0,9,1,1,0,7,442,68,218000000,5000000,67500000,0,145500000,37881,56950000,1963793.103448276,1000000,0.3647211002877432,0.1780312029777461,0.20342651989123836,0.5756410644546033,0.4828797190517998,2905605.7126263827,29,4068181.8181818184,1.03,19.20000562534052,0.6931471805599453,0.6931471805599453,15.424948670398354,18.02763817065757,40,0,3,5,7,4,2,0,1.29,3.7376696182833684,1,0.7142271025450326
FRA,1718,Montpellier,10,19,5,9,5,20,19,1,24,1.26,19,6,9,4,16,14,2,27,1.42,23,26.4,47,38,3420,36,28,64,36,0,2,72,1,0.95,0.74,1.68,0.95,1.68,418,110,155,1.34,36,33,3,0.08,NA,51,0,0,0,0,45,38,0,0,7,6.523674242424242,0.9777777777777777,1.8888888888888888,2.8666666666666667,0,7,4,0,1,2,121,22,39400000,31300000,0,700000,7400000,44824,69700000,2904166.6666666665,1500000,0.4260887024808139,0.13271907906478672,0.20207924326253793,0.5805236728837875,0.45911047345767575,4343139.835802249,24,5545454.545454546,1.34,17.489276399648872,1.6094379124341003,0,17.259128687459263,0,44,0,5,6,10,8,5,1,1.03,3.828641396489095,1,0.7831891507184382
FRA,1819,Montpellier,6,19,8,8,3,31,20,11,32,1.68,19,7,6,6,22,22,0,27,1.42,25,28,48,38,3420,50,28,78,47,3,3,61,4,1.32,0.74,2.05,1.24,1.97,418,107,156,1.55,53,42,11,0.29,NA,59,0,0,0,0,40,38,0,0,2,7.3344907407407405,0.775,1.55,2.425,0,10,3,1,0,6,157,26,123000000,56000000,18000000,0,49000000,39413,104100000,4003846.153846154,1750000,0.45733641184380786,0.1853449369497374,0.2492832314211047,0.5786226261730583,0.39865513928914503,6776524.243269987,26,8227272.7272727275,1.55,18.627694921466773,1.3862943611198906,0.6931471805599453,17.840862266556567,16.705882371415992,39,0,1,4,8,1,1,0,1.34,3.713572066704308,1,0.8236659301212139
FRA,1920,Montpellier,8,14,10,2,2,26,10,16,32,2.29,14,1,5,8,9,24,-15,8,0.57,27,28.5,47.6,28,2520,33,19,52,31,2,5,57,5,1.18,0.68,1.86,1.11,1.79,308,74,121,1.43,35,34,1,0.04,NA,40,0,0,1,0,43,38,0,0,5,6.797023809523809,0.627906976744186,1.4651162790697674,2.255813953488372,0,7,1,1,1,4,532,48,211900000,14000000,72000000,0,125900000,32608,80200000,3084615.3846153845,1900000,0.40508464180569187,0.17937315996074582,0.219547350343474,0.5473815461346632,0.3491271820448878,4706627.208047105,26,6154545.454545454,1.43,19.171625027957734,0.6931471805599453,0.6931471805599453,16.454567959008102,18.09217669086922,35,0,3,3,8,3,2,0,1.55,3.784189633918261,1,0.7647400190327646
FRA,2021,Montpellier,8,19,7,4,8,34,35,-1,25,1.32,19,7,8,4,26,27,-1,29,1.53,25,28,45.7,38,3420,60,42,102,58,2,5,65,7,1.58,1.11,2.68,1.53,2.63,418,162,177,1.42,60,62,-2,-0.05,NA,54,1,0,1,0,43,38,0,0,5,6.361111111111111,0.813953488372093,1.7674418604651163,2.813953488372093,0,16,4,2,3,7,647,76,472600000,118000000,145000000,50000000,159600000,42445,111900000,4662500,3400000,0.35841677464954647,0.1847567440216751,0.20841088467428437,0.5037607983318437,0.3753351206434316,6196193.897985629,24,8500000,1.42,19.973759924833036,1.6094379124341003,1.0986122886681098,18.586195190904515,18.7922443072814,42,0,2,10,13,4,2,0,1.43,3.784189633918261,1,0.7289639879983093
FRA,2122,Montpellier,13,19,7,5,7,27,26,1,26,1.37,19,5,2,12,22,35,-13,17,0.89,27,25.8,48.2,38,3420,48,31,79,45,3,4,77,8,1.26,0.82,2.08,1.18,2,418,162,168,1.13,49,61,-12,-0.32,NA,43,1,1,0,0,41,38,0,0,3,7.150260416666667,0.6585365853658537,1.6829268292682926,2.4146341463414633,0,6,2,0,0,4,374,48,285000000,111000000,0,0,174000000,40378,141900000,5255555.555555556,4500000,0.26182574669374414,0.07949873693595522,0.06345039377879043,0.4578863571111633,0.30303030303030304,6036100.104017039,27,9590909.090909092,1.13,19.467999741741696,1.0986122886681098,0,18.525040768285617,0,40,0,1,7,9,3,1,0,1.42,3.7376696182833684,0,0.6293564089496438
FRA,2223,Montpellier,12,19,7,3,9,29,29,0,24,1.26,19,8,2,9,36,33,3,26,1.37,31,26,45.8,38,3420,64,41,105,57,7,7,68,10,1.68,1.08,2.76,1.5,2.58,418,170,166,1.32,65,62,3,0.08,NA,50,1,1,0,0,39,38,0,0,1,7.901315789473684,0.717948717948718,1.5897435897435896,2.4358974358974357,0,13,9,1,1,2,674,88,259300000,145300000,46000000,5000000,63000000,38328,135500000,4370967.741935484,2500000,0.3728605719056564,0.059956167814652475,0.16241390106449594,0.5586239733365075,0.3985239852398524,6844280.943435608,31,9318181.818181818,1.32,19.37349625436543,2.302585092994046,0.6931471805599453,18.794311135422824,17.6441519761925,38,0,0,2,6,2,1,0,1.13,3.6888794541139363,1,0.7345081988077238
FRA,2324,Montpellier,12,17,3,9,5,20,23,-3,18,1.06,17,7,3,7,23,25,-2,24,1.41,31,26.1,44.6,34,3060,41,26,67,34,7,7,68,4,1.21,0.76,1.97,1,1.76,374,140,163,1.24,43,48,-5,-0.15,1-point deduction 1 1. Montpellier were ded+W898+G894:W895+F894:W895+W898+G894:W895+E894:W895+W898+G894:W895+D894:W895+W898+G894:W895,42,1,1,0,1,37,34,0,0,3,7.784722222222222,0.6486486486486487,1.4054054054054055,2.2432432432432434,0,34,12,0,1,21,990,107,368300000,179700000,0,1800000,186800000,34092,101950000,3641071.4285714286,2500000,0.43555672885134344,0.04748914701396222,0.23020063357972545,0.47157219925733895,0.28445316331535064,5423954.3001290625,28,6954545.454545454,1.24,19.72440838413047,2.5649493574615367,0,19.006799357318616,0,36,0,0,2,5,1,1,0,1.32,3.6375861597263857,0,0.779914997404179
FRA,2425,Montpellier,18,17,3,4,10,17,41,-24,13,0.76,17,1,0,16,6,38,-32,3,0.18,35,26.1,45.3,34,3060,23,13,36,20,3,4,87,7,0.68,0.38,1.06,0.59,0.97,374,151,147,0.47,23,79,-56,-1.65,Relegated,16,1,1,0,1,35,34,0,0,1,8.004901960784315,0.5428571428571428,1.4,2.1142857142857143,0,38,15,0,1,22,1682,183,318700000,89400000,0,0,229300000,34144,60750000,1786764.705882353,1250000,0.3337043111527648,0.06153350515463918,0.12664011246485474,0.5078431372549022,0.27983539094650206,2518568.4161199625,34,3909090.909090909,0.47,19.579760782525312,2.772588722239781,0,18.308631251329423,0,34,0,0,0,0,0,0,0,1.24,3.58351893845611,1,0.644284943658595
ITA,2223,Monza,11,19,7,5,7,25,22,3,26,1.37,19,7,5,7,23,30,-7,26,1.37,31,26.6,55.2,38,3420,46,31,77,41,5,6,90,4,1.21,0.82,2.03,1.08,1.89,418,188,363,1.37,48,52,-4,-0.11,NA,52,1,1,0,0,41,38,0,0,3,7.524739583333333,0.7073170731707317,1.7073170731707317,2.6341463414634148,0,34,8,2,0,24,752,95,533300000,65800000,40000000,0,427500000,40565,133350000,4445000,2650000,0.42519413287316654,0.06619006532725255,0.19866880315542956,0.5380702412198475,0.35995500562429694,6918928.879575989,30,9454545.454545455,1.37,20.094594677445947,2.1972245773362196,1.0986122886681098,18.002130411493113,17.50439003707821,40,0,3,4,5,1,1,0,NA,3.7376696182833684,1,0.731809785339768
ITA,2324,Monza,12,19,6,6,7,23,26,-3,24,1.26,19,5,6,8,16,25,-9,21,1.11,31,26.8,53.5,38,3420,38,29,67,34,4,5,88,5,1,0.76,1.76,0.89,1.66,418,189,336,1.18,39,51,-12,-0.32,NA,45,1,1,0,0,39,38,0,0,1,7.522752192982456,0.5384615384615384,1.358974358974359,2.282051282051282,0,37,4,1,0,32,1195,154,591200000,58800000,124000000,0,408400000,37277,135200000,4506666.666666667,3500000,0.40676556589854335,0.08659495131045954,0.24148939024063096,0.5195266272189347,0.3772189349112426,6946302.0092818625,30,9045454.545454545,1.18,20.19766492928974,1.6094379124341003,0.6931471805599453,17.889652429875657,18.635792131633828,38,0,0,0,0,0,1,0,1.37,3.6888794541139363,1,0.7679328854482461
ITA,2425,Monza,20,19,1,5,13,13,31,-18,8,0.42,19,2,4,13,15,38,-23,10,0.53,36,26.8,48.5,38,3420,27,18,45,24,3,3,90,3,0.71,0.47,1.18,0.63,1.11,418,172,310,0.47,28,69,-41,-1.08,Relegated,18,1,1,0,0,41,38,0,0,3,7.199479166666666,0.6097560975609756,1.4878048780487805,2.317073170731707,0,59,13,0,0,46,2078,236,586900000,103000000,0,0,483900000,40006,87125000,2489285.714285714,1500000,0.3132530120481928,0.14245363195520672,0.14482827575863622,0.4713916786226686,0.30416068866571017,3191491.2763085538,35,5327272.7272727275,0.47,20.19036500723243,2.6390573296152584,0,18.450239555902648,0,40,0,0,4,4,1,1,0,1.18,3.7376696182833684,0,0.5990853931637217
ESP,1516,Málaga,8,19,8,6,5,26,15,11,30,1.58,19,4,6,9,12,20,-8,18,0.95,30,28,48.8,38,3420,37,27,64,35,2,4,110,5,0.97,0.71,1.68,0.92,1.63,418,112,154,1.26,38,35,3,0.08,NA,48,0,0,0,0,40,38,0,0,2,6.8627136752136755,0.625,1.675,2.55,0,31,15,0,0,16,876,132,404800000,185800000,0,0,219000000,38915,73750000,2731481.4814814813,1800000,0.2988050880123346,0.1424386483361172,0.11848901451882307,0.43259259259259264,0.3525423728813559,2860535.78311705,27,4863636.363636363,1.26,19.818903678407885,2.772588722239781,0,19.040181389726143,0,39,0,3,7,9,2,1,0,NA,3.713572066704308,0,0.58814754419229065
ESP,1617,Málaga,11,19,10,2,7,32,25,7,32,1.68,19,2,8,9,17,30,-13,14,0.74,29,26,48.4,38,3420,48,33,81,45,3,5,116,7,1.26,0.87,2.13,1.18,2.05,418,112,153,1.21,49,55,-6,-0.16,NA,46,0,0,0,0,40,38,0,0,2,7.050480769230769,0.65,1.675,2.4,0,28,9,2,0,17,1488,218,501400000,190000000,30000000,0,281400000,39530,84100000,3003571.4285714286,2500000,0.4216291424234758,0.10579306855552745,0.2121679736908677,0.4639459826736876,0.356718192627824,4273109.031115608,28,5500000,1.21,20.032914745682884,2.302585092994046,1.0986122886681098,19.06253463538792,17.216707972959764,39,0,0,6,8,2,2,0,1.26,3.713572066704308,0,0.7769289147482924
ESP,1718,Málaga,20,19,4,3,12,14,27,-13,15,0.79,19,1,2,16,10,34,-24,5,0.26,37,27.2,44.1,38,3420,23,15,38,19,4,6,101,8,0.61,0.39,1,0.5,0.89,418,113,152,0.53,24,61,-37,-0.97,Relegated,20,0,0,0,0,40,38,0,0,2,6.944978632478632,0.675,1.6,2.475,0,42,18,2,0,22,1705,230,352800000,133800000,41500000,0,177500000,38412,50500000,1629032.2580645161,1500000,0.4190877850671665,0.16130375924190357,0.20595126522961574,0.2640689875439157,0.1782178217821782,1908859.2106633345,31,2409090.909090909,0.53,19.68141188493138,2.9444389791664403,1.0986122886681098,18.711856713132242,17.541204009297314,39,0,4,8,9,4,2,0,1.21,3.713572066704308,0,0.7923566534828935
FRA,1617,Nancy,19,19,7,3,9,21,23,-2,24,1.26,19,2,5,12,8,29,-21,11,0.58,27,27.2,43.1,38,3420,29,22,51,28,1,3,78,1,0.76,0.58,1.34,0.74,1.32,418,109,158,0.92,29,52,-23,-0.61,Relegated,35,0,0,0,0,44,38,0,0,6,6.4941860465116275,0.8636363636363636,1.8181818181818181,2.8181818181818183,0,15,4,4,0,7,423,58,55600000,10650000,9950000,0,35000000,39697,25300000,1012000,1000000,0.30757991787792527,0.24273874600095724,0.14663576592689623,0.297391304347826,0.25691699604743085,1098853.8176688415,25,1477272.7272727273,0.92,17.833693777206424,1.6094379124341003,1.6094379124341003,16.181070544016418,16.11308320963728,43,0,4,7,13,6,3,1,NA,3.8066624897703196,0,0.7438395073450619
FRA,1516,Nantes,14,19,8,5,6,20,20,0,29,1.53,19,4,7,8,13,24,-11,19,1,29,25.8,49.2,38,3420,30,25,55,30,0,0,81,0,0.79,0.66,1.45,0.79,1.45,418,109,157,1.26,33,44,-11,-0.29,NA,48,0,0,0,0,43,38,0,0,5,6.666666666666667,0.9534883720930233,1.7906976744186047,2.7209302325581395,0,9,2,2,0,5,363,52,79500000,6500000,29000000,0,44000000,41422,39300000,1355172.4137931035,1250000,0.3620298392158756,0.07937810825165371,0.148302834242673,0.42054926735105713,0.2480916030534351,1808990.391579354,29,2431818.1818181816,1.26,18.191267592203175,1.0986122886681098,1.0986122886681098,15.687312888712007,17.182806422433504,42,0,1,9,15,9,2,0,NA,3.784189633918261,0,0.7438838993410428
FRA,1617,Nantes,7,19,8,4,7,19,24,-5,28,1.47,19,6,5,8,21,30,-9,23,1.21,27,24.8,48.4,38,3420,40,31,71,38,2,4,78,1,1.05,0.82,1.87,1,1.82,418,113,153,1.34,40,54,-14,-0.37,NA,51,0,0,0,0,43,38,0,0,5,6.66765873015873,0.7441860465116279,1.744186046511628,2.604651162790698,0,12,2,2,0,8,985,147,343150000,23750000,13500000,0,305900000,39683,49100000,1888461.5384615385,1625000,0.29745734949474584,0.11473426908247865,0.13827079605876572,0.37239542534858217,0.27494908350305497,2222897.714386513,26,3090909.090909091,1.34,19.653678230233094,1.0986122886681098,1.0986122886681098,16.983093130550188,16.41820031748273,42,0,2,6,8,2,2,0,1.26,3.784189633918261,0,0.7191727899485778
FRA,1718,Nantes,9,19,8,4,7,15,17,-2,28,1.47,19,6,6,7,21,24,-3,24,1.26,30,25.6,43.7,38,3420,36,24,60,32,4,5,68,6,0.95,0.63,1.58,0.84,1.47,418,111,155,1.37,36,41,-5,-0.13,NA,52,0,0,0,0,41,38,0,0,3,7.15625,0.6829268292682927,1.5853658536585367,2.3902439024390243,0,13,6,2,0,5,1137,200,392000000,175500000,92000000,0,124500000,40372,100750000,3474137.9310344825,2000000,0.45992271871594176,0.050876845338353315,0.21554542752402656,0.5169162317104474,0.3176178660049628,5752068.265134252,29,7136363.636363637,1.37,19.786772400305757,1.9459101490553132,1.0986122886681098,18.9831496065682,18.33729914588288,40,0,3,5,6,3,2,0,1.34,3.7376696182833684,1,0.8060223046684938
FRA,1819,Nantes,12,19,9,4,6,35,24,11,31,1.63,19,4,5,10,13,24,-11,17,0.89,33,25.9,50.1,38,3420,46,28,74,40,6,8,75,6,1.21,0.74,1.95,1.05,1.79,418,112,154,1.26,48,48,0,0,NA,48,0,0,0,0,45,38,0,0,7,6.503866792929293,0.7333333333333333,1.7777777777777777,2.7777777777777777,0,5,2,0,0,3,98,10,70000000,25000000,0,0,45000000,44204,112350000,3874137.9310344825,3000000,0.4043299248936748,0.04379694145326215,0.23285223056736948,0.4676887190583612,0.33822874944370274,5742961.044249389,29,7227272.7272727275,1.26,18.064005814299346,1.0986122886681098,0,17.034386422832473,0,44,0,3,10,14,3,3,1,1.37,3.828641396489095,0,0.794623540713752
FRA,1920,Nantes,13,14,6,2,6,11,11,0,20,1.43,14,5,2,7,17,20,-3,17,1.21,29,25.4,48,28,2520,23,16,39,21,2,2,52,2,0.82,0.57,1.39,0.75,1.32,308,71,124,1.32,28,31,-3,-0.11,NA,37,0,0,1,0,42,38,0,0,4,7,0.5,1.3333333333333333,2.0476190476190474,0,14,5,1,1,7,768,116,321300000,64000000,98400000,8000000,150900000,31614,104225000,3474166.6666666665,2300000,0.3942873410514329,0.05690516859619156,0.16907066489529954,0.5154473494842886,0.335811945310626,4702537.6415512115,30,7063636.363636363,1.32,19.58788582719844,1.791759469228055,0.6931471805599453,17.974393656948944,18.404551372185082,34,0,2,3,6,0,1,0,1.26,3.7612001156935624,1,0.6657389196533247
FRA,2021,Nantes,18,20,3,8,9,21,30,-9,17,0.85,20,7,5,8,28,27,1,26,1.3,25,25.8,43.9,38,3420,47,28,75,39,8,9,70,4,1.24,0.74,1.97,1.03,1.76,418,139,202,1.05,47,55,-8,-0.21,→ French 1/2 Relegation/Promotion play-offs,43,1,0,1,0,41,38,0,0,3,7.048958333333333,0.7317073170731707,1.5609756097560976,2.5365853658536586,0,19,4,2,4,9,376,47,152850000,71000000,6000000,18000000,57850000,40436,91600000,3271428.5714285714,2000000,0.47915224057770306,0.0128350974379266,0.22640716193490948,0.5160636306924515,0.38209606986899564,5313579.48362845,28,6363636.363636363,1.05,18.84496761284348,1.6094379124341003,1.0986122886681098,18.078190449090098,15.607270193858982,40,0,3,9,12,6,2,0,1.32,3.7376696182833684,1,0.8349910617130422
FRA,2122,Nantes,9,19,11,4,4,33,20,13,37,1.95,19,4,6,9,22,28,-6,18,0.95,26,26.1,43.9,38,3420,53,37,90,48,5,5,80,4,1.39,0.97,2.37,1.26,2.24,418,159,170,1.45,55,48,7,0.18,→ Europa League via cup win,55,1,1,0,0,44,38,0,0,6,6.6976744186046515,0.7727272727272727,1.7954545454545454,2.75,0,19,3,2,1,13,499,70,182000000,20200000,46000000,4000000,111800000,43151,109900000,4070370.3703703703,2000000,0.4264559338138166,0.034668953210817824,0.23925285624898612,0.5639470225457488,0.4367606915377616,6821358.717063336,27,8227272.7272727275,1.45,19.019517250535575,1.3862943611198906,1.0986122886681098,16.821193211876384,17.6441519761925,43,0,1,5,9,5,1,0,1.05,3.8066624897703196,1,0.8291154241734441
FRA,2223,Nantes,16,19,5,8,6,20,26,-6,23,1.21,19,2,7,10,17,29,-12,13,0.68,29,26.7,45.9,38,3420,35,27,62,32,3,5,65,4,0.92,0.71,1.63,0.84,1.55,418,176,147,0.95,37,55,-18,-0.47,NA,36,1,1,0,0,53,38,8,0,7,5.903846153846154,1.0943396226415094,2.3207547169811322,3.547169811320755,1,17,5,3,1,8,354,68,281100000,194900000,15600000,1000000,69600000,48372,105550000,4222000,3500000,0.34371123790622676,0.03336641032001984,0.23060861655503184,0.5442349597347229,0.4168640454760777,6481338.377573803,25,7954545.454545454,0.95,19.454221039434213,1.791759469228055,1.3862943611198906,19.087997169608627,16.562781536322326,52,0,8,15,20,15,5,1,1.45,3.9889840465642745,1,0.8147968246092782
FRA,2324,Nantes,14,17,3,3,11,17,30,-13,12,0.71,17,6,3,8,13,25,-12,21,1.24,35,26.8,44.8,34,3060,30,17,47,26,4,5,67,3,0.88,0.5,1.38,0.76,1.26,374,154,150,0.97,30,55,-25,-0.74,NA,33,1,1,0,1,36,34,0,0,2,8.007142857142858,0.5277777777777778,1.25,2.138888888888889,0,19,8,3,0,8,1411,159,515500000,106000000,207000000,0,202500000,34774,114400000,3575000,3000000,0.4276183355380457,0.07212285040547535,0.1510611376315638,0.4624125874125875,0.27972027972027974,4952314.947949617,32,7045454.545454546,0.97,20.060647863361154,2.1972245773362196,1.3862943611198906,18.478949661510303,19.14822935606056,35,0,0,1,1,0,1,0,0.95,3.6109179126442243,0,0.7029092184186553
FRA,2425,Nantes,13,17,5,6,6,19,18,1,21,1.24,17,3,6,8,20,34,-14,15,0.88,30,26.7,40.4,34,3060,39,27,66,34,5,5,71,4,1.15,0.79,1.94,1,1.79,374,155,151,1.06,39,52,-13,-0.38,NA,36,1,1,0,1,36,34,0,0,2,7.776190476190476,0.6388888888888888,1.2777777777777777,2.2222222222222223,0,26,9,3,0,14,961,103,475300000,44900000,33600000,0,396800000,35024,108550000,4020370.3703703703,2500000,0.36235153037916856,0.1445580173595249,0.20634422110552764,0.5156524557722164,0.41455550437586364,5840520.785746916,27,7636363.636363637,1.06,19.97945674368817,2.302585092994046,1.3862943611198906,17.619948374984197,17.330036654695338,35,0,0,0,1,0,1,0,0.97,3.6109179126442243,1,0.7648301028954295
ITA,1516,Napoli,2,19,16,3,0,49,12,37,51,2.68,19,9,4,6,31,20,11,31,1.63,22,26.5,62.6,38,3420,78,56,134,71,7,8,72,0,2.05,1.47,3.53,1.87,3.34,418,112,340,2.16,80,32,48,1.26,→ Champions League via league finish,82,0,0,0,0,48,38,8,0,2,5.638297872340425,0.9791666666666666,2.2083333333333335,3.2291666666666665,1,8,5,0,0,3,101,22,298500000,161500000,0,0,137000000,47486,297500000,12934782.608695652,8500000,0.35463083856294486,0.11681337657414817,0.20622920439708545,0.49765436609426383,0.40336134453781514,17725051.594154067,23,22727272.727272727,2.16,19.514280494147016,1.791759469228055,0,18.900015706818937,0,47,0,4,13,19,8,3,1,NA,3.8918202981106265,1,0.779902270142779
ITA,1617,Napoli,3,19,13,4,2,44,19,25,43,2.26,19,13,4,2,50,20,30,43,2.26,26,26.9,62.1,38,3420,94,68,162,89,5,6,58,0,2.47,1.79,4.26,2.34,4.13,418,112,337,2.26,94,39,55,1.45,→ Champions League via league finish,86,0,0,0,0,50,38,8,0,4,5.711947278911564,0.98,2.08,3.2,1,15,5,2,0,8,485,94,1150500000,165500000,62000000,0,923000000,49286,367900000,14150000,13000000,0.4222700158259952,0.1403846934220671,0.22306537353406647,0.42675685282371867,0.28540364229410164,19598100.880574606,26,24545454.545454547,2.26,20.86346246830888,1.791759469228055,1.0986122886681098,18.92448175882369,17.9426449591384,49,0,0,10,16,10,3,1,2.16,3.9318256327243257,0,0.7984411469863728
ITA,1718,Napoli,2,19,14,3,2,43,18,25,45,2.37,19,14,4,1,34,11,23,46,2.42,23,28,63.4,38,3420,73,45,118,67,6,8,58,NA,1.92,1.18,3.11,1.76,2.95,418,113,308,2.39,77,29,48,1.26,→ Champions League via league finish,91,0,0,0,0,50,38,10,0,2,5.650722789115647,0.98,2.08,3.2,1,15,4,1,0,10,473,89,1987000000,455000000,400000000,0,1132000000,47018,459000000,21857142.85714286,20000000,0.35501297375473223,0.15089965545110384,0.22059636734867497,0.45679012345679015,0.37037037037037035,28258262.792972904,21,35818181.81818182,2.39,21.409891801019363,1.6094379124341003,0.6931471805599453,19.935807979113026,19.806975107572256,49,0,3,12,18,10,3,1,2.26,3.9318256327243257,0,0.7889362708698018
ITA,1819,Napoli,2,19,13,4,2,41,16,25,43,2.26,19,11,3,5,33,20,13,36,1.89,26,27,59.1,38,3420,73,54,127,70,3,4,75,5,1.92,1.42,3.34,1.84,3.26,418,113,261,2.08,74,36,38,1,→ Champions League via league finish,79,0,0,0,0,52,38,12,0,2,5.490196078431373,0.9807692307692307,2.1923076923076925,3.3076923076923075,1,36,12,2,1,21,1011,202,3280000000,1143000000,844000000,8000000,1285000000,51368,594800000,22876923.076923076,18500000,0.40591418782121164,0.13031459274256346,0.21402429528110886,0.46447416067456415,0.3362474781439139,32273549.68073509,26,40818181.81818182,2.08,21.91110925964734,2.5649493574615367,1.0986122886681098,20.856922222633976,20.553663053745066,51,0,7,13,20,9,3,1,2.39,3.970291913552122,0,0.790666027813109
ITA,1920,Napoli,7,19,10,3,6,31,24,7,33,1.74,19,8,5,6,30,26,4,29,1.53,25,26.9,59.2,38,3420,60,45,105,55,5,5,73,2,1.58,1.18,2.76,1.45,2.63,418,135,277,1.63,61,50,11,0.29,→ Europa League via cup win 1 1. Napoli qualified for a Europa League group stage berth by virtue of winning the Coppa Italia.,62,0,0,1,0,51,38,8,0,5,7.000208333333334,1.0784313725490196,2.4313725490196076,3.4705882352941178,1,47,22,1,0,24,947,161,3079200000,1953800000,336000000,0,789400000,49832,504025000,20161000,15500000,0.38397013966928883,0.1404719858725317,0.20346363782308557,0.4008531322851048,0.30157234264173405,25710717.51083641,25,33818181.81818182,1.63,21.84793566025857,3.1354942159291497,0.6931471805599453,21.39304203169494,19.632621720903668,50,0,4,16,25,13,5,1,2.08,3.9512437185814275,0,0.7602631522021519
ITA,2021,Napoli,5,19,12,4,3,50,20,30,40,2.11,19,12,1,6,36,21,15,37,1.95,25,27.1,55.1,38,3420,83,56,139,76,7,8,76,3,2.18,1.47,3.66,2,3.47,418,169,256,2.03,86,41,45,1.18,→ Europa League via league finish,77,1,0,1,0,51,38,8,0,5,4.906875,1.2156862745098038,2.607843137254902,4.019607843137255,1,51,14,1,10,26,885,186,4403500000,1319500000,48000000,1247000000,1789000000,50422,526500000,21937500,16500000,0.3487763277934235,0.1381936456308754,0.16250842886041808,0.4104542576764798,0.28110161443494774,27432757.52647654,24,36636363.63636363,2.03,22.20566551643688,2.70805020110221,0.6931471805599453,21.000518714665517,17.6867115897055,50,0,10,19,24,19,9,1,1.63,3.9512437185814275,0,0.7487849448914192
ITA,2122,Napoli,3,19,11,3,5,37,16,21,36,1.89,19,13,4,2,37,15,22,43,2.26,27,27.9,58.3,38,3420,74,46,120,64,10,14,63,2,1.95,1.21,3.16,1.68,2.89,418,172,220,2.08,74,31,43,1.13,→ Champions League via league finish,79,1,1,0,0,47,38,8,0,1,5.927309782608695,1.0212765957446808,2.106382978723404,3.127659574468085,1,86,31,1,14,40,1308,237,4824200000,2007400000,845000000,620000000,1351800000,46617,474450000,17572222.222222224,10000000,0.3215994165218697,0.10599137653645666,0.16491837741596413,0.4949903006600236,0.33723258509853515,23986061.95164854,27,34000000,2.08,22.296910755088984,3.4657359027997265,0.6931471805599453,21.42010618984213,20.55484718650488,46,0,8,14,15,11,3,1,2.03,3.871201010907891,1,0.7054724103426041
ITA,2223,Napoli,1,19,14,3,2,40,15,25,45,2.37,19,14,3,2,37,13,24,45,2.37,27,26.4,61.8,38,3420,75,57,132,67,8,10,47,1,1.97,1.5,3.47,1.76,3.26,418,181,319,2.37,77,28,49,1.29,→ Champions League via league finish,90,1,1,0,0,49,38,10,0,1,6.104166666666667,0.9591836734693877,2.2653061224489797,3.326530612244898,1,41,17,1,0,23,635,104,3517300000,2673000000,48000000,0,796300000,48439,648800000,24953846.153846152,18000000,0.42977765849831745,0.045892772352856166,0.20830322673878487,0.5223370957033102,0.40844636251541305,37480358.80179194,26,46909090.90909091,2.37,21.980959487056296,2.8903717578961645,0.6931471805599453,21.706467274477305,17.6867115897055,48,0,4,12,19,9,3,1,2.08,3.912023005428146,1,0.7989998969374252
ITA,2324,Napoli,10,19,6,7,6,24,27,-3,25,1.32,19,7,7,5,31,21,10,28,1.47,29,27.2,60.9,38,3420,54,36,90,48,6,10,77,5,1.42,0.95,2.37,1.26,2.21,418,171,264,1.39,55,48,7,0.18,NA,53,1,1,0,0,49,38,8,0,3,5.853732638888888,0.8367346938775511,2.020408163265306,3.142857142857143,1,66,34,0,0,32,839,142,3281200000,2319600000,0,0,961600000,48405,499200000,17213793.103448275,12000000,0.3834521227145956,0.1295114141101126,0.21107323623592605,0.5215240937223695,0.4166666666666667,24396748.26980684,29,33727272.72727273,1.39,21.911475046397637,3.5553480614894135,0,21.56466059439767,0,48,0,1,6,13,4,3,1,2.37,3.912023005428146,1,0.723353722285378
ITA,2425,Napoli,1,19,14,3,2,32,13,19,45,2.37,19,10,7,2,27,14,13,37,1.95,27,28.6,54.6,38,3420,56,42,98,52,4,5,47,0,1.47,1.11,2.58,1.37,2.47,418,158,269,2.16,59,27,32,0.84,→ Champions League via league finish,82,1,1,0,0,41,38,0,0,3,7.149479166666667,0.6097560975609756,1.4878048780487805,2.4390243902439024,0,32,18,0,0,14,575,78,2005500000,1362500000,0,0,643000000,40218,466000000,18640000,12000000,0.3381570441096027,0.11828037197274852,0.15734248346511512,0.5068669527896996,0.40772532188841204,23017802.97379283,25,34272727.27272727,2.16,21.41915924367301,2.9444389791664403,0,21.03258708523562,0,40,0,2,3,3,0,2,0,1.39,3.7376696182833684,1,0.6716069833202152
ENG,1516,Newcastle United,18,19,7,7,5,32,24,8,28,1.47,19,2,3,14,12,41,-29,9,0.47,31,25.4,46.6,38,3420,43,34,77,40,3,3,61,0,1.13,0.89,2.03,1.05,1.95,418,108,159,0.97,44,65,-21,-0.55,Relegated,37,0,0,0,0,41,38,0,0,3,7.0015625,0.8292682926829268,1.6829268292682926,2.5121951219512195,0,27,10,1,0,16,2919,471,1417250000,323500000,448000000,0,645750000,40398,188250000,6072580.645161291,5000000,0.3399673251151047,0.11649091539185108,0.22213970988662804,0.4223107569721116,0.249667994687915,7980401.257487995,31,11136363.636363637,0.97,21.07198421187428,2.3978952727983707,0.6931471805599453,19.59470967499642,19.920303792611403,40,1,4,7,10,4,1,0,NA,3.7376696182833684,0,0.7166074598560648
ENG,1718,Newcastle United,10,19,8,4,7,21,17,4,28,1.47,19,4,4,11,18,30,-12,16,0.84,27,25.6,41.7,38,3420,38,29,67,38,0,1,54,NA,1,0.76,1.76,1,1.76,418,112,154,1.16,39,47,-8,-0.21,NA,44,0,0,0,0,41,38,0,0,3,6.8265625,0.7804878048780488,1.6829268292682926,2.707317073170732,0,20,6,0,1,13,846,126,835000000,319000000,0,12000000,504000000,40813,201275000,6709166.666666667,6000000,0.27648053316345284,0.10070320731139588,0.08279224756817681,0.39313128803875275,0.23847969196373123,8081267.610810281,30,11909090.909090908,1.16,20.542942284012735,1.9459101490553132,0,19.580701663883914,0,40,0,4,7,10,6,2,0,0.97,3.7376696182833684,0,0.6785797230451381
ENG,1819,Newcastle United,13,19,8,1,10,24,25,-1,25,1.32,19,4,8,7,18,23,-5,20,1.05,24,26.9,40.4,38,3420,41,33,74,40,1,3,57,2,1.08,0.87,1.95,1.05,1.92,418,99,167,1.18,42,48,-6,-0.16,NA,45,0,0,0,0,42,38,0,0,4,6.685467479674797,0.8095238095238095,1.7380952380952381,2.761904761904762,0,47,11,11,1,24,1524,184,1397400000,449000000,412400000,15000000,521000000,41851,223150000,7969642.857142857,7000000,0.35867721201404984,0.12728489163938736,0.15772621920623164,0.34091418328478595,0.24647098364328926,9548504.814699769,28,12727272.727272727,1.18,21.05787920479824,2.4849066497880004,2.4849066497880004,19.9225334479337,19.83750431253191,41,0,2,7,11,4,2,0,1.16,3.7612001156935624,0,0.7502396640121247
ENG,1920,Newcastle United,13,19,6,8,5,20,21,-1,26,1.37,19,5,3,11,18,37,-19,18,0.95,28,26.5,39,38,3420,38,29,67,38,0,1,66,3,1,0.76,1.76,1,1.76,418,118,166,1.16,38,58,-20,-0.53,NA,44,0,0,1,0,45,38,0,0,7,7.956439393939394,1.0222222222222221,2.088888888888889,3.1333333333333333,0,63,35,8,1,19,2657,282,2088200000,878100000,210900000,9600000,989600000,44130,241500000,8944444.444444444,5500000,0.27842737366870607,0.15091774303195105,0.1635395422615001,0.3430411778237865,0.23809523809523808,10416689.326988444,27,15045454.545454545,1.16,21.459568288299167,3.58351893845611,2.1972245773362196,20.593271041469045,19.166894650190585,44,1,6,13,17,12,4,1,1.18,3.828641396489095,0,0.6923479310989298
ENG,2021,Newcastle United,12,19,6,5,8,26,33,-7,23,1.21,19,6,4,9,20,29,-9,22,1.16,27,27.1,38.8,38,3420,44,26,70,38,6,7,65,3,1.16,0.68,1.84,1,1.68,418,109,209,1.18,46,62,-16,-0.42,NA,45,1,0,1,0,43,38,0,0,5,6.01984126984127,0.9069767441860465,1.9767441860465116,3.0232558139534884,0,57,27,6,5,19,1643,250,2487200000,1539500000,21000000,44000000,882700000,42800,244300000,8143333.333333333,5000000,0.32060747663551403,0.15072429906542056,0.14161214953271029,0.46376040387501694,0.28243962341383544,10114126.1682243,30,16090909.090909092,1.18,21.634423417110877,3.332204510175204,1.9459101490553132,21.15472352597839,16.860033043306743,42,0,3,9,14,6,3,1,1.16,3.784189633918261,0,0.6285615132794762
ENG,2122,Newcastle United,11,19,8,6,5,26,27,-1,30,1.58,19,5,4,10,18,35,-17,19,1,29,27.5,40.4,38,3420,41,23,64,38,3,3,81,2,1.08,0.61,1.68,1,1.61,418,108,233,1.29,44,62,-18,-0.47,NA,49,1,1,0,0,40,38,0,0,2,7.181623931623932,0.675,1.525,2.35,0,29,11,2,6,10,1178,173,1870600000,852000000,104000000,67600000,847000000,35822,292600000,10837037.037037037,10000000,0.3235721065267154,0.15121992071911117,0.16824856233599464,0.4487987645882383,0.3212576896787423,13054301.825693708,27,19363636.363636363,1.29,21.34952507249931,2.4849066497880004,1.0986122886681098,20.5630970859673,18.459901466721032,39,0,4,6,7,2,2,0,1.18,3.713572066704308,0,0.6741658219841821
ENG,2223,Newcastle United,4,19,11,6,2,36,14,22,39,2.05,19,8,8,3,32,19,13,32,1.68,27,27.3,52.3,38,3420,64,42,106,58,6,6,61,1,1.68,1.11,2.79,1.53,2.63,418,155,185,1.87,68,33,35,0.92,→ Champions League via league finish,71,1,1,0,0,46,38,0,0,8,6.5569444444444445,0.8478260869565217,1.9130434782608696,2.9565217391304346,0,28,12,3,2,11,1120,174,3418000000,2303000000,248000000,64000000,803000000,45076,524700000,18739285.714285713,10500000,0.4086209956517881,0.02147484248824208,0.1922308989262579,0.5415543575920934,0.35258242805412615,28225053.243411127,28,38636363.63636363,1.87,21.95232142193238,2.5649493574615367,1.3862943611198906,21.557478458219176,19.328939308161516,45,0,4,12,16,5,3,1,1.29,3.8501476017100584,1,0.7305307898294645
ENG,2324,Newcastle United,7,19,12,4,3,49,22,27,40,2.11,19,6,2,11,36,40,-4,20,1.05,32,27.2,52.2,38,3420,83,55,138,75,8,9,79,1,2.18,1.45,3.63,1.97,3.42,418,149,193,1.58,85,62,23,0.61,NA,60,1,1,0,0,51,38,6,0,7,5.61875,0.9803921568627451,2.176470588235294,3.2745098039215685,1,41,15,0,4,22,2572,432,10208000000,2519000000,0,102000000,7587000000,51149,639600000,20632258.06451613,15000000,0.3405931689769106,0.06432188312576981,0.21875305480068036,0.55030866065484485,0.3439649781113196,30019419.734501164,31,44545454.54545455,1.58,23.04643756364681,2.772588722239781,0,21.647127834713867,0,50,0,8,16,24,12,3,1,1.87,3.9512437185814275,1,0.6739053409785976
ENG,2425,Newcastle United,5,19,12,2,5,40,20,20,38,2,19,8,4,7,28,27,1,28,1.47,24,27.4,51.3,38,3420,66,50,116,61,5,6,68,1,1.74,1.32,3.05,1.61,2.92,418,163,179,1.74,68,47,21,0.55,→ Champions League via league finish,66,1,1,0,0,48,38,0,0,10,5.9796099290780145,0.875,1.9375,2.9375,0,29,11,2,3,13,1357,189,4380000000,949000000,290000000,52000000,3089000000,NA,NA,NA,NA,NA,NA,NA,NA,NA,NA,NA,NA,1.74,22.200314561563076,2.4849066497880004,1.0986122886681098,20.67091935762794,19.48539148439307,47,0,6,13,16,7,3,1,1.58,3.8918202981106265,NA,NA
FRA,1516,Nice,4,19,12,2,5,32,16,16,38,2,19,6,7,6,26,25,1,25,1.32,33,24.2,57.9,38,3420,55,43,98,50,5,5,68,0,1.45,1.13,2.58,1.32,2.45,418,111,155,1.66,58,41,17,0.45,"→ Europa League via league finish 1 1. Since Coupe de France winners Paris Saint-Germain qualified for Champions League, all Europa League berths were awarded based on league position.",63,0,0,0,0,41,38,0,0,3,7,0.7073170731707317,1.6341463414634145,2.5121951219512195,0,13,4,4,0,5,978,148,320300000,52500000,187300000,0,80500000,39708,68450000,2139062.5,1375000,0.4834290319331117,0.03535811423390753,0.24053087539034956,0.5458592037983929,0.3360116873630387,3684827.9943588194,32,4772727.2727272725,1.66,19.58476861770146,1.6094379124341003,1.6094379124341003,17.77632374660947,19.048222172753345,40,0,2,7,10,4,2,0,NA,3.7376696182833684,1,0.7720591988180384
FRA,1617,Nice,3,19,14,4,1,39,16,23,46,2.42,19,8,8,3,24,20,4,32,1.68,27,24.3,58.9,38,3420,63,45,108,57,6,8,60,1,1.66,1.18,2.84,1.5,2.68,418,85,179,2.05,63,36,27,0.71,→ Champions League via league finish,78,0,0,0,0,46,38,6,0,2,6.203703703703703,0.9130434782608695,1.9565217391304348,2.9782608695652173,1,17,7,2,0,8,1019,169,1153000000,181500000,310000000,0,661500000,44528,128900000,4603571.428571428,2750000,0.3986704994610133,0.05387621272008624,0.17209396334890406,0.50282611104954,0.3180760279286268,6747845.1760689905,28,9227272.727272727,2.05,20.865633079100636,2.0794415416798357,1.0986122886681098,19.016766217178823,19.552082858669273,45,0,7,10,14,9,5,1,1.66,3.8501476017100584,1,0.7312935658793981
FRA,1718,Nice,8,19,10,3,6,29,23,6,33,1.74,19,5,6,8,24,29,-5,21,1.11,31,25,58.1,38,3420,52,35,87,44,8,10,82,4,1.37,0.92,2.29,1.16,2.08,418,95,171,1.42,53,52,1,0.03,NA,54,0,0,0,0,53,38,12,0,3,5.711738782051282,1.0566037735849056,2.0754716981132075,3.207547169811321,1,7,4,0,0,3,632,77,186600000,46000000,0,0,140600000,48594,183650000,6558928.571428572,3750000,0.4022307280734247,0.1308391982549286,0.1848993702926287,0.5433958227995799,0.40294037571467467,9434221.303041527,28,13136363.636363637,1.42,19.044477851736573,1.6094379124341003,0,17.6441519761925,0,52,0,9,17,20,12,5,1,2.05,3.9889840465642745,1,0.7181760161484899
FRA,1819,Nice,7,19,10,4,5,19,14,5,34,1.79,19,5,7,7,11,21,-10,22,1.16,30,24.2,54.8,38,3420,28,18,46,23,5,9,73,5,0.74,0.47,1.21,0.61,1.08,418,109,157,1.47,30,35,-5,-0.13,NA,56,0,0,0,0,41,38,0,0,3,7.151128472222222,0.7317073170731707,1.5365853658536586,2.3658536585365852,0,14,4,0,1,9,567,113,985000000,219000000,0,50000000,716000000,40053,157650000,6854347.826086956,3500000,0.3631937682570594,0.1382168626569795,0.21588894714503284,0.4920917276851584,0.39961941008563273,9425488.727436148,23,12000000,1.47,20.70815220015159,1.6094379124341003,0,19.204582292346984,0,40,0,3,7,9,4,1,0,1.42,3.7376696182833684,1,0.7854573939530123
FRA,1920,Nice,5,15,8,4,3,28,20,8,28,1.87,13,3,4,6,13,18,-5,13,1,31,23.9,54.6,28,2520,41,30,71,36,5,5,58,7,1.46,1.07,2.54,1.29,2.36,308,82,114,1.46,41,38,3,0.11,→ Europa League via league finish,41,0,0,1,0,42,38,0,0,4,7.025735294117647,0.6428571428571429,1.3333333333333333,2.0714285714285716,0,14,7,1,0,6,565,79,764875000,228875000,60000000,0,476000000,31195,168950000,5825862.068965517,3600000,0.43128706523481325,0.10671581984292354,0.15338996634075974,0.47630904879019487,0.3077833678603137,7852474.755569803,29,11218181.818181818,1.46,20.455222981054384,2.0794415416798357,0.6931471805599453,19.248686565328146,17.909855136853043,34,0,1,5,10,4,2,0,1.47,3.7612001156935624,0,0.6999774903668381
FRA,2021,Nice,9,19,7,3,9,25,30,-5,24,1.26,19,8,4,7,25,23,2,28,1.47,31,23.5,54.3,38,3420,49,26,75,42,7,7,73,4,1.29,0.68,1.97,1.11,1.79,418,137,196,1.37,50,53,-3,-0.08,NA,52,1,0,1,0,46,38,6,0,2,6.07037037037037,1.0217391304347827,2.152173913043478,3.108695652173913,1,27,12,3,2,10,1618,236,2510700000,829500000,1197000000,65000000,419200000,40602,213100000,6874193.548387097,5000000,0.40049751243781095,0.035614009162110244,0.16718388256736122,0.5390623817380906,0.337869544814641,10804193.143194916,31,14363636.363636363,1.37,21.643827436069508,2.5649493574615367,1.3862943611198906,20.536333668800317,20.90308426435767,45,0,6,12,15,12,4,1,1.46,3.8501476017100584,1,0.7521906618680004
FRA,2122,Nice,5,19,10,4,5,27,21,6,34,1.79,19,10,3,6,25,15,10,33,1.74,27,25,51.5,38,3420,52,35,87,44,8,10,77,6,1.37,0.92,2.29,1.16,2.08,418,169,171,1.76,52,36,16,0.42,"1-point deduction 1 1. Nice were deducted 1 point for crowd behavior which caused a match to be abandoned., → Europa Conference League via league finish",67,1,1,0,0,43,38,0,0,5,6.815476190476191,0.7209302325581395,1.744186046511628,2.6511627906976742,0,18,6,0,1,11,418,83,897500000,402000000,0,18000000,477500000,42695,260300000,9640740.74074074,7000000,0.3290783464105867,0.1317952921887809,0.1965569738845298,0.41166175780082814,0.3034959661928544,13043190.069094742,27,16818181.818181816,1.76,20.615123679440913,1.9459101490553132,0,19.811962649070857,0,42,0,2,9,13,4,1,0,1.37,3.784189633918261,0,0.7755410311353631
FRA,2223,Nice,9,19,7,7,5,24,18,6,28,1.47,19,8,6,5,24,19,5,30,1.58,34,26.5,51.5,38,3420,47,32,79,41,6,7,53,3,1.24,0.84,2.08,1.08,1.92,418,162,176,1.53,48,37,11,0.29,NA,58,1,1,0,0,51,38,12,12,1,6.006666666666667,1.0392156862745099,2.2941176470588234,3.392156862745098,1,23,8,0,0,15,852,143,1416500000,451500000,0,0,965000000,46257,263000000,9392857.142857144,7000000,0.33571135179540396,0.2477895237477571,0.16280779125321573,0.5176534492123845,0.39923954372623577,11697634.952547723,28,18090909.09090909,1.53,21.07145487794081,2.1972245773362196,0,19.928085933036154,0,50,0,12,14,18,12,5,1,1.76,3.9512437185814275,1,0.6466029370755023
FRA,2324,Nice,5,17,9,4,4,21,11,10,31,1.82,17,6,6,5,19,18,1,24,1.41,27,25.8,52.4,34,3060,39,23,62,33,6,7,62,4,1.15,0.68,1.82,0.97,1.65,374,160,144,1.62,40,29,11,0.32,→ Europa League via league finish,55,1,1,0,1,38,34,0,0,4,7.621621621621622,0.5789473684210527,1.3157894736842106,2.289473684210526,0,19,3,1,0,15,669,80,937600000,113000000,35000000,0,789600000,36314,243450000,9738000,8000000,0.4048576306658589,0.10808503607424134,0.19895907914303024,0.5159170260833847,0.39022386527007596,14210469.791265076,25,17818181.818181816,1.62,20.658833977853575,1.3862943611198906,0.6931471805599453,18.542898385526172,17.370858648025116,37,0,1,2,3,0,1,0,1.53,3.6635616461296463,1,0.7975263658363053
FRA,2425,Nice,4,17,11,4,2,38,15,23,37,2.18,17,6,5,6,28,26,2,23,1.35,31,26.4,47.5,34,3060,62,43,105,56,6,6,59,5,1.82,1.26,3.09,1.65,2.91,374,158,148,1.76,66,41,25,0.74,→ Champions League via league finish,60,1,1,0,1,45,34,8,0,3,6.1875,0.8666666666666667,1.9333333333333333,2.9555555555555557,1,38,11,4,2,21,1825,273,2383000000,626000000,795000000,12000000,950000000,44626,218450000,6826562.5,5500000,0.38589611437278715,0.07453054273293595,0.21386635593600142,0.5122668230716412,0.2746623941405356,10109901.178685071,32,14272727.272727273,1.76,21.591626035482655,2.4849066497880004,1.6094379124341003,20.254860930661817,20.493852673876468,44,0,8,12,12,7,3,1,1.62,3.828641396489095,1,0.7083370252581896
ENG,1516,Norwich City,19,19,6,5,8,26,30,-4,23,1.21,19,3,2,14,13,37,-24,11,0.58,28,27.7,46,38,3420,38,27,65,37,1,1,64,0,1,0.71,1.71,0.97,1.68,418,106,160,0.89,39,67,-28,-0.74,Relegated,34,0,0,0,0,42,38,0,0,4,6.853658536585366,0.8333333333333334,1.7380952380952381,2.5238095238095237,0,8,1,0,0,7,483,64,217000000,7000000,0,0,210000000,41790,110250000,3445312.5,3250000,0.2362287628619287,0.1566882029193587,0.10536013400335008,0.2891865079365079,0.18594104308390022,3718951.902368988,32,5363636.363636363,0.89,19.19540791611303,0.6931471805599453,0,15.76142084987672,0,41,0,3,7,11,5,1,0,NA,3.7612001156935624,0,0.6933639140009978
ENG,1920,Norwich City,20,19,4,3,12,19,37,-18,15,0.79,19,1,3,15,7,38,-31,6,0.32,30,26,49.3,38,3420,25,18,43,23,2,2,68,3,0.66,0.47,1.13,0.61,1.08,418,126,157,0.55,26,75,-49,-1.29,Relegated,21,0,0,1,0,43,38,0,0,5,8.376984126984127,0.9302325581395349,1.9767441860465116,2.883720930232558,0,45,23,2,1,19,1710,214,669600000,337000000,22000000,0,310600000,42991,144125000,5147321.428571428,2800000,0.4268335232955735,0.10323090879486405,0.20839245423460726,0.5172159583694709,0.37814397224631396,7683894.884975925,28,10154545.454545455,0.55,20.32219107863297,3.1780538303479458,1.0986122886681098,19.635593491283995,16.906553056777135,42,0,6,10,14,8,4,1,0.89,3.784189633918261,1,0.7566951095320964
ENG,2122,Norwich City,20,19,3,3,13,12,43,-31,12,0.63,19,2,4,13,11,41,-30,10,0.53,28,26.2,42.9,38,3420,21,16,37,18,3,3,57,1,0.55,0.42,0.97,0.47,0.89,418,114,227,0.58,23,84,-61,-1.61,Relegated,22,1,1,0,0,43,38,0,0,5,6.688988095238095,0.813953488372093,1.7209302325581395,2.5813953488372094,0,13,3,0,3,7,611,101,584500000,139500000,0,23000000,422000000,42499,152650000,5451785.714285715,3250000,0.2592766888632674,0.07644885762017929,0.12725005294242217,0.4965256656216368,0.3406485424172945,6480601.896515212,28,10636363.636363637,0.58,20.18626734058726,1.3862943611198906,0,18.753575166394153,0,42,0,5,11,14,4,2,0,0.55,3.784189633918261,1,0.6092873577920285
ENG,2223,Nottingham Forest,16,19,8,6,5,27,24,3,30,1.58,19,1,5,13,11,44,-33,8,0.42,33,26.5,37.6,38,3420,36,22,58,33,3,6,84,0,0.95,0.58,1.53,0.87,1.45,418,159,183,1,38,68,-30,-0.79,NA,38,1,1,0,0,45,38,0,0,7,6.705965909090909,0.8888888888888888,1.9111111111111112,2.911111111111111,0,20,11,0,2,7,1529,237,2771500000,2134500000,0,66000000,571000000,44324,348200000,9410810.81081081,8000000,0.4212164967060735,0.07066149264506813,0.1699079505459796,0.5539764347920582,0.3044227455485353,15115535.60148001,37,22363636.363636363,1,21.74265452718495,2.4849066497880004,0,21.481498264630783,0,44,0,5,10,13,7,3,1,NA,3.828641396489095,1,0.6758979333995127
ENG,2324,Nottingham Forest,17,19,5,5,9,27,30,-3,20,1.05,19,4,4,11,22,37,-15,16,0.84,33,25.7,40.6,38,3420,49,43,92,48,1,1,82,3,1.29,1.13,2.42,1.26,2.39,418,158,182,0.95,49,67,-18,-0.47,4-point deduction 2 2. Nottingham Forest were deducted 4 points for breaching financial regulations.,36,1,1,0,0,44,38,0,0,6,6.53827519379845,0.7045454545454546,1.7727272727272727,2.8181818181818183,0,14,4,1,0,9,622,98,1734200000,218200000,20000000,0,1496000000,43125,403350000,13445000,11500000,0.3630840579710145,0.13771594202898552,0.17892173913043477,0.422862691624313,0.26031982149497956,17576666.666666668,30,24636363.636363637,0.95,21.27381204948397,1.6094379124341003,0.6931471805599453,19.200922635946196,16.811242881518265,43,0,6,8,9,4,2,0,1,3.8066624897703196,0,0.7134440344403444
ENG,2425,Nottingham Forest,7,19,9,5,5,26,16,10,32,1.68,19,10,3,6,32,30,2,33,1.74,23,26.1,41.2,38,3420,57,42,99,54,3,3,90,2,1.5,1.11,2.61,1.42,2.53,418,167,174,1.71,58,46,12,0.32,→ Conference League via league finish,65,1,1,0,0,44,38,0,0,6,6.535852713178294,0.6818181818181818,1.7272727272727273,2.7045454545454546,0,16,7,3,0,6,690,89,1775000000,883000000,629000000,0,263000000,NA,NA,NA,NA,NA,NA,NA,NA,NA,NA,NA,NA,1.71,21.29706626043717,2.0794415416798357,1.3862943611198906,20.598835759700737,20.25964181625454,43,0,2,6,8,1,2,0,0.95,3.8066624897703196,NA,NA
FRA,1819,Nîmes,9,19,9,5,5,30,20,10,32,1.68,19,6,3,10,27,38,-11,21,1.11,23,24.1,45.7,38,3420,55,37,92,51,4,6,71,5,1.45,0.97,2.42,1.34,2.32,418,111,155,1.39,57,58,-1,-0.03,NA,53,0,0,0,0,41,38,0,0,3,7.151128472222222,0.7317073170731707,1.4878048780487805,2.3902439024390243,0,4,1,1,0,2,643,83,125000000,25000000,75000000,0,25000000,40744,86700000,3769565.217391304,4000000,0.35028470449636756,0.08656489299037895,0.22130865894364815,0.42655834712401597,0.3344867358708189,5083419.644610249,23,6136363.636363637,1.39,18.643824303266577,0.6931471805599453,0.6931471805599453,17.034386422832473,18.132998684833918,40,0,3,6,10,5,2,0,NA,3.7376696182833684,0,0.8284091272698184
FRA,1920,Nîmes,18,14,6,2,6,17,15,2,20,1.43,14,1,4,9,12,29,-17,7,0.5,28,25.4,45,28,2520,29,20,49,27,2,2,44,6,1.04,0.71,1.75,0.96,1.68,308,80,116,0.96,29,44,-15,-0.54,NA,27,0,0,1,0,42,38,0,0,4,6.7563131313131315,0.5952380952380952,1.4285714285714286,2.142857142857143,0,12,4,1,0,7,211,34,84200000,40800000,300000,0,43100000,31808,48650000,1801851.851851852,1600000,0.36937248490945673,0.0636317907444668,0.17960890342052313,0.39301891819877444,0.2528263103802672,2254410.8400402414,27,3118181.8181818184,0.96,18.24870549108904,1.6094379124341003,0.6931471805599453,17.524192663884193,12.611541086966115,33,0,3,5,10,2,1,0,1.39,3.7612001156935624,0,0.7229888991382698
FRA,2021,Nîmes,19,19,3,5,11,22,39,-17,14,0.74,19,6,3,10,18,32,-14,21,1.11,33,25.8,44.4,38,3420,40,26,66,33,7,8,60,5,1.05,0.68,1.74,0.87,1.55,418,148,190,0.92,40,71,-31,-0.82,Relegated,35,1,0,1,0,39,38,0,0,1,7.190789473684211,0.8461538461538461,1.641025641025641,2.5641025641025643,0,23,4,1,2,16,1063,130,214400000,24300000,600000,7500000,182000000,38479,59650000,1754411.7647058824,1100000,0.4605629044413836,0.04389407209127056,0.2018243717352322,0.4705635816774323,0.28499580888516346,2839109.6442215233,34,3609090.909090909,0.92,19.1833539918251,1.6094379124341003,0.6931471805599453,17.00598694946304,13.304686600863562,38,0,0,7,11,7,2,0,0.96,3.6888794541139363,0,0.7866550651495404
GER,1819,Nürnberg,18,17,3,7,7,16,22,-6,16,0.94,17,0,3,14,10,46,-36,3,0.18,27,24.9,42.4,34,3060,25,16,41,23,2,6,59,4,0.74,0.47,1.21,0.68,1.15,374,96,141,0.56,26,68,-42,-1.24,Relegated,19,0,0,0,0,37,34,0,0,3,7.583333333333333,0.7297297297297297,1.5945945945945945,2.27027027027027,0,19,8,1,0,10,1059,145,261300000,130300000,35000000,0,96000000,36740,54150000,2005555.5555555555,1500000,0.3482852476864453,0.07196516058791508,0.16624931954273273,0.4350740398755173,0.3139427516158818,2607743.6037016874,27,3636363.6363636362,0.56,19.38117973431786,2.1972245773362196,0.6931471805599453,18.68535004976967,17.370858648025116,36,0,2,4,7,3,1,0,NA,3.6375861597263857,0,0.7171294910179641
ESP,1617,Osasuna,19,19,2,7,10,23,39,-16,13,0.68,19,2,3,14,17,55,-38,9,0.47,35,26.3,39,38,3420,37,24,61,33,4,6,100,3,0.97,0.63,1.61,0.87,1.5,418,112,154,0.58,40,94,-54,-1.42,Relegated,22,0,0,0,0,42,38,0,0,4,6.6831808943089435,0.6666666666666666,1.6904761904761905,2.5714285714285716,0,45,14,9,0,22,2047,256,244500000,69900000,83900000,0,90700000,41499,42750000,1187500,750000,0.47902359092990193,0.042482951396419194,0.15737728619966745,0.4947043534762834,0.3157894736842105,1784820.116147377,36,2618181.8181818184,0.58,19.31472587096918,2.70805020110221,2.302585092994046,18.06257622151019,18.245136183356387,41,0,3,6,10,1,1,0,NA,3.7612001156935624,1,0.6817021276951787
ESP,1920,Osasuna,10,19,7,7,5,26,29,-3,28,1.47,19,6,6,7,20,25,-5,24,1.26,31,27.7,47.4,38,3420,46,26,72,38,8,8,110,6,1.21,0.68,1.89,1,1.68,418,129,185,1.37,46,54,-8,-0.21,NA,52,0,0,1,0,42,38,0,0,4,8.219512195121952,0.8809523809523809,2,2.9047619047619047,0,34,13,4,0,17,1569,177,438425000,82600000,260300000,0,95525000,39593,60875000,1963709.677419355,1200000,0.4247720556664057,0.09239006895158235,0.1792488571212083,0.5215340796184673,0.4057494866529774,2891502.91718233,31,4054545.4545454546,1.37,19.89869931980052,2.6390573296152584,1.6094379124341003,18.229520250597744,19.377345373806516,41,0,3,11,15,7,5,1,0.58,3.7612001156935624,1,0.7131509436996778
ESP,2021,Osasuna,11,19,7,5,7,21,23,-2,26,1.37,19,4,6,9,16,25,-9,18,0.95,28,27.9,43.2,38,3420,36,25,61,31,5,6,80,5,0.95,0.66,1.61,0.82,1.47,418,173,247,1.16,37,48,-11,-0.29,NA,44,1,0,1,0,42,38,0,0,4,6.1432926829268295,0.8571428571428571,1.9761904761904763,3.142857142857143,0,19,9,3,1,6,836,131,496900000,91000000,332300000,18000000,55600000,40509,87750000,2742187.5,1350000,0.43106470167123356,0.027524747586955986,0.11723320743538473,0.5555377492877493,0.33048433048433046,4073242.983040806,32,6209090.909090909,1.16,20.023899358585027,2.302585092994046,1.3862943611198906,18.326370075470134,19.62154873633415,41,0,4,9,12,5,2,0,1.37,3.7612001156935624,1,0.6560127791134533
ESP,2122,Osasuna,10,19,5,7,7,17,26,-9,22,1.16,19,7,4,8,20,25,-5,25,1.32,29,27.7,46.9,38,3420,37,23,60,31,6,8,84,2,0.97,0.61,1.58,0.82,1.42,418,175,269,1.24,37,51,-14,-0.37,NA,47,1,1,0,0,41,38,0,0,3,7.022916666666666,0.6585365853658537,1.5365853658536586,2.4390243902439024,0,24,9,1,11,3,602,78,204700000,71900000,16800000,47600000,68400000,40415,107400000,3703448.275862069,1800000,0.44656686873685514,0.05398985525176296,0.21046641098602004,0.5724009503628074,0.39106145251396646,6265450.946430781,29,8000000,1.24,19.137056055516716,2.302585092994046,0.6931471805599453,18.09078683659948,16.636889503897294,40,0,6,8,9,2,1,0,1.16,3.7376696182833684,1,0.7831813683038477
ESP,2223,Osasuna,7,19,11,1,7,24,21,3,34,1.79,19,4,7,8,13,21,-8,19,1,26,27.5,48,38,3420,36,30,66,32,4,5,93,7,0.95,0.79,1.74,0.84,1.63,418,183,198,1.39,37,42,-5,-0.13,→ Conference League via league finish,53,1,1,0,0,46,38,0,0,8,6.575462962962963,0.8043478260869565,1.826086956521739,2.9565217391304346,0,18,6,2,0,10,587,86,545500000,203500000,80000000,0,262000000,46657,148600000,5503703.703703703,3000000,0.3471719141822235,0.08624643676190068,0.16867779754377693,0.5070534868650616,0.3364737550471063,7572563.60246051,27,10818181.818181818,1.39,20.11721336507058,1.9459101490553132,1.0986122886681098,19.131176567760928,18.197537205138154,45,0,3,8,13,5,2,0,1.24,3.8501476017100584,1,0.6999848708156774
ESP,2324,Osasuna,11,19,6,5,8,19,26,-7,23,1.21,19,6,4,9,26,30,-4,22,1.16,29,27.7,47.5,38,3420,45,32,77,41,4,5,78,5,1.18,0.84,2.03,1.08,1.92,418,182,211,1.18,45,56,-11,-0.29,NA,45,1,1,0,0,43,38,2,2,3,6.8065476190476195,0.7209302325581395,1.697674418604651,2.511627906976744,1,27,20,2,0,5,1008,119,352800000,259400000,44800000,0,48600000,40782,103750000,3577586.206896552,2500000,0.40790054435780493,0.03675641214261194,0.19768525329802364,0.45015371832156204,0.3132530120481928,5200396.008042764,29,6681818.181818182,1.18,19.68141188493138,3.044522437723423,1.0986122886681098,19.373881833701667,17.61771871970664,42,0,4,6,8,2,2,0,1.39,3.784189633918261,0,0.7782905590268082
ESP,2425,Osasuna,9,19,10,6,3,33,23,10,36,1.89,19,2,10,7,15,29,-14,16,0.84,25,27.4,46.1,38,3420,46,28,74,37,9,9,88,0,1.21,0.74,1.95,0.97,1.71,418,183,256,1.37,48,52,-4,-0.11,NA,52,1,1,0,0,43,38,0,0,5,6.6686507936507935,0.6976744186046512,1.7674418604651163,2.488372093023256,0,4,2,0,0,2,160,25,197400000,62400000,0,0,135000000,42514,111800000,4300000,2500000,0.40624264948017125,0.04560850543350426,0.19666462812250082,0.5182331085730012,0.4203935599284436,6498139.436420944,26,8000000,1.37,19.100742690029513,1.0986122886681098,0,17.949075849365297,0,42,0,5,8,10,3,2,0,1.18,3.784189633918261,1,0.812267429552618
GER,1920,Paderborn 07,18,17,2,2,13,21,46,-25,8,0.47,17,2,6,9,16,28,-12,12,0.71,27,25.7,45.9,34,3060,37,26,63,35,2,4,84,3,1.09,0.76,1.85,1.03,1.79,374,119,187,0.59,37,74,-37,-1.09,Relegated,20,0,0,1,0,36,34,0,0,2,9.17142857142857,0.75,1.6666666666666667,2.3333333333333335,0,16,6,0,2,8,399,36,41750000,19925000,0,0,21825000,35854,28025000,1037962.9629629629,800000,0.3386511965192168,0.06847213700005578,0.19060634796675405,0.3595995638814551,0.2604817127564674,1376361.7727450214,27,1727272.7272727273,0.59,17.547210033213233,1.9459101490553132,0,16.807485832828757,0,35,0,1,3,6,2,1,0,NA,3.6109179126442243,0,0.796841026326065
ITA,1516,Palermo,16,19,6,4,9,24,30,-6,22,1.16,19,4,5,10,14,35,-21,17,0.89,31,26.8,43.2,38,3420,37,31,68,36,1,1,103,0,0.97,0.82,1.79,0.95,1.76,418,108,341,1.03,38,65,-27,-0.71,NA,39,0,0,0,0,40,38,0,0,2,7.025373931623932,0.675,1.625,2.525,0,0,0,0,0,0,0,0,0,0,0,0,0,26252,48050000,2402500,1100000,0.3687338107572756,0.09126923662959012,0.24222916349230536,0.5274193548387096,0.4994797086368366,3454119.6861191527,20,3800000,1.03,0,0,0,0,0,39,0,1,2,5,2,1,0,NA,3.713572066704308,1,0.9089788647681981
ITA,1617,Palermo,19,19,4,3,12,13,30,-17,15,0.79,19,2,5,12,20,47,-27,11,0.58,30,26.1,45.6,38,3420,33,24,57,32,1,1,107,6,0.87,0.63,1.5,0.84,1.47,418,112,330,0.68,33,77,-44,-1.16,Relegated,26,0,0,0,0,40,38,0,0,2,7.409989316239316,0.6,1.45,2.275,0,1,0,0,0,1,4,0,0,0,0,0,0,18627,17200000,1911111.111111111,1800000,0.2919418049068556,0.2503355344392548,0.2944650238900521,0.23514211886304914,0.4941860465116279,2049680.5712138293,9,1911111.111111111,0.68,0,0,0,0,0,39,0,1,3,3,1,1,0,1.03,3.713572066704308,0,1.0725072756351433
FRA,1516,Paris Saint-Germain,1,19,15,3,1,59,12,47,48,2.53,19,15,3,1,43,7,36,48,2.53,28,27,66.5,38,3420,101,72,173,95,6,8,47,0,2.66,1.89,4.55,2.5,4.39,418,111,154,2.53,102,19,83,2.18,→ Champions League via league finish,96,0,0,0,0,59,38,10,0,11,5.073275862068965,1.11864406779661,2.457627118644068,3.7457627118644066,1,37,15,4,0,18,687,137,3751000000,1665000000,535000000,0,1551000000,56337,419300000,16126923.076923076,11000000,0.3163817739673749,0.09432522143529119,0.15091325416688856,0.5224091434442018,0.333889816360601,21050821.83999858,26,31363636.363636363,2.53,22.045288308312756,2.772588722239781,1.6094379124341003,21.233090960979418,20.09777730672944,58,0,6,18,27,18,6,1,NA,4.0943445622221,1,0.6711856238840127
FRA,1617,Paris Saint-Germain,2,19,13,6,0,42,7,35,45,2.37,19,14,0,5,41,20,21,42,2.21,28,26.4,65.3,38,3420,79,54,133,70,9,10,54,1,2.08,1.42,3.5,1.84,3.26,418,111,155,2.29,83,27,56,1.47,→ Champions League via league finish,87,0,0,0,0,57,38,8,0,11,5.250186011904762,1.0701754385964912,2.4035087719298245,3.543859649122807,1,34,9,1,1,23,607,121,2412000000,720000000,80000000,36000000,1576000000,52822,497150000,18412962.962962963,15000000,0.3537351860967021,0.12748476013782137,0.19700124947938358,0.4267360994706866,0.26149049582620937,22738961.98553633,27,33181818.181818184,2.29,21.603722116225946,2.302585092994046,0.6931471805599453,20.394761771363264,18.197537205138154,56,0,9,16,20,12,5,1,2.53,4.060443010546419,0,0.6852837858654783
FRA,1718,Paris Saint-Germain,1,19,17,1,1,70,15,55,52,2.74,19,12,5,2,38,14,24,41,2.16,28,26.1,66.3,38,3420,100,75,175,93,7,9,69,6,2.63,1.97,4.61,2.45,4.42,418,105,161,2.45,108,29,79,2.08,→ Champions League via league finish,93,0,0,0,0,57,38,8,0,11,5.2507440476190474,1.1929824561403508,2.43859649122807,3.6491228070175437,1,34,10,2,0,22,642,110,7344500000,2362500000,200000000,0,4782000000,56122,816800000,34033333.333333336,18500000,0.36272762909376,0.12577955169095897,0.16163002031288978,0.5615715801501795,0.45298726738491674,42642584.01339938,24,63454545.45454545,2.45,22.7172175708719,2.3978952727983707,1.0986122886681098,21.58298621775545,19.11382792951231,56,0,7,16,26,20,6,1,2.29,4.060443010546419,1,0.672017799638099
FRA,1819,Paris Saint-Germain,1,19,17,2,0,63,10,53,53,2.79,19,12,2,5,42,25,17,38,2,30,26.2,63.7,38,3420,103,72,175,93,10,12,64,4,2.71,1.89,4.61,2.45,4.34,418,109,140,2.39,105,35,70,1.84,→ Champions League via league finish,91,0,0,0,0,55,38,8,0,9,5.42676183127572,1.0727272727272728,2.309090909090909,3.5090909090909093,1,39,14,2,1,22,1195,204,10200000000,2550000000,320000000,195000000,7135000000,54841,969250000,35898148.14814815,17500000,0.2937036159078062,0.12950165022519647,0.15978920880363232,0.5773268754955627,0.46943513025535205,46100987.399938,27,71818181.81818181,2.39,23.045653557334674,2.70805020110221,1.0986122886681098,21.659359196508902,19.583831556883045,54,0,7,14,18,12,5,1,2.45,4.02535169073515,1,0.641912482783947
FRA,1920,Paris Saint-Germain,1,14,12,1,1,44,11,33,37,2.64,13,10,1,2,31,13,18,31,2.38,31,27.2,65.2,27,2430,71,51,122,65,6,8,51,1,2.63,1.89,4.52,2.41,4.3,297,79,110,2.52,75,24,51,1.89,→ Champions League via league finish,68,0,0,1,0,60,38,11,0,11,7.720416666666667,0.9333333333333333,2,2.933333333333333,1,58,27,3,3,25,1210,222,8779200000,5173600000,108000000,28800000,3468800000,48838,862800000,28760000,18000000,0.36197223473524714,0.1523608665383513,0.15694745894590278,0.5468861072477205,0.42651831247102456,39379847.65960932,30,58909090.90909091,2.52,22.89565112438289,3.332204510175204,1.3862943611198906,22.366834608289945,18.497641794347754,50,0,8,16,19,14,7,1,2.39,4.110873864173311,1,0.6684850682958372
FRA,2021,Paris Saint-Germain,2,19,13,1,5,44,14,30,40,2.11,19,13,3,3,42,14,28,42,2.21,33,26.7,63.1,38,3420,84,52,136,72,12,13,79,7,2.21,1.37,3.58,1.89,3.26,418,160,179,2.16,86,28,58,1.53,→ Champions League via league finish,82,1,0,1,0,57,38,12,0,7,4.553571428571429,1.263157894736842,2.6315789473684212,3.9298245614035086,1,83,36,6,18,23,1596,330,12008000000,6128000000,1360000000,1926000000,2594000000,56497,792700000,26423333.333333332,15500000,0.3361771421491407,0.07603943572225073,0.16630971556011823,0.5466759177494638,0.4226062823262268,36996267.05842788,30,54272727.27272727,2.16,23.208838931360848,3.6109179126442243,1.9459101490553132,22.536134269547887,21.030750537429665,56,0,5,23,29,22,7,1,2.52,4.060443010546419,1,0.6816732623830932
FRA,2122,Paris Saint-Germain,1,19,16,3,0,49,12,37,51,2.68,19,10,5,4,41,24,17,35,1.84,36,27.8,63,38,3420,88,65,153,81,7,8,79,4,2.32,1.71,4.03,2.13,3.84,418,140,201,2.26,90,36,54,1.42,→ Champions League via league finish,86,1,1,0,0,50,38,8,0,4,5.979591836734694,0.88,1.96,2.96,1,58,17,0,16,25,1471,212,5226700000,1100100000,0,261600000,3865000000,47269,815900000,23311428.57142857,12000000,0.5166388119063234,0.014660771330047177,0.20800101546468086,0.6012641605238738,0.373820321117784,44648776.15350441,35,57181818.18181818,2.26,22.37704594092257,2.8903717578961645,0,20.81866692261867,0,49,0,2,10,13,6,3,1,2.16,3.9318256327243257,1,0.780821204592287
FRA,2223,Paris Saint-Germain,1,19,13,2,4,45,25,20,41,2.16,19,14,2,3,44,15,29,44,2.32,26,26.9,60.7,38,3420,86,62,148,81,5,7,57,5,2.26,1.63,3.89,2.13,3.76,418,149,180,2.24,89,40,49,1.29,→ Champions League via league finish,85,1,1,0,0,50,38,8,0,4,6.26530612244898,0.96,2.16,3.24,1,38,20,0,0,18,1785,268,10217000000,5886000000,0,0,4331000000,49232,818300000,31473076.923076924,20000000,0.3835716607084823,0.10330679233019174,0.20376990575235618,0.5214610026414987,0.3788341683978981,45429330.51673708,26,59727272.72727273,2.24,23.047318836653574,3.044522437723423,0,22.495842486927586,0,49,0,2,10,17,9,3,1,2.26,3.9318256327243257,1,0.7606128397018385
FRA,2324,Paris Saint-Germain,1,17,9,6,2,42,22,20,33,1.94,17,13,4,0,39,11,28,43,2.53,29,24.7,65.2,34,3060,78,61,139,71,7,9,51,3,2.29,1.79,4.09,2.09,3.88,374,141,165,2.24,81,33,48,1.41,→ Champions League via league finish,76,1,1,0,1,53,34,12,0,7,5.519230769230769,0.9622641509433962,2.1132075471698113,3.339622641509434,1,18,6,1,0,11,660,131,4294000000,780000000,1520000000,0,1994000000,52328,979300000,34975000,30000000,0.39519951077816845,0.03844977832135759,0.19085384497783214,0.4641836005309914,0.30634126416828344,50330706.31401926,28,64090909.09090909,2.24,22.180484536635884,1.9459101490553132,0.6931471805599453,20.47480447892996,21.141976172462492,52,0,3,9,13,7,2,0,2.24,3.9889840465642745,0,0.7853018006442721
FRA,2425,Paris Saint-Germain,1,17,14,2,1,45,16,29,44,2.59,17,12,4,1,47,19,28,40,2.35,28,23.6,68,34,3060,89,69,158,83,6,7,37,0,2.62,2.03,4.65,2.44,4.47,374,144,156,2.47,92,35,57,1.68,→ Champions League via league finish,84,1,1,0,1,58,34,17,0,7,5.05281432748538,1.1206896551724137,2.5517241379310347,3.8620689655172415,1,15,3,0,1,11,309,63,3005000000,480000000,0,180000000,2345000000,55972,1023500000,39365384.615384616,32500000,0.38762238261988136,0.043003644679482596,0.1861823769027371,0.42074705948667845,0.2540302882266732,56472379.04666619,26,69090909.0909091,2.47,21.82354340526636,1.3862943611198906,0,19.989296663949546,0,57,0,5,18,28,15,9,1,2.24,4.07753744390572,0,0.8173633809385895
ITA,1819,Parma,14,19,5,7,7,18,25,-7,22,1.16,19,5,4,10,23,36,-13,19,1,31,29.4,37.7,38,3420,40,22,62,36,4,5,84,3,1.05,0.58,1.63,0.95,1.53,418,113,306,1.08,41,61,-20,-0.53,NA,41,0,0,0,0,39,38,0,0,1,7.552631578947368,0.6410256410256411,1.435897435897436,2.2564102564102564,0,33,18,1,0,14,1154,175,753300000,297500000,147000000,0,308800000,36467,81700000,2723333.3333333335,1200000,0.38218115008089504,0.12326212740285737,0.1634080127238325,0.6011831905344756,0.4773561811505508,3655219.787753311,30,5990909.090909091,1.08,20.439974114123416,2.9444389791664403,0.6931471805599453,19.510924786311303,18.80594315154573,38,0,1,3,5,2,1,0,NA,3.6888794541139363,1,0.610127733919369
ITA,1920,Parma,11,19,7,2,10,26,24,2,23,1.21,19,7,5,7,30,33,-3,26,1.37,25,28.8,43.8,38,3420,53,38,91,49,4,6,81,1,1.39,1,2.39,1.29,2.29,418,136,244,1.29,56,57,-1,-0.03,NA,49,0,0,1,0,41,38,0,0,3,8.777864583333333,0.9024390243902439,2,2.926829268292683,0,50,35,0,0,15,1234,144,858550000,481600000,0,0,376950000,38830,112175000,4487000,2400000,0.24112799381921196,0.1582024208086531,0.11715168684007211,0.5754045018943614,0.46801872074882994,5602233.453515323,25,8700000,1.29,20.57075547888884,3.58351893845611,0,19.992624454035298,0,40,0,2,12,15,9,6,1,1.08,3.7376696182833684,1,0.6439348797144049
ITA,2021,Parma,20,19,2,5,12,16,39,-23,11,0.58,19,1,6,12,23,44,-21,9,0.47,42,28,47.8,38,3420,39,26,65,34,5,5,91,1,1.03,0.68,1.71,0.89,1.58,418,167,272,0.53,39,83,-44,-1.16,Relegated,20,1,0,1,0,41,38,0,0,3,6.10859375,0.8292682926829268,1.7804878048780488,2.8292682926829267,0,81,30,2,3,46,1931,337,1395700000,533200000,51000000,15200000,796300000,40441,126650000,3089024.3902439023,2000000,0.25835167280729954,0.10595682599342252,0.039539081625083454,0.4793313625990583,0.20923805763916306,3552605.0295492196,41,6772727.2727272725,0.53,21.05666191919536,3.4339872044851463,1.0986122886681098,20.094407148144295,17.747336210296442,40,0,5,11,12,5,2,0,1.29,3.7376696182833684,0,0.5245457090609587
ITA,2425,Parma,16,19,5,6,8,25,28,-3,21,1.11,19,2,9,8,19,30,-11,15,0.79,32,23.8,44.2,38,3420,43,31,74,37,6,7,78,6,1.13,0.82,1.95,0.97,1.79,418,185,284,0.95,44,58,-14,-0.37,NA,36,1,1,0,0,39,38,0,0,1,7.5550986842105265,0.5128205128205128,1.358974358974359,2.230769230769231,0,47,18,2,0,27,2071,261,1022500000,398400000,266500000,0,357600000,38259,167750000,5411290.322580645,2800000,0.3365221255129512,0.10747797903761207,0.18555111215661674,0.5307244843997885,0.34575260804769004,7680028.228652081,31,11681818.181818182,0.95,20.745516446859227,2.9444389791664403,1.0986122886681098,19.802967086184758,19.40088480532252,38,0,0,1,1,0,1,0,0.53,3.6888794541139363,1,0.6574343230752755
ITA,1617,Pescara,20,19,2,5,12,19,38,-19,11,0.58,19,1,4,14,18,43,-25,7,0.37,34,26.6,46.4,38,3420,32,27,59,30,2,6,98,3,0.84,0.71,1.55,0.79,1.5,418,113,282,0.47,37,81,-44,-1.16,Relegated,18,0,0,0,0,40,38,0,0,2,7.384882478632479,0.7,1.625,2.35,0,52,15,2,1,34,1311,197,201100000,81100000,17000000,900000,102100000,39229,44200000,1300000,650000,0.40847332330673736,0.21649799892936347,0.1991893752071172,0.5164359861591696,0.2895927601809955,1930339.799638023,34,2936363.6363636362,0.47,19.11931285971553,2.772588722239781,1.0986122886681098,18.211193531416097,16.648723960844016,39,0,1,2,6,1,1,0,NA,3.713572066704308,1,0.6573912630346208
GER,1617,RB Leipzig,2,17,12,2,3,35,16,19,38,2.24,17,8,5,4,31,23,8,29,1.71,23,24,53,34,3060,62,49,111,59,3,4,68,1,1.82,1.44,3.26,1.74,3.18,374,97,141,1.97,66,39,27,0.79,→ Champions League via league finish,67,0,0,0,0,35,34,0,0,1,8.029411764705882,0.6285714285714286,1.4857142857142858,2.2285714285714286,0,35,4,1,0,30,695,89,525950000,117000000,96000000,0,312950000,34943,169925000,7388043.478260869,6000000,0.3512005265718456,0.10202329508055977,0.21060012019574736,0.50689882364982,0.4354862439311461,10123697.163952723,23,12727272.727272727,1.97,20.08071671105088,1.6094379124341003,0.6931471805599453,18.57768450130904,18.379858759848776,34,0,1,1,2,1,1,0,NA,3.58351893845611,1,0.79543334859628545
GER,1718,RB Leipzig,6,17,9,4,4,34,26,8,31,1.82,17,6,4,7,23,27,-4,22,1.29,23,23.4,55,34,3060,57,43,100,53,4,5,48,NA,1.68,1.26,2.94,1.56,2.82,374,98,139,1.56,57,53,4,0.12,→ Europa League via league finish,53,0,0,0,0,48,34,12,0,2,5.787234042553192,1.0833333333333333,2.1875,3.2916666666666665,1,54,13,4,3,34,567,80,1606000000,403500000,56000000,26000000,1120500000,47601,362500000,15760869.56521739,10000000,0.306674229532993,0.08775025734753472,0.20518476502594482,0.4933133433283359,0.42758620689655175,20537205.10073318,23,26772727.272727273,1.56,21.197012453093645,2.6390573296152584,1.6094379124341003,19.815687048152594,17.840862266556567,47,0,9,15,20,13,3,1,1.97,3.8918202981106265,1,0.7670942482447027
GER,1819,RB Leipzig,3,17,10,6,1,34,9,25,36,2.12,17,9,3,5,29,20,9,30,1.76,23,24,49.6,34,3060,63,41,104,58,5,7,61,1,1.85,1.21,3.06,1.71,2.91,374,100,138,1.94,63,29,34,1,→ Champions League via league finish,66,0,0,0,0,52,34,12,0,6,5.942401960784314,0.9615384615384616,2.1153846153846154,3.173076923076923,1,39,14,1,1,23,1337,220,4649000000,1384000000,770000000,130000000,2365000000,45855,475700000,19820833.333333332,17000000,0.3661541816595791,0.09621633409660887,0.20133028023116345,0.36787015626094877,0.30481395837712844,24559544.215461783,24,30818181.818181816,1.94,22.259917979869957,2.70805020110221,0.6931471805599453,21.048243694864432,20.461901074110706,51,0,13,18,20,10,3,1,1.56,3.970291913552122,0,0.7969173639235387
GER,1920,RB Leipzig,3,17,7,8,2,38,21,17,29,1.71,17,11,4,2,43,16,27,37,2.18,29,24.2,55.3,34,3060,81,58,139,76,5,5,53,3,2.38,1.71,4.09,2.24,3.94,374,113,182,1.94,81,37,44,1.29,→ Champions League via league finish,66,0,0,1,0,47,34,10,0,3,8.112771739130435,0.9787234042553191,1.9574468085106382,2.978723404255319,1,47,10,2,0,35,1278,211,4717000000,1876000000,337000000,0,2504000000,46427,559100000,19967857.14285714,17500000,0.3924009735714132,0.11663471686734013,0.1620608697525147,0.35597388660346985,0.2673940261133965,25747726.538436685,28,32681818.181818184,1.94,22.274438841460533,2.3978952727983707,1.0986122886681098,21.352407688063494,19.635593491283995,46,0,6,13,17,10,3,1,1.94,3.871201010907891,0,0.7878302974208721
GER,2021,RB Leipzig,2,17,11,4,2,29,13,16,37,2.18,17,8,4,5,31,19,12,28,1.65,25,25,59.7,34,3060,59,44,103,51,8,10,57,0,1.74,1.29,3.03,1.5,2.79,374,154,143,1.91,60,32,28,0.82,→ Champions League via league finish,65,1,0,1,0,48,34,8,0,6,5.361702127659575,1.0416666666666667,2.3333333333333335,3.4375,1,31,12,0,3,16,989,210,5335000000,2005000000,0,218000000,3112000000,47850,537900000,20688461.53846154,18000000,0.35228840125391847,0.0806269592476489,0.1973876698014629,0.40206930084230685,0.2751440788250604,27090048.06687565,26,34818181.81818182,1.91,22.39755472188757,2.5649493574615367,0,21.418909898203697,0,47,0,8,12,17,11,5,1,1.94,3.8918202981106265,0,0.778043155967708
GER,2122,RB Leipzig,4,17,11,2,4,43,17,26,35,2.06,17,6,5,6,29,20,9,23,1.35,29,25.3,56.1,34,3060,72,53,125,64,8,9,49,0,2.12,1.56,3.68,1.88,3.44,374,154,148,1.71,72,37,35,1.03,→ Champions League via league finish,58,1,1,0,0,54,34,14,0,6,5.522836538461538,1.0740740740740742,2.240740740740741,3.4074074074074074,1,44,12,0,12,20,841,154,2675000000,1348000000,0,208000000,1119000000,51597,467000000,17961538.46153846,14000000,0.3593813593813594,0.08275674942341608,0.17954532240246526,0.46933783561192555,0.33190578158458245,24828965.831346784,26,32454545.454545453,1.71,21.707215217668214,2.5649493574615367,0,21.021887850178366,0,52,0,9,17,26,15,5,1,1.91,4.007333185232471,0,0.7650381628706292
GER,2223,RB Leipzig,3,17,13,2,2,38,18,20,41,2.41,17,7,4,6,26,23,3,25,1.47,25,26.3,58.1,34,3060,64,39,103,58,6,7,69,2,1.88,1.15,3.03,1.71,2.85,374,158,123,1.94,64,41,23,0.68,→ Champions League via league finish,66,1,1,0,0,49,34,8,0,7,6.416232638888889,1.0204081632653061,2.306122448979592,3.489795918367347,1,36,9,1,0,26,1390,211,4784500000,1194500000,240000000,0,3350000000,48161,479600000,19983333.333333332,13000000,0.33300803554743463,0.1724839600506634,0.1958223458815224,0.517740478176258,0.4274395329441201,24879560.22507838,24,35636363.63636363,1.94,22.2886473633926,2.302585092994046,0.6931471805599453,20.90099352556731,19.29614948547293,48,0,8,15,23,12,6,1,1.71,3.912023005428146,1,0.698150924683322
GER,2324,RB Leipzig,4,17,11,4,2,40,12,28,37,2.18,17,8,4,5,37,27,10,28,1.65,26,25.6,55.3,34,3060,74,53,127,70,4,7,61,1,2.18,1.56,3.74,2.06,3.62,374,165,139,1.91,77,39,38,1.12,→ Champions League via league finish,65,1,1,0,0,45,34,8,0,3,6.3586647727272725,0.9333333333333333,1.9333333333333333,2.933333333333333,1,21,8,1,1,11,927,161,3218000000,492000000,896000000,16000000,1814000000,43540,534000000,23217391.304347824,18000000,0.3123564538355535,0.2230592558566835,0.20489205328433624,0.4542419801335287,0.35580524344569286,29265146.991272394,23,38454545.45454545,1.91,21.892025885827355,2.1972245773362196,0.6931471805599453,20.013989276489102,20.613450972055276,44,0,6,11,15,8,3,1,1.94,3.828641396489095,0,0.7610321912624027
GER,2425,RB Leipzig,7,17,8,6,3,33,23,10,30,1.76,17,5,6,6,20,25,-5,21,1.24,29,25.3,52.2,34,3060,51,36,87,48,3,4,68,5,1.5,1.06,2.56,1.41,2.47,374,158,142,1.5,53,48,5,0.15,NA,51,1,1,0,0,47,34,8,0,5,5.934782608695652,0.9787234042553191,2.106382978723404,3.0851063829787235,1,39,12,2,4,21,1605,284,4471100000,1218000000,60000000,27000000,3166100000,46308,490050000,17501785.714285713,11000000,0.39688606720221126,0.14025654314589273,0.20473784227347328,0.5095945020187445,0.38771553923069074,24496183.164895914,28,33818181.81818182,1.5,22.220900300532783,2.5649493574615367,1.0986122886681098,20.920476007055136,17.909855136853043,46,0,8,14,17,11,3,1,1.91,3.871201010907891,1,0.7243495021877824
ESP,1516,Rayo Vallecano,18,19,8,4,7,29,29,0,28,1.47,19,1,7,11,23,44,-21,10,0.53,29,28.5,55.6,38,3420,52,38,90,50,2,3,115,10,1.37,1,2.37,1.32,2.32,418,111,154,1,52,73,-21,-0.55,Relegated,38,0,0,0,0,42,38,0,0,4,6.509146341463414,0.7619047619047619,1.8095238095238095,2.8095238095238093,0,18,7,4,0,7,1239,170,281100000,63800000,87400000,0,129900000,40475,47900000,1710714.2857142857,1650000,0.34394070413835703,0.1722297714638666,0.1841136504014824,0.3075603936773039,0.22964509394572025,1934478.0728844965,28,2636363.6363636362,1,19.454221039434213,2.0794415416798357,1.6094379124341003,17.971263763989,18.28600585206741,41,0,2,9,13,4,3,1,NA,3.7612001156935624,0,0.7337675448872228
ESP,1819,Rayo Vallecano,20,19,5,6,8,25,32,-7,21,1.11,19,3,2,14,16,38,-22,11,0.58,29,26.6,48.7,38,3420,40,24,64,35,5,5,106,8,1.05,0.63,1.68,0.92,1.55,418,111,155,0.84,41,70,-29,-0.76,Relegated,32,0,0,0,0,40,38,0,0,2,6.974893162393163,0.7,1.625,2.45,0,14,8,1,1,4,560,72,98600000,32700000,10000000,24000000,31900000,39163,85400000,3162962.962962963,2000000,0.3598038965349948,0.10670786201261395,0.20149120343181065,0.5157429091855321,0.4332552693208431,4678211.577254041,27,5909090.909090909,0.84,18.406581829714852,2.1972245773362196,0.6931471805599453,17.30288566644852,16.118095750958314,39,0,2,8,9,4,2,0,1,3.713572066704308,1,0.7916973438429915
ESP,2122,Rayo Vallecano,12,19,8,5,6,26,22,4,29,1.53,19,3,4,12,13,28,-15,13,0.68,28,27.5,49.9,38,3420,38,28,66,34,4,4,101,3,1,0.74,1.74,0.89,1.63,418,178,224,1.11,39,50,-11,-0.29,NA,42,1,1,0,0,45,38,0,0,7,6.316998106060606,0.8,1.8,2.688888888888889,0,6,1,0,1,4,936,135,219000000,8000000,0,4000000,207000000,44720,64300000,2381481.4814814813,2000000,0.3654964221824687,0.1237701252236136,0.22971824686940967,0.37912562640400904,0.27216174183514774,3232408.31842576,27,4045454.5454545454,1.11,19.204582292346984,0.6931471805599453,0,15.894952224644102,0,44,0,6,11,12,3,2,0,0.84,3.828641396489095,0,0.7990222809591767
ESP,2223,Rayo Vallecano,11,19,9,5,5,28,22,6,32,1.68,19,4,5,10,17,31,-14,17,0.89,28,27.9,51.2,38,3420,41,29,70,37,4,8,90,6,1.08,0.76,1.84,0.97,1.74,418,183,267,1.29,45,53,-8,-0.21,NA,49,1,1,0,0,41,38,0,0,3,7.372395833333333,0.6829268292682927,1.5853658536585367,2.3902439024390243,0,2,0,0,0,2,42,6,12000000,0,0,0,12000000,37515,98800000,3952000,3000000,0.4229774756763961,0.045181927229108354,0.24424896707983473,0.48842105263157887,0.3441295546558704,6251358.1234173,25,7272727.2727272725,1.29,16.300417291085605,0,0,0,0,40,0,3,4,6,2,2,0,1.11,3.7376696182833684,1,0.8595617419698788
ESP,2324,Rayo Vallecano,17,19,4,8,7,18,26,-8,20,1.05,19,4,6,9,11,22,-11,18,0.95,26,29.4,49.4,38,3420,29,12,41,23,6,6,108,5,0.76,0.32,1.08,0.61,0.92,418,186,255,1,29,48,-19,-0.5,NA,38,1,1,0,0,42,38,0,0,4,7.0233739837398375,0.5952380952380952,1.6666666666666667,2.4047619047619047,0,2,1,0,0,1,66,11,15100000,13500000,0,0,1600000,41240,57600000,2400000,2200000,0.3837536372453928,0.11416100872938895,0.19662948593598448,0.3353587962962963,0.2777777777777778,2978777.885548012,24,3636363.6363636362,1,16.530205368010318,0.6931471805599453,0,16.41820031748273,0,41,0,3,5,8,1,1,0,1.29,3.7612001156935624,0,0.8191639185257032
ESP,2425,Rayo Vallecano,8,19,6,8,5,24,26,-2,26,1.37,19,7,5,7,17,19,-2,26,1.37,26,29.3,51.7,38,3420,38,27,65,38,0,1,96,3,1,0.71,1.71,1,1.71,418,188,256,1.37,41,45,-4,-0.11,→ Conference League via league finish,52,1,1,0,0,42,38,0,0,4,6.806910569105691,0.6904761904761905,1.5714285714285714,2.4523809523809526,0,4,2,2,0,0,460,63,284000000,42000000,242000000,0,0,41397,67700000,2417857.1428571427,1900000,0.40534338237070316,0.07502959151629345,0.19496581877913857,0.4694555813462755,0.3397341211225997,3494477.8607145445,28,4454545.454545454,1.37,19.464484799646605,1.0986122886681098,1.0986122886681098,17.553180200057167,19.30444828825319,41,0,4,8,10,3,1,0,1,3.7612001156935624,0,0.784474621793061
ESP,1516,Real Betis,10,19,6,6,7,17,23,-6,24,1.26,19,5,6,8,17,29,-12,21,1.11,29,27.4,46.7,38,3420,34,25,59,31,3,4,114,5,0.89,0.66,1.55,0.82,1.47,418,114,151,1.18,34,52,-18,-0.47,NA,45,0,0,0,0,42,38,0,0,4,6.484756097560976,0.7857142857142857,1.7380952380952381,2.761904761904762,0,17,7,2,0,8,447,75,140400000,45400000,15500000,0,79500000,40864,55500000,1982142.857142857,2000000,0.3287490211433046,0.17475039154267816,0.13579189506656225,0.2709781209781208,0.21621621621621623,2255880.4815974943,28,2954545.4545454546,1.18,18.760006056678492,2.0794415416798357,1.0986122886681098,17.63102268503801,16.5563506464056,41,0,4,8,9,4,2,0,NA,3.7612001156935624,0,0.7635287783868442
ESP,1617,Real Betis,15,19,6,7,6,22,24,-2,25,1.32,19,4,2,13,19,40,-21,14,0.74,27,26.1,47.9,38,3420,41,27,68,39,2,2,106,5,1.08,0.71,1.79,1.03,1.74,418,111,154,1.03,41,64,-23,-0.61,NA,39,0,0,0,0,40,38,0,0,2,6.99866452991453,0.775,1.55,2.475,0,29,8,4,1,16,1155,129,442000000,148500000,97000000,1000000,195500000,37987,82100000,3157692.3076923075,2500000,0.37299602495590595,0.174665016979493,0.21404691078526863,0.4208282582216807,0.292326431181486,4160549.6617263802,26,5500000,1.03,19.906820442304415,2.1972245773362196,1.6094379124341003,18.816095522941033,18.390221546776935,39,0,3,4,4,3,2,0,1.18,3.713572066704308,0,0.7564635748593419
ESP,1718,Real Betis,6,19,10,4,5,35,31,4,34,1.79,19,8,2,9,25,30,-5,26,1.37,29,27.1,56.9,38,3420,56,43,99,54,2,3,91,3,1.47,1.13,2.61,1.42,2.55,418,113,153,1.58,60,61,-1,-0.03,"→ Europa League via league finish 1 1. Since Copa del Rey winners Barcelona qualified for Champions League, all Europa League berths were awarded based on league position.",60,0,0,0,0,40,38,0,0,2,6.97008547008547,0.675,1.575,2.475,0,35,13,2,0,20,1239,172,700800000,135800000,16000000,0,549000000,39506,132250000,4408333.333333333,3500000,0.3055485242747937,0.10709765605224524,0.18435174403888016,0.5213232514177693,0.3516068052930057,6146375.23414165,30,8772727.272727273,1.58,20.367733099013396,2.6390573296152584,1.0986122886681098,18.72669378045264,16.588099342704055,39,0,3,5,6,1,1,0,1.03,3.713572066704308,1,0.7006230836845403
ESP,1819,Real Betis,10,19,8,5,6,25,26,-1,29,1.53,19,6,3,10,19,26,-7,21,1.11,25,26.7,61.8,38,3420,43,30,73,38,5,7,89,1,1.13,0.79,1.92,1,1.79,418,113,153,1.32,44,52,-8,-0.21,NA,50,0,0,0,0,54,38,8,0,8,5.18062106918239,1.1111111111111112,2.4074074074074074,3.7037037037037037,1,28,15,1,0,12,594,107,1333000000,848000000,100000000,0,385000000,51153,261500000,10895833.333333334,5500000,0.3951869880554415,0.11369812132230758,0.1877895724590933,0.5216857871255576,0.3824091778202677,15394725.627040448,24,19909090.90909091,1.32,21.010697878893172,2.772588722239781,0.6931471805599453,20.55839119493542,18.420680753952364,53,0,13,19,24,17,8,1,1.58,4.007333185232471,1,0.7732510588924425
ESP,1920,Real Betis,15,19,9,4,6,34,27,7,31,1.63,19,1,7,11,14,33,-19,10,0.53,27,27.5,56.7,38,3420,48,35,83,42,6,8,108,9,1.26,0.92,2.18,1.11,2.03,418,132,182,1.08,48,60,-12,-0.32,NA,41,0,0,1,0,41,38,0,0,3,8.397395833333334,0.8048780487804879,1.8780487804878048,2.731707317073171,0,28,13,1,2,12,1061,128,1071200000,570700000,20000000,48000000,432500000,38714,241600000,9292307.692307692,7000000,0.34279588779252984,0.12318541096244252,0.17502712197137987,0.450012735608762,0.2897350993377483,12262938.47187064,26,16954545.454545453,1.08,20.79204535327477,2.6390573296152584,0.6931471805599453,20.162374237259172,16.811242881518265,40,0,5,10,11,6,4,1,1.32,3.7376696182833684,0,0.7232832342658287
ESP,2021,Real Betis,6,19,10,5,4,27,21,6,35,1.84,19,7,5,7,23,29,-6,26,1.37,25,27.9,53.6,38,3420,50,35,85,42,8,11,93,8,1.32,0.92,2.24,1.11,2.03,418,155,276,1.61,50,50,0,0,"→ Europa League via league finish 1 1. Since Copa del Rey winners Barcelona qualified for Champions League, all European competition berths were awarded based on league position.",61,1,0,1,0,43,38,0,0,5,5.98015873015873,0.9302325581395349,2,3.116279069767442,0,29,9,2,7,11,550,99,840200000,260200000,12000000,83000000,485000000,41851,195100000,7804000,6000000,0.3585577405557812,0.1905569759384483,0.21793983417361593,0.5059559200410046,0.3690415171706817,10436969.248046642,25,14500000,1.61,20.54915051788975,2.302585092994046,1.0986122886681098,19.376961127885878,16.300417291085605,42,0,4,12,14,8,2,0,1.08,3.784189633918261,1,0.7197909826239064
ESP,2122,Real Betis,5,19,10,2,7,34,22,12,32,1.68,19,9,6,4,28,18,10,33,1.74,31,28.9,53.7,38,3420,60,45,105,54,6,6,87,6,1.58,1.18,2.76,1.42,2.61,418,161,266,1.71,62,40,22,0.58,→ Europa League via cup win,65,1,1,0,0,56,38,10,0,8,5.073863636363637,1.1607142857142858,2.375,3.6785714285714284,1,13,10,0,0,3,520,87,277000000,194000000,0,0,83000000,56276,255900000,7996875,4000000,0.4638211671049826,0.0997938730542327,0.18320420783282393,0.5589952129738178,0.33216100039077767,12995076.053735163,32,18363636.363636363,1.71,19.43952806776172,2.3978952727983707,0,19.083368722182243,0,55,0,16,24,28,19,7,1,1.61,4.04305126783455,1,0.7076526563915188
ESP,2223,Real Betis,6,19,9,5,5,26,18,8,32,1.68,19,8,4,7,20,23,-3,28,1.47,30,28.6,50.6,38,3420,43,26,69,35,8,9,83,15,1.13,0.68,1.82,0.92,1.61,418,165,254,1.58,46,41,5,0.13,→ Europa League via league finish,60,1,1,0,0,49,38,8,0,3,6.103732638888889,1.0612244897959184,2.183673469387755,3.2857142857142856,1,8,2,2,0,4,430,59,854500000,140000000,464000000,0,250500000,47142,226900000,7563333.333333333,5500000,0.3768401849730601,0.10841712273556489,0.15436341266810913,0.5077126487439401,0.2996914940502424,10894256.713758431,30,15545454.545454545,1.58,20.566027061690196,1.0986122886681098,1.0986122886681098,18.757152987716434,19.955395112345702,48,0,6,14,19,12,6,1,1.71,3.912023005428146,1,0.7008001394815365
ESP,2324,Real Betis,7,19,9,7,3,27,19,8,34,1.79,19,5,8,6,21,26,-5,23,1.21,35,27.8,50.4,38,3420,46,31,77,44,2,3,87,3,1.21,0.82,2.03,1.16,1.97,418,164,237,1.5,48,45,3,0.08,→ Conference League via league finish,57,1,1,0,0,49,38,8,2,3,5.959635416666667,0.9387755102040817,2.020408163265306,3.061224489795918,1,21,8,2,0,11,1190,205,1139100000,234600000,156000000,0,748500000,45672,181100000,5174285.714285715,3000000,0.323195831143808,0.08296111403047819,0.12872219302855142,0.5103257868580895,0.27056874654886803,7342667.279733754,35,11454545.454545455,1.5,20.853504314748026,2.1972245773362196,1.0986122886681098,19.273392498446224,18.86536657162407,48,0,9,15,19,12,4,1,1.58,3.912023005428146,1,0.6410265085481848
ESP,2425,Real Betis,6,19,9,7,3,32,21,11,34,1.79,19,7,5,7,25,29,-4,26,1.37,36,27.5,52.4,38,3420,55,37,92,48,7,10,75,4,1.45,0.97,2.42,1.26,2.24,418,179,230,1.58,57,50,7,0.18,→ Europa League via league finish,60,1,1,0,0,59,38,17,17,4,4.930675287356322,1.1016949152542372,2.457627118644068,3.6610169491525424,1,25,12,1,0,12,1359,241,1516600000,670900000,138000000,0,707700000,55967,259700000,7213888.888888889,3750000,0.3840298747476191,0.16213125591866637,0.1266996623009988,0.5713964831215506,0.346553715825953,9302951.739417871,36,17545454.545454547,1.58,21.13973682489048,2.5649493574615367,0.6931471805599453,20.32413065402365,18.742764250367856,58,0,14,23,25,14,4,1,1.5,4.0943445622221,1,0.5302200473243346
ESP,1516,Real Madrid,2,19,16,1,2,70,16,54,49,2.58,19,12,5,2,40,18,22,41,2.16,24,26.5,57.3,38,3420,108,86,194,102,6,9,75,5,2.84,2.26,5.11,2.68,4.95,418,106,160,2.37,110,34,76,2,→ Champions League via Champions League win,90,0,0,0,0,53,38,13,0,2,5.365584935897436,1.0754716981132075,2.3207547169811322,3.5849056603773586,1,45,18,3,0,24,917,166,6138000000,4043000000,380000000,0,1715000000,49023,660000000,33000000,22500000,0.3027150521183934,0.14599269730534647,0.17387756767231707,0.45621212121212107,0.3939393939393939,39058115.578401975,20,51363636.36363637,2.37,22.537764793306874,2.9444389791664403,1.3862943611198906,22.120252827852386,19.755681813316283,52,0,6,14,22,14,5,1,NA,3.9889840465642745,0,0.7604234891370295
ESP,1617,Real Madrid,1,19,14,4,1,48,20,28,46,2.42,19,15,2,2,58,21,37,47,2.47,24,27,56.2,38,3420,106,83,189,100,6,8,76,2,2.79,2.18,4.97,2.63,4.82,419,111,155,2.45,106,41,65,1.71,→ Champions League via Champions League win,93,0,0,0,0,58,38,13,0,7,5.22733918128655,1.206896551724138,2.586206896551724,3.7241379310344827,1,46,11,0,0,35,1043,213,8253000000,2190000000,0,0,6063000000,58112,787600000,29170370.37037037,25000000,0.2841581773127753,0.03983686674008811,0.16898403083700442,0.4744841337020109,0.3174200101574403,39230811.19218062,27,53909090.90909091,2.45,22.833842607678125,2.4849066497880004,0,21.50716738123144,0,57,0,13,25,30,21,7,1,2.37,4.07753744390572,0,0.7277216241382577
ESP,1718,Real Madrid,3,19,12,4,3,54,20,34,40,2.11,19,10,6,3,40,24,16,36,1.89,24,27.1,60.2,38,3420,91,65,156,83,8,10,67,4,2.39,1.71,4.11,2.18,3.89,418,105,161,2,94,44,50,1.32,→ Champions League via Champions League win,76,0,0,0,0,60,38,13,0,9,4.932909604519774,1.1166666666666667,2.533333333333333,3.7666666666666666,1,43,18,4,0,21,856,195,7906600000,4155000000,347000000,0,3404600000,59347,954650000,32918965.51724138,25000000,0.37176268387618583,0.05385276425093097,0.1566549277975298,0.521068382165697,0.28282616665793747,48651502.182081655,29,68636363.63636364,2,22.79096369079555,2.9444389791664403,1.6094379124341003,22.147578265494495,19.664835340792976,59,0,11,27,31,17,4,1,2.45,4.110873864173311,1,0.7088298331164214
ESP,1819,Real Madrid,3,19,13,1,5,32,15,17,40,2.11,19,8,4,7,31,31,0,28,1.47,27,27.1,60.1,38,3420,61,39,100,52,9,9,83,6,1.61,1.03,2.63,1.37,2.39,418,112,154,1.79,63,46,17,0.45,→ Champions League via league finish,68,0,0,0,0,55,38,8,0,9,5.121913580246914,1.1636363636363636,2.4727272727272727,3.672727272727273,1,48,24,4,0,20,1030,217,7939000000,4284000000,335000000,0,3320000000,54661,884550000,29485000,25000000,0.33618118951354714,0.055066683741607364,0.1565833043669161,0.42705895653156967,0.22610366853202193,40169227.60286127,30,55909090.90909091,1.79,22.79505315981535,3.2188758248682006,1.6094379124341003,22.17815298976534,19.629641092774417,54,0,12,24,29,18,7,1,2,4.02535169073515,0,0.7184739896446731
ESP,1920,Real Madrid,1,19,15,4,0,40,11,29,49,2.58,19,11,5,3,30,14,16,38,2,26,27.6,58.8,38,3420,69,52,121,58,11,11,82,4,1.82,1.37,3.18,1.53,2.89,418,120,198,2.29,70,25,45,1.18,→ Champions League via league finish,87,0,0,1,0,51,38,8,0,5,7.1225,1.0980392156862746,2.235294117647059,3.4313725490196076,1,53,23,4,1,25,1381,230,7291000000,2376000000,1707000000,0,3208000000,50748,882000000,33923076.92307692,32000000,0.3858871285567904,0.1822731930322377,0.18621423504374557,0.297531833246119,0.23582766439909297,39679366.67454875,26,51272727.27272727,2.29,22.70990654790786,3.1780538303479458,1.6094379124341003,21.588684238867685,21.25800328134454,50,0,8,17,19,16,5,1,1.79,3.9512437185814275,0,0.7738883571277239
ESP,2021,Real Madrid,2,19,13,3,3,33,13,20,42,2.21,19,12,6,1,34,15,19,42,2.21,30,27.9,59.3,38,3420,64,53,117,61,3,3,59,2,1.68,1.39,3.08,1.61,3,418,137,217,2.21,67,28,39,1.03,→ Champions League via league finish,84,1,0,1,0,52,38,12,0,2,4.7818627450980395,1.1346153846153846,2.519230769230769,3.8653846153846154,1,71,27,9,10,25,1741,335,10371000000,5177500000,767500000,1360000000,3066000000,47017,723400000,24944827.586206898,18000000,0.4332262798562222,0.13118659208371442,0.20148031563051663,0.45226087536823223,0.28338401990599943,34421049.83303911,29,47727272.72727273,2.21,23.06227928665043,3.332204510175204,2.302585092994046,22.367588151427157,20.45864903872856,51,0,6,17,23,12,6,1,2.29,3.970291913552122,0,0.7212029488827243
ESP,2122,Real Madrid,1,19,13,5,1,44,13,31,44,2.32,19,13,3,3,36,18,18,42,2.21,31,27.7,59.9,38,3420,80,59,139,72,8,12,76,0,2.11,1.55,3.66,1.89,3.45,418,163,248,2.26,80,31,49,1.29,→ Champions League via league finish,86,1,1,0,0,56,38,13,0,5,5.21780303030303,1.0357142857142858,2.3214285714285716,3.4285714285714284,1,88,18,11,20,39,1440,286,5451000000,1999000000,345000000,707000000,2400000000,56737,757750000,24443548.387096774,12000000,0.4330507429014576,0.033893226642226416,0.1679327423022014,0.5557412117793552,0.303530188056747,41428886.79345048,31,55454545.45454545,2.26,22.419064915212008,2.9444389791664403,2.4849066497880004,21.415912892964926,19.659054977894186,55,0,6,21,25,12,3,1,2.21,4.04305126783455,1,0.747078286439271
ESP,2223,Real Madrid,2,19,13,5,1,44,16,28,44,2.32,19,11,1,7,31,20,11,34,1.79,26,27.4,60.9,38,3420,73,56,129,64,9,12,72,3,1.92,1.47,3.39,1.68,3.16,418,151,248,2.05,75,36,39,1.03,→ Champions League via league finish,78,1,1,0,0,59,38,12,0,9,5.135416666666667,1.2542372881355932,2.7796610169491527,4.067796610169491,1,42,18,1,0,23,543,128,4547500000,2915500000,72000000,0,1560000000,59038,915750000,33916666.666666664,15000000,0.386615400250686,0.028252989599918697,0.21172803956773603,0.5718243496021274,0.3822003822003822,52495325.04488634,27,70181818.18181819,2.05,22.237843468576454,2.9444389791664403,0.6931471805599453,21.79330716896948,18.09217669086922,58,0,6,25,32,22,8,1,2.26,4.0943445622221,1,0.7479903827639245
ESP,2324,Real Madrid,1,19,16,3,0,48,9,39,51,2.68,19,13,5,1,39,17,22,44,2.32,27,27.4,59.2,38,3420,85,66,151,83,2,5,69,4,2.24,1.74,3.97,2.18,3.92,418,164,192,2.5,87,26,61,1.61,→ Champions League via league finish,95,1,1,0,0,55,38,13,0,4,5.443287037037037,0.9818181818181818,2.1818181818181817,3.4,1,28,13,3,0,12,1491,290,14017000000,3634000000,5560000000,0,4823000000,52550,1106100000,39503571.428571425,13500000,0.39550903901046625,0.0982873453853473,0.2086964795432921,0.6380493884562233,0.4339571467317602,60554038.05899144,28,88454545.45454545,2.5,23.363536715698675,2.6390573296152584,1.3862943611198906,22.01359980719557,22.438863945388757,54,0,6,16,22,9,3,1,2.05,4.02535169073515,1,0.684578025332894
ESP,2425,Real Madrid,2,19,16,1,2,45,19,26,49,2.58,19,10,5,4,33,19,14,35,1.84,30,26.6,60.4,38,3420,78,55,133,68,10,14,57,4,2.05,1.45,3.5,1.79,3.24,418,144,213,2.21,78,38,40,1.05,→ Champions League via league finish,84,1,1,0,0,61,38,14,0,9,4.713368055555556,1.2622950819672132,2.6557377049180326,4.081967213114754,1,44,26,2,0,16,1545,313,10953600000,5781000000,2098000000,0,3074600000,61590,1209450000,39014516.12903226,18000000,0.4435947394057477,0.012502029550251665,0.2086702386751096,0.6583424350444551,0.43821571788829633,70340980.6786816,31,95000000,2.21,23.116934006391435,3.295836866004329,1.0986122886681098,22.47784251521973,21.46425034739716,60,0,5,30,37,26,10,1,2.5,4.127134385045092,1,0.7404313755650694
ESP,1516,Real Sociedad,9,19,7,5,7,22,20,2,26,1.37,19,6,4,9,23,28,-5,22,1.16,27,25.3,51.8,38,3420,44,31,75,43,1,1,109,5,1.16,0.82,1.97,1.13,1.95,418,110,156,1.26,45,48,-3,-0.08,NA,48,0,0,0,0,40,38,0,0,2,6.797008547008547,0.725,1.7,2.525,0,16,7,2,0,7,1451,181,616000000,151000000,174000000,0,291000000,39272,115400000,4616000,3000000,0.39351191688734977,0.14030352413933592,0.21822163373395803,0.47064124783362216,0.389948006932409,6377999.592585048,25,8136363.636363637,1.26,20.23875752312117,2.0794415416798357,1.0986122886681098,18.832790401401716,18.974565862925928,39,0,2,4,6,0,2,0,NA,3.713572066704308,0,0.7838882180830784
ESP,1617,Real Sociedad,6,19,10,5,4,30,24,6,35,1.84,19,9,2,8,29,29,0,29,1.53,27,26,56.7,38,3420,56,39,95,49,7,8,89,6,1.47,1.03,2.5,1.29,2.32,418,109,156,1.68,59,53,6,0.16,"→ Europa League via league finish 1 1. Since Copa del Rey winners Barcelona qualified for Champions League, all Europa League berths were awarded based on league position.",64,0,0,0,0,44,38,0,0,6,6.345445736434108,0.7954545454545454,1.8409090909090908,2.8181818181818183,0,31,14,1,0,16,1226,161,521100000,253800000,46000000,0,221300000,43120,153250000,5894230.769230769,3000000,0.450904452690167,0.056261595547309834,0.22715677179962895,0.5280838248211821,0.3262642740619902,9574255.565862708,26,11681818.181818182,1.68,20.07145252179846,2.70805020110221,0.6931471805599453,19.35205711718467,17.6441519761925,43,0,4,11,14,5,3,1,1.26,3.8066624897703196,1,0.8195860795680139
ESP,1718,Real Sociedad,12,19,10,3,6,47,29,18,33,1.74,19,4,4,11,19,30,-11,16,0.84,27,25.9,56.5,38,3420,64,47,111,60,4,5,64,5,1.68,1.24,2.92,1.58,2.82,418,108,158,1.29,66,59,7,0.18,NA,49,0,0,0,0,48,38,8,0,2,5.8320035460992905,0.9791666666666666,2.1458333333333335,3.2083333333333335,1,45,21,1,0,23,1511,208,1477800000,769700000,10000000,0,698100000,47467,232650000,8308928.571428572,3500000,0.4205869340805191,0.07539975140624013,0.1655887247982809,0.5962435909244419,0.39544379969911886,12523638.527819328,28,17954545.454545453,1.29,21.113820332995502,3.091042453358316,0.6931471805599453,20.461511387803753,16.118095750958314,47,0,13,14,15,9,3,1,1.68,3.8918202981106265,1,0.6975191078785449
ESP,1819,Real Sociedad,9,19,7,6,6,23,20,3,27,1.42,19,6,5,8,22,26,-4,23,1.21,30,24.9,51.7,38,3420,44,27,71,36,8,10,82,4,1.16,0.71,1.87,0.95,1.66,418,110,156,1.32,45,46,-1,-0.03,NA,50,0,0,0,0,42,38,0,0,4,6.654471544715447,0.8571428571428571,1.7857142857142858,2.5714285714285716,0,44,18,0,0,26,1711,243,2107600000,1075500000,0,0,1032100000,41502,300200000,10006666.666666666,5000000,0.41949785552503494,0.06105729844344851,0.215098067563009,0.5567621585609592,0.36642238507661556,16104503.39742663,30,21363636.363636363,1.32,21.468815696773877,2.9444389791664403,0,20.79605150760186,0,41,0,4,6,8,3,2,0,1.29,3.7612001156935624,1,0.7538278186029487
ESP,1920,Real Sociedad,6,19,9,4,6,33,20,13,31,1.63,19,7,4,8,23,28,-5,25,1.32,27,24.8,56.2,38,3420,54,38,92,50,4,5,79,2,1.42,1,2.42,1.32,2.32,418,126,195,1.47,56,48,8,0.21,→ Europa League via league finish,56,0,0,1,0,46,38,0,0,8,13.224537037037036,0.9347826086956522,2.0434782608695654,2.9347826086956523,0,11,6,0,1,4,1061,166,1254500000,636300000,0,0,618200000,2276,46650000,4240909.090909091,2400000,0.13181019332161686,0.3163444639718805,0.4156414762741652,0.5859885023872162,0.7609860664523044,5005360.281195079,11,4240909.090909091,1.47,20.950002924567883,1.9459101490553132,0,20.271180709774605,0,45,0,5,14,17,9,5,1,1.32,3.8501476017100584,1,1.1802564435829768
ESP,2021,Real Sociedad,5,19,9,6,4,34,21,13,33,1.74,19,8,5,6,25,17,8,29,1.53,30,25,54.9,38,3420,58,39,97,49,9,12,81,1,1.53,1.03,2.55,1.29,2.32,418,177,235,1.63,59,38,21,0.55,→ Europa League via league finish,62,1,0,1,0,49,38,8,0,3,5.230902777777778,1.0816326530612246,2.2653061224489797,3.510204081632653,1,21,15,0,2,4,479,78,1230300000,677300000,0,72000000,481000000,49092,402650000,12988709.677419355,8000000,0.45911757516499635,0.10956978733805915,0.18756620223254297,0.544609702655392,0.37253197566124424,19897912.08343518,31,27727272.727272727,1.63,20.930523879843207,2.772588722239781,0,20.333624865661584,0,48,0,6,14,19,12,4,1,1.47,3.912023005428146,1,0.7176296161238918
ESP,2122,Real Sociedad,6,19,10,5,4,16,9,7,35,1.84,19,7,6,6,24,28,-4,27,1.42,32,25.7,54.3,38,3420,40,22,62,31,9,10,77,4,1.05,0.58,1.63,0.82,1.39,418,179,237,1.63,40,37,3,0.08,→ Europa League via league finish,62,1,1,0,0,51,38,8,0,5,5.601666666666667,1.1176470588235294,2.1372549019607843,3.3529411764705883,1,24,15,1,2,6,1306,217,4533900000,1709400000,2700000000,30000000,94500000,49131,359300000,10887878.787878787,5000000,0.518532087683947,0.0360668417089007,0.18238993710691823,0.6106486518398571,0.3896465349290287,19889055.78962366,33,26272727.272727273,1.63,22.23484833342902,2.772588722239781,0.6931471805599453,21.25940826928119,21.716517610327063,50,0,10,20,24,18,4,1,1.63,3.9512437185814275,1,0.75702288472616
ESP,2223,Real Sociedad,4,19,11,5,3,26,16,10,38,2,19,10,3,6,25,19,6,33,1.74,30,25.9,54.6,38,3420,47,36,83,45,2,4,90,2,1.24,0.95,2.18,1.18,2.13,418,178,267,1.87,51,35,16,0.42,→ Champions League via league finish,71,1,1,0,0,51,38,8,0,5,5.880833333333333,1,2.215686274509804,3.3333333333333335,1,36,19,1,0,16,1277,215,2455100000,744000000,918000000,0,793100000,50211,370100000,11565625,5500000,0.45105654139531176,0.05271753201489714,0.1664973810519607,0.5904231964333964,0.3512564171845447,19195698.153791003,32,27181818.181818184,1.87,21.62143333096819,2.995732273553991,0.6931471805599453,20.427551594141452,20.637707949674088,50,0,12,15,18,12,6,1,1.63,3.9512437185814275,1,0.7061962531495017
ESP,2324,Real Sociedad,6,19,8,6,5,26,20,6,30,1.58,19,8,6,5,25,19,6,30,1.58,31,25.8,55.3,38,3420,48,36,84,44,4,4,98,2,1.26,0.95,2.21,1.16,2.11,418,178,271,1.58,51,39,12,0.32,→ Europa League via league finish,60,1,1,0,0,53,38,8,0,7,5.5186298076923075,1.0566037735849056,2.2641509433962264,3.339622641509434,1,47,25,1,1,20,1183,190,2352900000,1230000000,176000000,54000000,892900000,52740,485450000,15659677.41935484,10000000,0.4667235494880546,0.055745164960182024,0.19444444444444445,0.5482043597726087,0.3089916572252549,25978586.46188851,31,34545454.54545455,1.58,21.578914447276013,3.258096538021482,0.6931471805599453,20.930280007143747,18.985994558684244,52,0,4,18,26,14,3,1,1.87,3.9889840465642745,1,0.7520117133704569
ESP,2425,Real Sociedad,11,19,8,3,8,20,20,0,27,1.42,19,5,4,10,15,26,-11,19,1,31,25.1,53.8,38,3420,34,22,56,30,4,4,85,4,0.89,0.58,1.47,0.79,1.37,418,181,268,1.21,35,46,-11,-0.29,NA,46,1,1,0,0,57,38,12,0,7,4.980096726190476,1.1228070175438596,2.491228070175439,3.8771929824561404,1,19,6,1,0,12,711,133,972500000,189000000,74000000,0,709500000,54294,328500000,9954545.454545455,6000000,0.4737171694846576,0.03493940398570745,0.20000368364828527,0.5707116830404502,0.350076103500761,17162587.02619074,33,22727272.727272727,1.21,20.695380634485154,1.9459101490553132,0.6931471805599453,19.05725757831492,18.119575664681957,56,0,10,22,26,16,9,1,1.58,4.060443010546419,1,0.7551538291523926
FRA,1516,Reims,18,19,7,5,7,28,23,5,26,1.37,19,3,4,12,16,34,-18,13,0.68,31,26.9,47.6,38,3420,43,30,73,41,2,3,88,0,1.13,0.79,1.92,1.08,1.87,418,113,153,1.03,44,57,-13,-0.34,Relegated,39,0,0,0,0,39,38,0,0,1,7.3464912280701755,0.717948717948718,1.7179487179487178,2.4358974358974357,0,4,0,0,0,4,177,31,83000000,0,0,0,83000000,38547,42950000,1342187.5,1125000,0.34614885723921446,0.14911666277531324,0.14756012141022648,0.4058134458672875,0.23282887077997672,1720608.6076737489,32,2477272.727272727,1.03,18.234351177809064,0,0,0,0,38,0,1,6,8,4,1,0,NA,3.6888794541139363,0,0.6945576030976601
FRA,1819,Reims,8,19,8,7,4,21,18,3,31,1.63,19,5,9,5,18,24,-6,24,1.26,27,26.2,43.6,38,3420,39,27,66,37,2,2,67,2,1.03,0.71,1.74,0.97,1.68,418,112,154,1.45,39,42,-3,-0.08,NA,55,0,0,0,0,41,38,0,0,3,7.151128472222222,0.6829268292682927,1.5609756097560976,2.4390243902439024,0,9,3,2,0,4,616,91,411250000,31250000,256000000,0,124000000,41153,83850000,3225000,2250000,0.38553689888950987,0.1427599445969917,0.21349597842198625,0.4730746296041466,0.3279666070363745,4504285.228294414,26,5954545.454545454,1.45,19.834711862475466,1.3862943611198906,1.0986122886681098,17.257529966146684,19.360688006350088,40,0,3,5,7,4,1,0,1.03,3.7376696182833684,0,0.7564448474998252
FRA,1920,Reims,6,14,5,7,2,12,7,5,22,1.57,14,5,4,5,14,14,0,19,1.36,26,25.3,48.9,28,2520,26,16,42,21,5,5,57,5,0.93,0.57,1.5,0.75,1.32,308,81,115,1.46,26,21,5,0.18,→ Europa League via league finish,41,0,0,1,0,43,38,0,0,5,6.827976190476191,0.5813953488372093,1.4651162790697674,2.1627906976744184,0,10,5,0,2,3,290,29,128900000,91500000,0,1400000,36000000,32778,80700000,3103846.153846154,2500000,0.39065836841784124,0.14884983830618098,0.17615473793398012,0.4028929558669334,0.275092936802974,3970842.4858136554,26,5354545.454545454,1.46,18.674547475667367,1.791759469228055,0,18.331849541174712,0,35,0,3,4,9,1,2,0,1.45,3.784189633918261,0,0.7415834863149442
FRA,2021,Reims,14,19,4,8,7,16,21,-5,20,1.05,19,5,7,7,26,29,-3,22,1.16,29,24.6,44.9,38,3420,39,23,62,34,5,5,77,8,1.03,0.61,1.63,0.89,1.5,418,145,195,1.11,42,50,-8,-0.21,NA,42,1,0,1,0,41,38,2,0,1,6.833333333333333,0.7804878048780488,1.6341463414634145,2.5853658536585367,1,17,4,0,2,11,399,57,177250000,43000000,0,8750000,125500000,38330,104325000,3597413.793103448,2500000,0.474015131750587,0.04675189146882337,0.22094964779546047,0.4909062363139063,0.3067337646776899,5803147.01278372,29,7136363.636363637,1.11,18.99307172901826,1.6094379124341003,0,17.57671069691365,0,40,0,2,9,9,6,2,0,1.46,3.7376696182833684,1,0.8131798361862538
FRA,2122,Reims,12,19,5,6,8,25,23,2,21,1.11,19,6,7,6,18,21,-3,25,1.32,35,24,42.2,38,3420,42,27,69,38,4,6,68,7,1.11,0.71,1.82,1,1.71,418,168,174,1.21,43,44,-1,-0.03,NA,46,1,1,0,0,41,38,0,0,3,7.15625,0.7317073170731707,1.6341463414634145,2.4878048780487805,0,21,12,2,0,7,1167,170,1087400000,718600000,242300000,0,126500000,40148,142550000,4072857.1428571427,2500000,0.45962438975789577,0.05808508518481618,0.20822955066254856,0.5136844215062386,0.3297088740792704,5929536.9632360265,35,8818181.818181818,1.21,20.80705536359572,2.5649493574615367,1.0986122886681098,20.39281543403529,19.30568718991387,40,0,0,4,6,2,1,0,1.11,3.7376696182833684,1,0.6724217174803742
FRA,2223,Reims,11,19,8,6,5,28,23,5,30,1.58,19,4,9,6,17,22,-5,21,1.11,34,24.9,48.7,38,3420,45,31,76,38,7,8,70,9,1.18,0.82,2,1,1.82,418,162,179,1.34,45,45,0,0,NA,51,1,1,0,0,41,38,0,0,3,7.500260416666666,0.8048780487804879,1.6829268292682926,2.658536585365854,0,22,9,0,1,12,832,101,349700000,225000000,0,2500000,122200000,39488,141000000,4700000,2500000,0.4382090761750405,0.10947629659643436,0.16166936790923825,0.5874704491725766,0.425531914893617,7249274.463128039,30,10272727.272727273,1.34,19.672586204893197,2.302585092994046,0,19.23161096461314,0,40,0,1,4,9,5,2,0,1.21,3.7376696182833684,1,0.7056815849062692
FRA,2324,Reims,9,17,8,3,6,19,18,1,27,1.59,17,5,5,7,23,29,-6,20,1.18,29,25.9,50.4,34,3060,40,28,68,37,3,4,70,3,1.18,0.82,2,1.09,1.91,374,155,151,1.38,42,47,-5,-0.15,NA,47,1,1,0,1,36,34,0,0,2,8.033333333333333,0.5277777777777778,1.3333333333333333,2.0833333333333335,0,18,8,1,0,9,828,93,494300000,101800000,10000000,0,382500000,34737,120650000,4468518.518518519,4000000,0.3326712151308403,0.12502518927944267,0.15764170768920746,0.47185768445610976,0.2652300041442188,6422582.548867202,27,8545454.545454545,1.38,20.01865318030025,2.1972245773362196,0.6931471805599453,18.43852067190388,16.118095750958314,35,0,0,0,0,0,1,0,1.34,3.6109179126442243,0,0.7515788089099918
FRA,2425,Reims,16,17,4,4,9,17,25,-8,16,0.94,17,4,5,8,16,22,-6,17,1,34,24.5,44.1,34,3060,32,19,51,31,1,2,66,6,0.94,0.56,1.5,0.91,1.47,374,148,160,0.97,33,47,-14,-0.41,→ French 1/2 Relegation/Promotion play-offs,33,1,1,0,1,42,34,0,0,8,6.952743902439025,0.6428571428571429,1.619047619047619,2.642857142857143,0,23,9,1,0,13,1645,203,728600000,194600000,78000000,0,456000000,39172,125500000,4048387.0967741935,3000000,0.45604002859185133,0.08687327683038905,0.23018993158378434,0.472484256522298,0.2948207171314741,6383771.571530685,31,8000000,0.97,20.40663544391123,2.302585092994046,0.6931471805599453,19.086456732854924,18.17221939747438,41,0,2,4,6,3,1,0,1.38,3.7612001156935624,0,0.7979714464413356
FRA,1516,Rennes,8,19,6,7,6,25,25,0,25,1.32,19,7,6,6,27,29,-2,27,1.42,31,26.2,50.4,38,3420,48,32,80,45,3,7,74,NA,1.26,0.84,2.11,1.18,2.03,418,113,153,1.37,52,54,-2,-0.05,NA,52,0,0,0,0,42,38,0,0,4,6.829268292682927,0.7142857142857143,1.619047619047619,2.5714285714285716,0,25,4,2,0,19,843,130,645750000,68500000,4500000,0,572750000,39489,89000000,2966666.6666666665,2000000,0.26663121375572946,0.11167666945225252,0.14264731950669807,0.4784644194756553,0.33707865168539325,3412072.982349515,30,5818181.818181818,1.37,20.28592299148881,1.6094379124341003,1.0986122886681098,18.042344317830995,15.319588176962746,41,0,3,7,8,3,2,0,NA,3.7612001156935624,0,0.5864500438413228
FRA,1617,Rennes,9,19,10,6,3,26,15,11,36,1.89,19,2,8,9,10,27,-17,14,0.74,31,26.3,52,38,3420,35,25,60,33,2,3,59,NA,0.92,0.66,1.58,0.87,1.53,418,110,156,1.32,36,42,-6,-0.16,NA,50,0,0,0,0,41,38,0,0,3,6.979166666666667,0.7560975609756098,1.6097560975609757,2.341463414634146,0,19,4,2,1,12,560,74,184000000,16000000,4000000,2500000,161500000,38326,67750000,2053030.303030303,1500000,0.4380316234410061,0.04172102489171842,0.18791420967489433,0.4169518058816952,0.28044280442804426,3023220.5291447057,33,3863636.3636363638,1.32,19.030446321008043,1.6094379124341003,1.0986122886681098,16.588099342704055,15.201805169084134,40,0,2,3,7,2,2,0,1.37,3.7376696182833684,0,0.7824806075433356
FRA,1718,Rennes,5,19,8,4,7,21,22,-1,28,1.47,19,8,6,5,29,22,7,30,1.58,28,24.2,49.9,38,3420,48,32,80,42,6,8,67,5,1.26,0.84,2.11,1.11,1.95,418,101,164,1.53,50,44,6,0.16,"→ Europa League via league finish 1 1. Since Coupe de France winners Paris Saint-Germain qualified for Champions League, all Europa League berths were awarded based on league position.",58,0,0,0,0,43,38,0,0,5,6.834325396825397,0.8372093023255814,1.7906976744186047,2.604651162790698,0,13,3,0,1,9,434,69,486000000,134000000,0,2000000,350000000,41954,124950000,4627777.777777778,3500000,0.41266625351575537,0.06066167707489155,0.20961052581398676,0.5175403494731226,0.3281312525010004,7281247.3184916815,27,9181818.181818182,1.53,20.001719183922383,1.3862943611198906,0,18.71335036537787,0,42,0,4,6,8,3,2,0,1.32,3.784189633918261,1,0.7930071336971138
FRA,1819,Rennes,10,19,8,7,4,27,18,9,31,1.63,19,5,6,8,28,34,-6,21,1.11,28,25.7,50.6,38,3420,52,34,86,45,7,10,70,3,1.37,0.89,2.26,1.18,2.08,418,105,161,1.37,55,52,3,0.08,→ Europa League via cup win 1 1. Rennes qualified for a Europa League group stage berth by virtue of winning the Coupe de France.,52,0,0,0,0,56,38,10,0,8,5.200820707070707,1.0535714285714286,2.267857142857143,3.5714285714285716,1,15,7,2,0,6,743,148,483500000,248000000,65000000,0,170500000,56198,147900000,5477777.777777778,4000000,0.39241610021708956,0.03322182284067049,0.19207089220256948,0.48426113740515375,0.36511156186612576,8201798.106694188,27,9954545.454545455,1.37,19.996561874925874,2.0794415416798357,1.0986122886681098,19.328939308161516,17.989897843244528,55,0,11,18,25,12,4,1,1.53,4.04305126783455,0,0.8239249239601467
FRA,1920,Rennes,3,14,9,2,3,25,14,11,29,2.07,14,6,3,5,13,10,3,21,1.5,26,25.5,49.6,28,2520,37,26,63,34,3,5,51,1,1.32,0.93,2.25,1.21,2.14,308,83,111,1.79,38,24,14,0.5,→ Champions League via league finish,50,0,0,1,0,51,38,6,0,7,5.7185077519379846,0.8431372549019608,1.8431372549019607,2.9215686274509802,1,17,7,2,1,7,416,60,279300000,163300000,8100000,16000000,91900000,41007,165200000,6118518.518518519,4800000,0.33538176408905795,0.10846928573170435,0.18816299656156266,0.5041700295937586,0.39648910411622273,8488647.060258005,27,11218181.818181818,1.79,19.447797034495785,2.0794415416798357,1.0986122886681098,18.911099564064394,15.90737474309945,43,0,8,14,17,8,4,1,1.37,3.9512437185814275,1,0.7566865288722695
FRA,2021,Rennes,6,19,9,4,6,26,21,5,31,1.63,19,7,6,6,26,19,7,27,1.42,32,25.5,59.1,38,3420,50,39,89,47,3,3,79,5,1.32,1.03,2.34,1.24,2.26,418,154,187,1.53,52,40,12,0.32,→ Europa Conference League via league finish,58,1,0,1,0,45,38,6,0,1,6.2272727272727275,0.8,1.7777777777777777,2.977777777777778,1,21,4,1,5,11,683,121,1145000000,155500000,385000000,144500000,460000000,43737,231800000,8585185.185185185,5000000,0.3366486041566637,0.1846491528911448,0.19534947527265245,0.4787332630300707,0.3968938740293356,11629604.225255504,27,15636363.636363637,1.53,20.858670474825978,1.6094379124341003,0.6931471805599453,18.86215629601443,19.76875389484946,44,0,3,11,14,3,5,1,1.79,3.828641396489095,0,0.7437537585919217
FRA,2122,Rennes,4,19,14,1,4,50,13,37,43,2.26,19,6,5,8,32,27,5,23,1.21,28,25.3,55.9,38,3420,81,61,142,77,4,4,56,2,2.13,1.61,3.74,2.03,3.63,418,168,173,1.74,82,40,42,1.11,→ Europa League via league finish,66,1,1,0,0,50,38,10,10,2,5.8435374149659864,0.94,2.02,3.06,1,24,8,0,5,11,759,144,1758100000,851600000,0,70000000,836500000,46733,295600000,10557142.857142856,8000000,0.317719812552158,0.06877367170949863,0.08565681638242784,0.5031654745795475,0.3382949932341001,12421528.68422742,28,20363636.363636363,1.74,21.287499517981814,2.1972245773362196,0,20.56262749215786,0,49,0,10,13,16,10,3,1,1.53,3.9318256327243257,1,0.6099857836004536
FRA,2223,Rennes,4,19,15,0,4,43,14,29,45,2.37,19,6,5,8,26,25,1,23,1.21,32,25.2,55.4,38,3420,66,47,113,63,3,3,58,6,1.74,1.24,2.97,1.66,2.89,418,174,167,1.79,69,39,30,0.79,→ Europa League via league finish,68,1,1,0,0,48,38,8,0,2,6.3864509456264775,0.875,2.0833333333333335,3.125,1,35,9,2,3,21,1361,203,3056000000,626000000,1000000000,36000000,1394000000,46560,352950000,12170689.655172413,9000000,0.3294029209621993,0.1540807560137457,0.13926116838487973,0.4184435618994582,0.2634934126646834,14946659.149484536,29,22363636.363636363,1.79,21.84037270857791,2.302585092994046,1.0986122886681098,20.254860930661817,20.72326583794641,47,0,8,9,11,5,3,1,1.74,3.8918202981106265,0,0.6683465473346744
FRA,2324,Rennes,10,17,7,4,6,34,26,8,25,1.47,17,5,6,6,19,20,-1,21,1.24,29,25.2,52.1,34,3060,53,29,82,43,10,11,66,4,1.56,0.85,2.41,1.26,2.12,374,160,145,1.35,53,46,7,0.21,NA,46,1,1,0,1,47,34,8,0,5,6.09050422705314,0.851063829787234,1.9148936170212767,3.0638297872340425,1,13,4,0,1,8,405,59,720000000,236000000,0,30000000,454000000,45096,286100000,10596296.296296297,9000000,0.2928419372006386,0.13258382118147952,0.1707690260777009,0.44749957927168693,0.26214610276127226,13645321.092779847,27,19454545.454545453,1.35,20.394761771363264,1.6094379124341003,0,19.279342367227173,0,46,0,8,12,14,6,3,1,1.79,3.871201010907891,0,0.7013950094419548
FRA,2425,Rennes,12,17,9,1,7,25,17,8,28,1.65,17,4,1,12,26,33,-7,13,0.76,35,25.1,50.9,34,3060,51,32,83,46,5,8,67,2,1.5,0.94,2.44,1.35,2.29,374,148,158,1.21,51,50,1,0.03,NA,41,1,1,0,1,36,34,0,0,2,7.7717261904761905,0.5833333333333334,1.3333333333333333,2.111111111111111,0,12,4,2,1,5,415,50,476000000,46000000,262000000,8000000,160000000,30620,241400000,8046666.666666667,7500000,0.3998693664271718,0.14611365120836056,0.20411495754408884,0.3898370615851974,0.2899751449875725,10649212.93272371,30,13818181.818181818,1.21,19.980928414296535,1.6094379124341003,1.0986122886681098,17.6441519761925,19.383855065542164,35,0,0,1,2,1,1,0,1.35,3.6109179126442243,0,0.770666725394479
ITA,1516,Roma,3,19,13,5,1,44,17,27,44,2.32,19,10,6,3,39,24,15,36,1.89,32,26.2,57.7,38,3420,83,55,138,79,4,4,87,0,2.18,1.45,3.63,2.08,3.53,418,111,333,2.11,83,41,42,1.11,→ Champions League via league finish,80,0,0,0,0,47,38,8,0,1,5.785099637681159,0.9148936170212766,2.0638297872340425,3.1702127659574466,1,54,23,1,0,30,1381,248,2417400000,398000000,288000000,0,1731400000,42356,276150000,9205000,7500000,0.37394938143356315,0.06974218528661819,0.24194919255831523,0.5248053594061197,0.3186673909107369,15133186.561526112,30,18727272.727272727,2.11,21.605958419803297,3.1780538303479458,0.6931471805599453,19.801962565761276,19.478471041572444,46,0,2,11,14,7,3,1,NA,3.871201010907891,1,0.8080827775572196
ITA,1617,Roma,2,19,16,1,2,50,18,32,49,2.58,19,12,2,5,40,20,20,38,2,22,26.7,57.1,38,3420,88,59,147,76,12,14,64,0,2.32,1.55,3.87,2,3.55,418,107,276,2.29,90,38,52,1.37,→ Champions League via league finish,87,0,0,0,0,54,38,12,0,4,5.357114779874214,1.0185185185185186,2.2777777777777777,3.425925925925926,1,44,22,4,0,18,859,160,2126500000,586000000,1245000000,0,295500000,50872,329150000,14310869.56521739,11000000,0.33916496304450383,0.1116724327724485,0.20968312627771662,0.42277539644274786,0.31900349384778975,18729427.779525083,23,23727272.727272727,2.29,21.47774327312822,3.1354942159291497,1.6094379124341003,20.18883034924777,20.942401367666296,53,0,9,18,20,10,5,1,2.11,4.007333185232471,0,0.7893628566083368
ITA,1718,Roma,3,19,11,2,6,31,19,12,35,1.84,19,12,6,1,30,9,21,42,2.21,27,27.4,58,38,3420,56,37,93,53,3,6,48,NA,1.47,0.97,2.45,1.39,2.37,418,114,305,2.03,61,28,33,0.87,→ Champions League via league finish,77,0,0,0,0,51,38,12,0,1,5.462291666666666,1,2.2941176470588234,3.392156862745098,1,50,29,2,0,19,1228,212,3224600000,1524500000,742000000,0,958100000,50366,464100000,17850000,13000000,0.3895087956160902,0.09611642774887821,0.22304729380931582,0.43055210249780385,0.31243266537384184,24886510.741373148,26,31181818.181818184,2.03,21.89407474880403,3.4011973816621555,1.0986122886681098,21.144932325048536,20.424859802479364,50,0,3,11,19,8,5,1,2.29,3.9512437185814275,0,0.7981096739215878
ITA,1819,Roma,6,19,12,5,2,43,26,17,41,2.16,19,6,7,6,23,22,1,25,1.32,26,27.5,51.4,38,3420,65,41,106,59,6,6,90,2,1.71,1.08,2.79,1.55,2.63,418,111,287,1.74,66,48,18,0.47,→ Europa League via league finish,66,0,0,0,0,48,38,8,0,2,5.959663120567376,0.8541666666666666,1.9375,3.0208333333333335,1,63,36,0,0,27,1194,219,3698100000,2633200000,0,0,1064900000,47728,394600000,15784000,12000000,0.31673231645993966,0.11159068052296346,0.151190077103587,0.4476634566649771,0.30410542321338063,19118756.285618506,25,28000000,1.74,22.031085011460267,3.6109179126442243,0,21.691465673937763,0,47,0,3,10,15,5,3,1,2.03,3.8918202981106265,0,0.6828127244863752
ITA,1920,Roma,5,19,10,4,5,36,27,9,34,1.79,19,11,3,5,41,24,17,36,1.89,31,26.9,52.7,38,3420,73,47,120,61,12,14,111,7,1.92,1.24,3.16,1.61,2.84,418,131,272,1.84,77,51,26,0.68,→ Europa League via league finish,70,0,0,1,0,50,38,10,0,2,7.080073696145124,1.2,2.46,3.4,1,53,24,4,0,25,1532,274,4056650000,1732650000,1094600000,0,1229400000,48283,371050000,12368333.333333334,10000000,0.3385249466685997,0.10399105275148603,0.11726694695855684,0.45634909940259605,0.2722005120603692,16402536.089306796,30,23590909.09090909,1.84,22.123623347052373,3.2188758248682006,1.6094379124341003,21.272917865944223,20.813654837587666,49,0,12,19,23,18,6,1,1.74,3.9318256327243257,0,0.6952905471382457
ITA,2021,Roma,7,19,13,4,2,42,18,24,43,2.26,19,5,4,10,26,40,-14,19,1,31,26.7,52.2,38,3420,67,51,118,60,7,8,91,3,1.76,1.34,3.11,1.58,2.92,418,153,262,1.63,68,58,10,0.26,→ Europa Conference League via league finish,62,1,0,1,0,53,38,14,0,1,4.730769230769231,1.2075471698113207,2.7358490566037736,4.0754716981132075,1,64,25,0,9,30,1498,302,3579800000,1893000000,0,312900000,1373900000,52664,336800000,9905882.352941176,5500000,0.4540293179401489,0.05457238341181832,0.17966732492784446,0.5719400586838062,0.30581947743467935,16399982.910527116,34,23181818.181818184,1.63,21.99857277015602,3.258096538021482,0,21.36142870970186,0,52,0,12,21,25,20,6,1,1.84,3.9889840465642745,1,0.7074502431992089
ITA,2122,Roma,6,19,10,6,3,26,16,10,36,1.89,19,8,3,8,33,27,6,27,1.42,29,26.4,51.4,38,3420,58,31,89,51,7,9,111,8,1.53,0.82,2.34,1.34,2.16,418,151,298,1.66,59,43,16,0.42,→ Europa League via league finish,63,1,1,0,0,55,38,15,15,2,5.167052469135802,1.1636363636363636,2.272727272727273,3.4545454545454546,1,45,14,0,10,21,854,184,3282600000,1002000000,0,209600000,2071000000,49943,353300000,12617857.142857144,8000000,0.43335402358688907,0.02394729992191098,0.19838616022265382,0.4828049816020379,0.362298330031135,18908707.92703682,28,24181818.181818184,1.66,21.911901628566746,2.70805020110221,0,20.725263840607088,0,54,0,11,18,22,17,3,1,1.63,4.02535169073515,0,0.7819390496143046
ITA,2223,Roma,6,19,11,3,5,28,15,13,36,1.89,19,7,6,6,22,23,-1,27,1.42,30,27.4,48.6,38,3420,50,33,83,43,7,10,83,4,1.32,0.87,2.18,1.13,2,418,168,307,1.66,50,38,12,0.32,→ Europa League via league finish,63,1,1,0,0,55,38,15,0,2,5.444637345679013,1.1090909090909091,2.5636363636363635,3.8,1,57,18,1,0,38,1453,284,4810500000,1111000000,14000000,0,3685500000,53905,340700000,11748275.862068966,8000000,0.41333828030794917,0.08960207772933865,0.17651423801131622,0.4838921895084156,0.30818902260052833,16840228.179204155,29,22909090.90909091,1.66,22.294066865973473,2.9444389791664403,0.6931471805599453,20.828526348503996,16.454567959008102,54,0,9,16,24,12,3,1,1.66,4.02535169073515,0,0.735089325282721
ITA,2324,Roma,6,19,12,4,3,38,19,19,40,2.11,19,6,5,8,27,27,0,23,1.21,30,27.7,54.9,38,3420,64,44,108,53,11,12,95,3,1.68,1.16,2.84,1.39,2.55,418,171,290,1.66,65,46,19,0.5,→ Europa League via league finish,63,1,1,0,0,54,38,14,0,2,5.284787735849057,1.1111111111111112,2.2962962962962963,3.5555555555555554,1,46,25,0,0,21,834,169,1838500000,1211500000,0,0,627000000,39362,260100000,10837500,8000000,0.4206595193333672,0.07662212285961079,0.2099232762562878,0.461152761758298,0.32679738562091504,14612910.929322697,24,18727272.727272727,1.66,21.332215859249523,3.258096538021482,0,20.91512509904628,0,53,0,11,15,21,13,4,1,1.66,4.007333185232471,0,0.7803010690415033
ITA,2425,Roma,5,19,13,2,4,37,15,22,41,2.16,19,7,7,5,19,20,-1,28,1.47,28,26.5,53.9,38,3420,55,35,90,47,8,8,66,1,1.45,0.92,2.37,1.24,2.16,418,171,317,1.82,56,35,21,0.55,→ Europa League via league finish,69,1,1,0,0,52,38,12,0,2,5.490196078431373,1.0576923076923077,2.2884615384615383,3.3846153846153846,1,44,12,0,1,31,937,128,1413500000,400000000,0,16000000,997500000,51203,370000000,13214285.714285715,10000000,0.4455012401617093,0.19442220182411188,0.17235318243071696,0.3918918918918919,0.2702702702702703,17630685.702009648,28,23000000,1.82,21.069334735805384,2.5649493574615367,0,19.806975107572256,0,51,0,10,13,16,14,5,1,1.66,3.970291913552122,0,0.766551552261289
ITA,1718,SPAL,17,19,5,8,6,22,29,-7,23,1.21,19,3,6,10,17,30,-13,15,0.79,29,26.7,44.7,38,3420,37,14,51,32,5,6,101,NA,0.97,0.37,1.34,0.84,1.21,418,110,332,1,39,59,-20,-0.53,NA,38,0,0,0,0,40,38,0,0,2,7.202457264957265,0.625,1.575,2.35,0,31,12,2,0,17,1021,157,541900000,73900000,7200000,0,460800000,39502,62300000,2076666.6666666667,1200000,0.38757531264239786,0.09412181661688016,0.166700420231887,0.5539325842696627,0.4012841091492777,2785398.2076856866,30,4409090.909090909,1,20.1105920423817,2.5649493574615367,1.0986122886681098,18.11822339945023,15.789591722875162,39,0,2,7,8,4,1,0,NA,3.713572066704308,1,0.6317397996812898
ITA,1819,SPAL,13,19,5,7,7,20,26,-6,22,1.16,19,6,2,11,24,30,-6,20,1.05,28,27.8,50.4,38,3420,44,30,74,37,7,8,113,3,1.16,0.79,1.95,0.97,1.76,418,113,332,1.11,44,56,-12,-0.32,NA,42,0,0,0,0,40,38,0,0,2,7.361111111111111,0.675,1.525,2.3,0,18,4,0,0,14,429,62,244300000,33200000,0,0,211100000,36448,85500000,3053571.4285714286,1100000,0.4503950834064969,0.13863586479367868,0.23600746268656717,0.6177527151211362,0.5146198830409356,5364066.615452151,28,6500000,1.11,19.313907540321296,1.6094379124341003,0,17.3180604640072,0,39,0,0,3,4,1,1,0,1,3.713572066704308,1,0.8252410177618693
ITA,1920,SPAL,20,19,2,4,13,16,40,-24,10,0.53,19,3,1,15,11,37,-26,10,0.53,34,27.5,46.9,38,3420,27,17,44,22,5,7,98,4,0.71,0.45,1.16,0.58,1.03,418,129,307,0.53,27,77,-50,-1.32,Relegated,20,0,0,1,0,41,38,0,0,3,8.747135416666667,0.9512195121951219,1.951219512195122,2.8780487804878048,0,37,15,2,0,20,925,155,449575000,160500000,190400000,0,98675000,39277,67125000,1917857.142857143,1200000,0.29989561320874814,0.07536217124525804,0.12931232018738703,0.5748975791433892,0.35456238361266296,2962800.748529674,35,4509090.909090909,0.53,19.923813252239857,2.772588722239781,1.0986122886681098,18.893804506764873,19.06463768557364,40,0,3,9,14,8,5,1,1.11,3.7376696182833684,1,0.657072746649726
FRA,1516,Saint-Étienne,6,19,10,4,5,25,15,10,34,1.79,19,7,3,9,17,22,-5,24,1.26,31,27.2,51.5,38,3420,39,27,66,36,3,4,76,NA,1.03,0.71,1.74,0.95,1.66,418,114,151,1.53,42,37,5,0.13,→ Europa League via league finish,58,0,0,0,0,55,38,12,0,5,5.351851851851852,1.1090909090909091,2.381818181818182,3.5454545454545454,1,13,7,3,0,3,718,131,453000000,61500000,236000000,0,155500000,46965,82550000,2358571.4285714286,2000000,0.42391142340040455,0.03832641328648994,0.18752262323006494,0.5087133339101844,0.29678982434887946,3660776.1098690513,35,5018181.818181818,1.53,19.931402685654813,2.0794415416798357,1.3862943611198906,17.93454774903691,19.279342367227173,54,0,13,19,23,16,5,1,NA,4.02535169073515,1,0.7295024856623109
FRA,1617,Saint-Étienne,8,19,7,9,3,24,18,6,30,1.58,19,5,5,9,17,24,-7,20,1.05,34,26.1,49.8,38,3420,40,26,66,35,5,6,58,NA,1.05,0.68,1.74,0.92,1.61,418,111,153,1.32,41,42,-1,-0.03,NA,50,0,0,0,0,53,38,12,0,3,5.6923076923076925,1.0566037735849056,2.169811320754717,3.3962264150943398,1,26,14,4,0,8,996,190,532800000,384800000,68500000,0,79500000,46329,81725000,2636290.3225806453,2500000,0.39476353903602496,0.06920071661378402,0.20911308251850894,0.4379557722101066,0.2753135515448149,3897007.274061603,31,4909090.909090909,1.32,20.09365667906733,2.70805020110221,1.6094379124341003,19.768234279354576,18.042344317830995,52,0,10,17,22,15,4,1,1.53,3.9889840465642745,0,0.7938348150866228
FRA,1718,Saint-Étienne,7,19,8,7,4,32,27,5,31,1.63,19,7,3,9,15,23,-8,24,1.26,30,26.6,51.3,38,3420,45,31,76,38,7,11,72,8,1.18,0.82,2,1,1.82,418,107,158,1.45,47,50,-3,-0.08,NA,55,0,0,0,0,41,38,0,0,3,7.176041666666666,0.6585365853658537,1.6097560975609757,2.4390243902439024,0,17,3,4,0,10,646,60,189200000,31000000,23200000,0,135000000,39484,98275000,3509821.4285714286,3500000,0.34811569243237767,0.08806098672880154,0.16786546449194611,0.343832903296144,0.2543881963876876,4234284.773579171,28,5590909.090909091,1.45,19.058315219867463,1.3862943611198906,1.6094379124341003,17.249497794707484,16.959662879739987,40,0,0,3,5,3,2,0,1.32,3.7376696182833684,0,0.7573517481198517
FRA,1819,Saint-Étienne,4,19,13,2,4,34,14,20,41,2.16,19,6,7,6,25,27,-2,25,1.32,29,27.8,52.5,38,3420,56,40,96,51,5,5,67,7,1.47,1.05,2.53,1.34,2.39,418,113,151,1.74,59,41,18,0.47,→ Europa League via league finish,66,0,0,0,0,41,38,0,0,3,7.151128472222222,0.6585365853658537,1.5853658536585367,2.3658536585365852,0,13,3,1,0,9,817,93,480500000,279000000,48000000,0,153500000,40740,123800000,4421428.571428572,3500000,0.42670594010800195,0.007216494845360825,0.19187530682376044,0.502682898684514,0.3392568659127625,6447636.229749632,28,8500000,1.74,19.990337788455786,1.3862943611198906,0.6931471805599453,19.44672234336987,17.6867115897055,40,0,2,5,6,3,2,0,1.45,3.7376696182833684,1,0.7585454387940743
FRA,1920,Saint-Étienne,17,14,4,6,4,15,18,-3,18,1.29,14,4,0,10,14,27,-13,12,0.86,31,27,48.2,28,2520,28,20,48,23,5,5,61,3,1,0.71,1.71,0.82,1.54,308,82,114,1.07,29,45,-16,-0.57,NA,30,0,0,1,0,52,38,6,0,8,7.93292297979798,0.8269230769230769,1.8461538461538463,2.923076923076923,1,14,1,3,1,9,508,78,693700000,6000000,7000000,24000000,656700000,41361,102275000,3409166.6666666665,2400000,0.3460748047677764,0.1574430018616571,0.13921326853799473,0.5147967082212987,0.3686140307993156,4116683.590822272,30,6854545.454545454,1.07,20.357550149797074,0.6931471805599453,1.3862943611198906,15.607270193858982,15.76142084987672,44,0,7,15,20,11,4,1,1.74,3.970291913552122,1,0.6005771816849469
FRA,2021,Saint-Étienne,11,19,5,6,8,20,29,-9,21,1.11,19,7,4,8,22,25,-3,25,1.32,40,25.4,48.3,38,3420,40,28,68,34,6,9,76,2,1.05,0.74,1.79,0.89,1.63,418,176,164,1.21,42,54,-12,-0.32,NA,46,1,0,1,0,39,38,0,0,1,7.006578947368421,0.6923076923076923,1.6153846153846154,2.6153846153846154,0,13,5,1,3,4,494,66,208500000,47500000,81000000,45000000,35000000,38190,112950000,3227142.8571428573,2500000,0.37219167321288293,0.11029065200314218,0.1517936632626342,0.45071776386517426,0.27445772465692786,4305830.06022519,35,6500000,1.21,19.155449603999294,1.791759469228055,0.6931471805599453,17.6762402900575,18.20995972498239,38,0,2,6,8,2,2,0,1.07,3.6888794541139363,0,0.6624353938807984
FRA,2122,Saint-Étienne,18,19,4,6,9,24,38,-14,18,0.95,19,3,5,11,18,39,-21,14,0.74,39,25.1,48.5,38,3420,41,25,66,36,5,5,81,5,1.08,0.66,1.74,0.95,1.61,418,185,155,0.84,42,77,-35,-0.92,→ French 1/2 Relegation/Promotion play-offs,32,1,1,0,0,43,38,0,0,5,7.003968253968254,0.6511627906976745,1.6046511627906976,2.4186046511627906,0,29,12,1,7,9,742,111,338100000,132000000,3000000,23100000,180000000,40670,98050000,2514102.564102564,1800000,0.43909515613474304,0.01868699286943693,0.1442340791738382,0.48489127734410764,0.25497195308516063,4005617.162527662,39,5590909.090909091,0.84,19.63885227063582,2.5649493574615367,0.6931471805599453,18.6983124881264,14.914123179965662,42,0,1,6,9,2,1,0,1.21,3.784189633918261,0,0.7164518502081997
FRA,2425,Saint-Étienne,17,17,6,3,8,24,33,-9,21,1.24,17,2,3,12,15,44,-29,9,0.53,32,25.9,47.1,34,3060,39,28,67,36,3,4,65,3,1.15,0.82,1.97,1.06,1.88,374,142,163,0.88,39,77,-38,-1.12,Relegated,30,1,1,0,1,35,34,0,0,1,8.029411764705882,0.4857142857142857,1.2571428571428571,2.1142857142857143,0,33,8,5,3,17,1585,153,287000000,81100000,10700000,11000000,184200000,34437,81550000,2398529.411764706,850000,0.4349972413392572,0.0511658971455121,0.16203502047216656,0.6323980235871174,0.46597179644389947,3954063.9428521646,34,5909090.909090909,0.88,19.474992777208215,2.1972245773362196,1.791759469228055,18.211193531416097,16.185754392890075,34,0,0,0,0,0,0,0,0.84,3.58351893845611,1,0.6691492826365202
ITA,2122,Salernitana,17,19,3,6,10,17,39,-22,15,0.79,19,4,4,11,16,39,-23,16,0.84,42,27.7,41.2,38,3420,32,19,51,28,4,5,94,5,0.84,0.5,1.34,0.74,1.24,418,179,246,0.82,33,78,-45,-1.18,NA,31,1,1,0,0,40,38,0,0,2,7.154113247863248,0.7,1.675,2.45,0,74,18,2,10,44,1681,255,389050000,131850000,25500000,14400000,217300000,39447,69925000,1705487.8048780488,800000,0.2727964103734124,0.1269805054883768,0.08249043019748016,0.5597286291060979,0.3432248838040758,1927399.4220092783,41,4409090.909090909,0.82,19.779218430597577,2.9444389791664403,1.0986122886681098,18.697175478347948,17.05418904934434,39,0,2,5,9,2,1,0,NA,3.713572066704308,1,0.437142136950558
ITA,2223,Salernitana,15,19,7,6,6,30,26,4,27,1.42,19,2,9,8,18,36,-18,15,0.79,30,27.2,44.9,38,3420,46,34,80,44,2,2,85,4,1.21,0.89,2.11,1.16,2.05,418,177,296,1.11,48,62,-14,-0.37,NA,42,1,1,0,0,39,38,0,0,1,7.894736842105263,0.6666666666666666,1.6153846153846154,2.3846153846153846,0,39,11,0,0,28,1171,153,543100000,180800000,0,0,362300000,38557,115725000,3506818.1818181816,2000000,0.4100422750732681,0.057914256814586194,0.17454677490468656,0.542338485306729,0.3542881831929142,5324074.746479238,33,7645454.545454546,1.11,20.112804024846355,2.4849066497880004,0,19.012902011453324,0,38,0,0,1,3,0,1,0,0.82,3.6888794541139363,1,0.6963712510258219
ITA,2324,Salernitana,20,19,1,5,13,17,38,-21,8,0.42,19,1,6,12,15,43,-28,9,0.47,39,27.2,44.5,38,3420,32,25,57,30,2,2,91,3,0.84,0.66,1.5,0.79,1.45,418,180,281,0.45,32,81,-49,-1.29,Relegated,17,1,1,0,0,41,38,0,0,3,7.153125,0.5121951219512195,1.4390243902439024,2.3658536585365852,0,62,14,0,0,48,1191,179,529400000,134100000,0,0,395300000,39038,83925000,2331250,1800000,0.3860853527332343,0.1250576361493929,0.10817664839387264,0.4808277893621953,0.28596961572832885,3009870.510784364,36,5000000,0.45,20.087254849646207,2.70805020110221,0,18.714096355709028,0,40,0,1,2,4,0,1,0,1.11,3.7376696182833684,0,0.6019741021568727
ITA,1516,Sampdoria,15,19,8,4,7,29,25,4,28,1.47,19,2,6,11,19,36,-17,12,0.63,35,27.5,49.4,38,3420,45,30,75,42,3,3,111,0,1.18,0.79,1.97,1.11,1.89,418,113,315,1.05,48,61,-13,-0.34,NA,40,0,0,0,0,41,38,2,0,1,7.220833333333333,0.7560975609756098,1.5853658536585367,2.4634146341463414,1,31,11,0,0,20,863,130,311500000,96500000,0,0,215000000,37231,114400000,3466666.6666666665,2700000,0.38443769976632375,0.09986301737799146,0.20456071553275496,0.5008476372112736,0.30157342657342656,5205691.493647766,33,7363636.363636363,1.05,19.556909899402054,2.4849066497880004,0,18.385053576671908,0,40,0,2,5,7,2,1,0,NA,3.7376696182833684,1,0.7069457583966102
ITA,1617,Sampdoria,10,19,8,6,5,28,23,5,30,1.58,19,4,6,9,21,32,-11,18,0.95,24,26.6,52.3,38,3420,45,31,76,38,7,8,75,1,1.18,0.82,2,1,1.82,418,113,333,1.26,49,55,-6,-0.16,NA,48,0,0,0,0,41,38,0,0,3,7.172135416666666,0.6585365853658537,1.5121951219512195,2.4390243902439024,0,20,7,0,0,13,605,104,345700000,146400000,0,0,199300000,40450,106300000,4252000,2500000,0.3349072929542645,0.16012360939431397,0.17896168108776267,0.4950517403574788,0.3857008466603951,5298887.515451174,25,7681818.181818182,1.26,19.661081907784535,2.0794415416798357,0,18.801853166322086,0,40,0,1,2,3,1,1,0,1.05,3.7376696182833684,1,0.6897960079285552
ITA,1718,Sampdoria,10,19,12,3,4,36,20,16,39,2.05,19,4,3,12,20,40,-20,15,0.79,27,27,53.6,38,3420,56,33,89,49,7,8,69,NA,1.47,0.87,2.34,1.29,2.16,418,110,311,1.42,56,60,-4,-0.11,NA,54,0,0,0,0,41,38,0,0,3,7.022135416666667,0.7317073170731707,1.5853658536585367,2.5365853658536586,0,21,9,1,0,11,315,54,543600000,387000000,4000000,0,152600000,40365,165450000,6618000,2000000,0.3891737891737892,0.13442338659729963,0.2090920351789917,0.5811060743427017,0.45330915684496825,9611673.479499567,25,13136363.636363637,1.42,20.11372424208085,2.302585092994046,0.6931471805599453,19.773935253578035,15.201805169084134,40,0,0,6,10,2,1,0,1.26,3.7376696182833684,1,0.7316844863286868
ITA,1819,Sampdoria,9,19,10,2,7,28,16,12,32,1.68,19,5,6,8,32,35,-3,21,1.11,24,26.1,54.9,38,3420,60,41,101,50,10,12,92,3,1.58,1.08,2.66,1.32,2.39,418,112,314,1.39,60,51,9,0.24,NA,53,0,0,0,0,41,38,0,0,3,7.172395833333333,0.7317073170731707,1.5121951219512195,2.4634146341463414,0,19,5,3,0,11,563,88,732700000,157500000,180000000,0,395200000,39686,182400000,7930434.782608695,7000000,0.33732298543567,0.05430126492969813,0.24215088444287658,0.46915522501906937,0.3508771929824561,10787121.403013658,23,13590909.090909092,1.39,20.412246900495006,1.791759469228055,1.3862943611198906,18.874936022579167,19.00846741441004,40,0,2,4,6,4,2,0,1.42,3.7376696182833684,0,0.7937012403555199
ITA,1920,Sampdoria,15,19,6,4,9,25,30,-5,22,1.16,19,6,2,11,23,35,-12,20,1.05,31,26,42.7,38,3420,48,25,73,39,9,12,111,7,1.26,0.66,1.92,1.03,1.68,418,127,321,1.11,48,65,-17,-0.45,NA,42,0,0,1,0,40,38,0,0,2,8.945512820512821,0.975,2.075,2.85,0,33,9,2,4,18,1025,106,403000000,129500000,38000000,400000,235100000,39431,131725000,4249193.548387097,3800000,0.330044888539474,0.12431842966194111,0.19791534579391848,0.4122224330992599,0.2467261339912697,5733317.060181076,31,7800000,1.11,19.814447122392348,2.302585092994046,1.0986122886681098,18.679191446825875,17.453096744006448,39,0,4,12,17,11,6,1,1.39,3.713572066704308,0,0.7350406487411636
ITA,2021,Sampdoria,9,19,9,3,7,32,26,6,30,1.58,19,6,4,9,20,28,-8,22,1.16,27,27.9,45.2,38,3420,52,37,89,47,5,6,83,3,1.37,0.97,2.34,1.24,2.21,418,153,295,1.37,52,54,-2,-0.05,NA,52,1,0,1,0,40,38,0,0,2,6.256410256410256,0.75,1.825,2.8,0,25,5,0,1,19,465,88,406400000,69500000,0,2800000,334100000,39301,109400000,4376000,3200000,0.36787867993180834,0.11040431541182158,0.19724688939212742,0.44146252285191956,0.3473491773308958,5671201.750591588,25,7545454.545454546,1.37,19.822848456689176,1.791759469228055,0,18.05683732492351,0,39,0,2,6,8,2,2,0,1.11,3.713572066704308,0,0.7516050512832225
ITA,2122,Sampdoria,15,19,6,3,10,29,32,-3,21,1.11,19,4,3,12,17,31,-14,15,0.79,34,29,46.1,38,3420,42,29,71,40,2,4,94,4,1.11,0.76,1.87,1.05,1.82,418,167,264,0.95,46,63,-17,-0.45,NA,36,1,1,0,0,41,38,0,0,3,6.971875,0.6585365853658537,1.6341463414634145,2.3902439024390243,0,38,9,2,3,24,1007,169,961600000,660100000,92000000,17300000,192200000,39838,105300000,3097058.8235294116,2650000,0.36753853105075557,0.17586224208042572,0.11323359606405944,0.390620635718675,0.2754036087369421,3490714.8953260705,34,5600000,0.95,20.684109122785152,2.302585092994046,1.0986122886681098,20.30790189817392,18.33729914588288,40,0,2,7,7,2,1,0,1.37,3.7376696182833684,0,0.6233419455939412
ITA,2223,Sampdoria,20,19,1,7,11,12,28,-16,10,0.53,19,2,3,14,12,43,-31,9,0.47,40,27.9,46.1,38,3420,23,18,41,22,1,2,108,3,0.61,0.47,1.08,0.58,1.05,418,174,252,0.5,24,71,-47,-1.24,Relegated,19,1,1,0,0,41,38,0,0,3,7.572135416666667,0.7073170731707317,1.6341463414634145,2.6341463414634148,0,41,8,1,1,31,1557,206,521600000,47000000,6000000,0,468600000,36056,72350000,2067142.857142857,1800000,0.24589527401819392,0.08436875970712225,0.15695029953405812,0.47286010465001493,0.304077401520387,2670859.218992678,35,4227272.7272727275,0.5,20.072411570493895,2.1972245773362196,0.6931471805599453,17.665658180950928,15.607270193858982,40,0,2,5,6,3,2,0,0.95,3.7376696182833684,0,0.6318161593316012
ITA,1516,Sassuolo,6,19,8,8,3,25,20,5,32,1.68,19,8,5,6,24,20,4,29,1.53,26,27,51.1,38,3420,48,33,81,44,4,5,98,0,1.26,0.87,2.13,1.16,2.03,418,114,312,1.61,49,40,9,0.24,→ Europa League via league finish,61,0,0,0,0,40,38,0,0,2,7.000267094017094,0.775,1.75,2.5,0,20,7,1,0,12,676,104,356200000,78800000,11000000,0,266400000,39030,93800000,3752000,1600000,0.4349218549833461,0.14140404816807584,0.2075582884960287,0.5855010660980811,0.4690831556503198,5766792.211119652,25,7363636.363636363,1.61,19.691002931627246,2.0794415416798357,0.6931471805599453,18.182423567518462,16.213405921671733,39,0,1,6,11,4,1,0,NA,3.713572066704308,1,0.7831446212631626
ITA,1617,Sassuolo,12,19,7,3,9,27,28,-1,24,1.26,19,6,4,9,31,35,-4,22,1.16,28,26.7,46.8,38,3420,59,36,95,50,9,10,90,0,1.55,0.95,2.5,1.32,2.26,418,113,312,1.21,58,63,-5,-0.13,NA,46,0,0,0,0,49,38,10,0,1,6.334201388888889,0.8979591836734694,1.8979591836734695,2.877551020408163,1,39,14,1,0,24,1357,242,1664600000,240900000,45000000,0,1378700000,43171,121050000,4323214.285714285,2250000,0.4269301151235783,0.15461768316694077,0.18915475666535406,0.5723874432052869,0.4047914085088806,5788961.339788284,28,9045454.545454545,1.21,21.232850691877015,2.70805020110221,0.6931471805599453,19.2998924717362,17.622173069956816,48,0,4,10,15,8,3,1,1.61,3.912023005428146,1,0.6399856757554887
ITA,1718,Sassuolo,11,19,4,7,8,11,22,-11,19,1,19,7,3,9,18,37,-19,24,1.26,28,27.2,42.9,38,3420,28,16,44,24,4,10,89,NA,0.74,0.42,1.16,0.63,1.05,418,113,322,1.13,29,59,-30,-0.79,NA,43,0,0,0,0,41,38,0,0,3,7.025,0.7073170731707317,1.6341463414634145,2.5365853658536586,0,17,6,2,0,9,900,125,524500000,120000000,24600000,0,379900000,39789,114350000,4235185.185185186,2200000,0.3517303777425922,0.1972153107642816,0.18472442132247607,0.584203792773972,0.4372540445999126,6157186.659629546,27,8663636.363636363,1.13,20.077955987707202,1.9459101490553132,1.0986122886681098,18.603002309079653,17.018257041552996,40,0,1,6,9,3,1,0,1.21,3.7376696182833684,1,0.7106931086665793
ITA,1819,Sassuolo,11,19,5,10,4,33,33,0,25,1.32,19,4,6,9,20,27,-7,18,0.95,29,25.4,53.8,38,3420,50,33,83,45,5,5,90,8,1.32,0.87,2.18,1.18,2.05,418,113,333,1.13,53,60,-7,-0.18,NA,43,0,0,0,0,41,38,0,0,3,7.175,0.7073170731707317,1.5365853658536586,2.3902439024390243,0,23,1,3,0,19,747,108,630500000,7000000,88500000,0,535000000,40226,184750000,6598214.285714285,4250000,0.4118231989260677,0.11736190523541988,0.17943618555163326,0.49877247245312195,0.2976995940460081,9305423.10943171,28,13090909.090909092,1.13,20.26202371495529,0.6931471805599453,1.3862943611198906,15.76142084987672,18.298513121277594,40,0,2,4,5,3,1,0,1.13,3.7376696182833684,1,0.7108309319704779
ITA,1920,Sassuolo,8,19,8,3,8,44,33,11,27,1.42,19,6,6,7,25,30,-5,24,1.26,31,26.4,57.5,38,3420,69,49,118,64,5,6,99,3,1.82,1.29,3.11,1.68,2.97,418,138,306,1.34,69,63,6,0.16,NA,51,0,0,1,0,40,38,0,0,2,8.974358974358974,0.925,1.95,2.825,0,35,12,0,0,23,1706,227,1251600000,495650000,0,0,755950000,39481,160675000,5021093.75,3350000,0.38770547858463567,0.07446619893113143,0.19857653048301716,0.5356163451065816,0.31429905087910376,7231130.797092272,32,10800000,1.34,20.94768857055798,2.5649493574615367,0,20.021380592460734,0,39,0,4,10,12,7,6,1,1.13,3.713572066704308,1,0.6695491478789141
ITA,2021,Sassuolo,8,19,7,8,4,31,27,4,29,1.53,19,10,3,6,33,29,4,33,1.74,28,26.5,60.3,38,3420,61,36,97,48,13,14,79,4,1.61,0.95,2.55,1.26,2.21,418,180,267,1.63,64,56,8,0.21,NA,62,1,0,1,0,39,38,0,0,1,6.4503837719298245,0.7435897435897436,1.794871794871795,2.7435897435897436,0,50,12,1,6,31,1193,205,1451100000,571000000,39200000,141200000,699700000,38432,221850000,7923214.285714285,5000000,0.3966486261448793,0.02846586178184846,0.18596482098251457,0.5634035223284715,0.4056795131845842,11822211.958784346,28,16136363.636363637,1.63,21.095587727150452,2.5649493574615367,0.6931471805599453,20.1628997693716,17.484187330270895,38,0,2,6,9,2,2,0,1.34,3.6888794541139363,1,0.7326441213894523
ITA,2122,Sassuolo,11,19,6,6,7,27,30,-3,24,1.26,19,7,5,7,37,36,1,26,1.37,29,26.1,54.9,38,3420,60,39,99,53,7,7,92,4,1.58,1.03,2.61,1.39,2.42,418,165,264,1.32,64,66,-2,-0.05,NA,50,1,1,0,0,40,38,0,0,2,7.025106837606837,0.625,1.5,2.425,0,32,1,1,5,25,696,110,1048700000,2000000,30000000,37900000,978800000,37251,239150000,8541071.42857143,5000000,0.4448202732812542,0.017073367157928645,0.21747067192827038,0.5860562707207071,0.3888772736776082,13728271.724249013,28,18181818.181818184,1.32,20.770817139758194,0.6931471805599453,0.6931471805599453,14.508658238524095,17.216707972959764,39,0,2,5,8,1,1,0,1.63,3.713572066704308,1,0.7550549448336956
ITA,2223,Sassuolo,13,19,8,4,7,24,23,1,28,1.47,19,4,5,10,23,38,-15,17,0.89,31,26.1,49.2,38,3420,46,30,76,37,9,10,90,6,1.21,0.79,2,0.97,1.76,418,175,291,1.18,47,61,-14,-0.37,NA,45,1,1,0,0,39,38,0,0,1,7.84484649122807,0.6153846153846154,1.6153846153846154,2.4615384615384617,0,21,5,2,0,14,1025,143,1298700000,351000000,324000000,0,623700000,36854,191050000,6823214.285714285,4250000,0.38438161393607206,0.1599555000814023,0.15509849677104248,0.5274516768235689,0.3402250719706883,9022982.579909915,28,13772727.272727273,1.18,20.98462960185032,1.791759469228055,1.0986122886681098,19.676296784279142,19.596254076843024,38,0,1,4,4,0,1,0,1.32,3.6888794541139363,1,0.6551340487063304
ITA,2324,Sassuolo,19,19,5,5,9,23,34,-11,20,1.05,19,2,4,13,20,41,-21,10,0.53,30,26.4,43.8,38,3420,42,28,70,35,7,8,71,4,1.11,0.74,1.84,0.92,1.66,418,177,284,0.79,43,75,-32,-0.84,Relegated,30,1,1,0,0,41,38,0,0,3,7.177864583333333,0.5853658536585366,1.4878048780487805,2.3902439024390243,0,34,5,0,0,29,1071,143,602700000,123500000,0,0,479200000,39805,127150000,4541071.428571428,4000000,0.35553322446928776,0.2064062303730687,0.19389523929154628,0.4222094264367169,0.2752654345261502,5657635.975379977,28,8090909.090909091,0.79,20.216930120112472,1.791759469228055,0,18.631751722129472,0,40,0,0,1,3,0,1,0,1.18,3.7376696182833684,0,0.6992583789795478
GER,1516,Schalke 04,5,17,8,5,4,28,24,4,29,1.71,17,7,2,8,23,25,-2,23,1.35,28,24.9,52.2,34,3060,47,37,84,44,3,5,64,0,1.38,1.09,2.47,1.29,2.38,374,96,142,1.53,51,49,2,0.06,→ Europa League via league finish,52,0,0,0,0,44,34,8,0,2,6.511627906976744,1.0227272727272727,2.1363636363636362,2.9545454545454546,1,24,6,0,0,18,847,143,1369500000,334000000,0,0,1035500000,40400,196850000,7290740.740740741,6000000,0.274480198019802,0.03948019801980198,0.13071782178217822,0.4798728115974751,0.2946405892811786,9655930.693069307,27,13590909.090909092,1.53,21.0377115473976,1.9459101490553132,0,19.626651553934988,0,43,0,10,14,14,8,3,1,NA,3.8066624897703196,0,0.7104698168813537
GER,1617,Schalke 04,10,17,8,5,4,29,15,14,29,1.71,17,3,5,9,16,25,-9,14,0.82,29,25.3,51.8,34,3060,45,30,75,43,2,4,69,0,1.32,0.88,2.21,1.26,2.15,374,101,137,1.26,45,40,5,0.15,NA,43,0,0,0,0,50,34,12,0,4,5.571428571428571,1.08,2.34,3.56,1,52,12,3,0,37,1540,258,2054700000,303000000,760000000,0,991700000,49058,211650000,6827419.354838709,5000000,0.4090464348322394,0.03789392148069632,0.16686371234049494,0.5144829793557533,0.2882116702102528,10414153.654857516,31,14272727.272727273,1.26,21.443395689322934,2.5649493574615367,1.3862943611198906,19.529243366773972,20.44882899256044,49,0,13,20,23,12,6,1,1.53,3.9318256327243257,1,0.7296540777288706
GER,1718,Schalke 04,2,17,10,5,2,27,15,12,35,2.06,17,8,4,5,26,22,4,28,1.65,24,26.1,46.6,34,3060,50,33,83,40,10,10,66,NA,1.47,0.97,2.44,1.18,2.15,374,102,136,1.85,53,37,16,0.47,→ Champions League via league finish,63,0,0,0,0,39,34,0,0,5,7.128289473684211,0.7435897435897436,1.641025641025641,2.4871794871794872,0,49,6,3,0,40,1725,237,2577500000,145500000,301000000,0,2131000000,38122,243500000,11068181.818181818,8500000,0.2767168564083731,0.14450973191333089,0.14440480562404912,0.44063841702445394,0.3408624229979466,13082629.4528094,22,18090909.09090909,1.85,21.67008577424336,1.9459101490553132,1.3862943611198906,18.795686651448673,19.52262082603541,38,0,2,5,9,3,2,0,1.26,3.6888794541139363,0,0.7231604220145901
GER,1819,Schalke 04,14,17,4,3,10,16,28,-12,15,0.88,17,4,6,7,21,27,-6,18,1.06,32,25.8,45.4,34,3060,37,23,60,30,7,9,73,5,1.09,0.68,1.76,0.88,1.56,374,97,141,0.97,37,55,-18,-0.53,NA,33,0,0,0,0,46,34,8,0,4,6.084027777777778,1.0434782608695652,2.0652173913043477,3.0869565217391304,1,44,19,2,0,23,1565,217,1581900000,554000000,60900000,0,967000000,44867,216600000,6768750,5250000,0.44382285421356454,0.05130719682617514,0.16696012659638487,0.44197253000923364,0.24007386888273316,9679470.434840752,32,13000000,0.97,21.18189249380096,2.995732273553991,1.0986122886681098,20.132675246516612,17.924743749100486,45,0,7,13,19,13,3,1,1.85,3.8501476017100584,0,0.744574648833904
GER,1920,Schalke 04,12,17,5,7,5,20,27,-7,22,1.29,17,4,5,8,18,31,-13,17,1,29,24.6,49,34,3060,35,25,60,33,2,2,64,2,1.03,0.74,1.76,0.97,1.71,374,106,179,1.15,38,58,-20,-0.59,NA,39,0,0,1,0,38,34,0,0,4,8.702702702702704,0.6842105263157895,1.605263157894737,2.3157894736842106,0,44,13,0,1,30,1626,170,1807500000,375900000,0,0,1431600000,37826,220525000,8167592.592592592,6000000,0.3263099455401047,0.08925077988685032,0.15920266483371226,0.4675458816712643,0.33102822809205307,10364694.918838894,27,14909090.909090908,1.15,21.315210512550443,2.6390573296152584,0,19.744833711194687,0,37,0,3,8,10,4,1,0,0.97,3.6635616461296463,0,0.6951929518733405
GER,2021,Schalke 04,18,17,3,3,11,14,34,-20,12,0.71,17,0,4,13,11,52,-41,4,0.24,42,25.9,44.7,34,3060,24,20,44,24,0,3,74,2,0.71,0.59,1.29,0.71,1.29,374,117,181,0.47,25,86,-61,-1.79,Relegated,16,1,0,1,0,37,34,0,0,3,6.827546296296297,0.7567567567567568,1.6216216216216217,2.5675675675675675,0,59,17,2,2,38,2111,287,902900000,249700000,72800000,36800000,543600000,34936,111600000,2790000,1500000,0.38599152736432335,0.08183535607968857,0.15906228532173117,0.580152329749104,0.3942652329749104,4082399.2443324937,40,7045454.545454546,0.47,20.62112236438525,2.8903717578961645,1.0986122886681098,19.335770759254807,18.10322652690318,36,0,3,7,10,5,2,0,1.15,3.6375861597263857,1,0.5794373120988056
GER,2223,Schalke 04,17,17,5,5,7,23,36,-13,20,1.18,17,2,5,10,12,35,-23,11,0.65,35,27.5,46,34,3060,32,24,56,28,4,5,68,1,0.94,0.71,1.65,0.82,1.53,374,145,158,0.91,35,71,-36,-1.06,Relegated,31,1,1,0,0,36,34,0,0,2,8.574384920634921,0.7222222222222222,1.5833333333333333,2.4166666666666665,0,47,12,1,7,27,1692,177,349625000,45625000,1800000,8550000,293650000,35328,82975000,2440441.1764705884,1200000,0.32820991847826086,0.13046308876811594,0.10527060688405797,0.5725413395246621,0.4157878879180476,2659723.1657608696,34,5681818.181818182,0.91,19.672371712346607,2.5649493574615367,0.6931471805599453,17.635966391784738,14.403297778421795,35,0,1,2,2,1,1,0,0.47,3.6109179126442243,1,0.46811127717391304
ESP,1516,Sevilla,7,19,14,1,4,38,21,17,43,2.26,19,0,9,10,13,29,-16,9,0.47,33,26.9,50,38,3420,50,35,85,44,6,7,106,8,1.32,0.92,2.24,1.16,2.08,418,113,152,1.37,51,50,1,0.03,→ Champions League via Europa League win,52,0,0,0,0,63,38,15,0,10,4.595934139784946,1.2857142857142858,2.7301587301587302,4.238095238095238,1,40,12,1,0,27,1723,342,2046700000,654500000,0,0,1392200000,62493,208100000,7707407.407407408,7000000,0.3375258028899237,0.11351671387195365,0.15883378938441106,0.48189082883941126,0.3363767419509851,9898956.683148513,27,14272727.272727273,1.37,21.439494577438268,2.5649493574615367,0.6931471805599453,20.299382144842113,0,62,0,16,27,33,26,9,1,NA,4.1588830833596715,0,0.6935574746155009
ESP,1617,Sevilla,4,19,14,4,1,39,16,23,46,2.42,19,7,5,7,30,33,-3,26,1.37,28,26.8,59.2,38,3420,67,48,115,64,3,5,109,4,1.76,1.26,3.03,1.68,2.95,418,111,154,1.89,69,49,20,0.53,→ Champions League via league finish,72,0,0,0,0,53,38,8,0,7,5.461738782051282,0.9433962264150944,2.1132075471698113,3.2830188679245285,1,40,12,3,0,25,825,129,869500000,306500000,35500000,0,527500000,51829,255000000,9107142.857142856,7500000,0.4209805321345193,0.08283007582627487,0.2253950491037836,0.4319327731092435,0.29411764705882354,12574176.619267205,28,16454545.454545455,1.89,20.5834288929087,2.5649493574615367,1.3862943611198906,19.540728316603182,17.385043282614657,52,0,7,14,20,8,3,1,1.37,3.9889840465642745,0,0.7641764796239737
ESP,1718,Sevilla,7,19,11,5,3,31,22,9,38,2,19,6,2,11,18,36,-18,20,1.05,31,27.1,54.3,38,3420,48,35,83,44,4,5,99,3,1.26,0.92,2.18,1.16,2.08,418,114,152,1.53,49,58,-9,-0.24,→ Europa League via league finish,58,0,0,0,0,59,38,12,0,9,4.75628591954023,1.1864406779661016,2.559322033898305,3.7796610169491527,1,26,11,1,0,14,748,155,735200000,273000000,15000000,0,447200000,53418,233300000,8973076.923076924,6000000,0.40349694859410684,0.1105619828522221,0.19828522220974204,0.4491575719608294,0.35576510930132876,12390767.157138044,26,15818181.818181818,1.53,20.415653130365925,2.4849066497880004,0.6931471805599453,19.424982356812237,16.52356082573315,58,0,12,26,32,17,6,1,1.89,4.0943445622221,0,0.7833243605087269
ESP,1819,Sevilla,6,19,12,3,4,39,20,19,39,2.05,19,5,5,9,23,27,-4,20,1.05,27,27.9,52.3,38,3420,60,47,107,55,5,6,118,6,1.58,1.24,2.82,1.45,2.68,418,111,155,1.55,62,47,15,0.39,"→ Europa League via league finish 1 1. Since Copa del Rey winners Valencia qualified for Champions League, all Europa League berths were awarded based on league position.",59,0,0,0,0,61,38,16,0,7,4.929513888888889,1.180327868852459,2.442622950819672,3.80327868852459,1,37,19,2,0,16,1188,213,1689000000,746000000,37500000,0,905500000,54565,287750000,9591666.666666666,7000000,0.4327316045083845,0.13415192889214697,0.18050032071840924,0.5062090935418475,0.35447437011294525,13859446.53165949,30,19181818.181818184,1.55,21.24740247536414,2.995732273553991,1.0986122886681098,20.430236159508517,17.439851517607305,60,0,22,27,32,23,4,1,1.53,4.127134385045092,1,0.7225303879064188
ESP,1920,Sevilla,4,19,10,7,2,26,14,12,37,1.95,19,9,6,4,28,20,8,33,1.74,26,27.7,57.9,38,3420,53,35,88,46,7,7,97,1,1.39,0.92,2.32,1.21,2.13,418,133,187,1.84,54,34,20,0.53,→ Champions League via league finish,70,0,0,1,0,55,38,13,0,4,6.834876543209877,1.1090909090909091,2.2181818181818183,3.272727272727273,1,16,7,1,0,8,370,50,407900000,162000000,43500000,0,202400000,51031,277200000,10661538.461538462,9000000,0.3539025298348063,0.1841821637827987,0.20703102036017323,0.4095904095904095,0.3120490620490621,13446967.529540867,26,18000000,1.84,19.826532606739367,2.0794415416798357,0.6931471805599453,18.903106899369497,17.588271519047417,54,0,10,19,24,16,3,1,1.55,4.02535169073515,0,0.7470537516411593
ESP,2021,Sevilla,4,19,14,1,4,27,11,16,43,2.26,19,10,4,5,26,22,4,34,1.79,26,28.1,60.9,38,3420,52,36,88,46,6,7,79,2,1.37,0.95,2.32,1.21,2.16,418,184,266,2.03,53,33,20,0.53,→ Champions League via league finish,77,1,0,1,0,54,38,8,0,8,4.547169811320755,1.2407407407407407,2.6296296296296298,4.166666666666667,1,11,4,0,3,4,359,92,1154500000,378000000,0,288000000,488500000,54185,382050000,14150000,9000000,0.382707391344468,0.1526068100027683,0.21334317615576268,0.5309272104194236,0.37953147493783534,20936671.58807788,27,27545454.545454547,2.03,20.866933187625,1.6094379124341003,0,19.750404756229365,0,53,0,10,22,31,20,7,1,1.84,4.007333185232471,1,0.7600771863658636
ESP,2122,Sevilla,4,19,12,6,1,36,17,19,42,2.21,19,6,10,3,17,13,4,28,1.47,33,28.6,59.4,38,3420,51,40,91,49,2,3,97,4,1.34,1.05,2.39,1.29,2.34,418,179,262,1.84,53,30,23,0.61,→ Champions League via league finish,70,1,1,0,0,52,38,10,0,4,5.489991830065359,1,2.2115384615384617,3.326923076923077,1,23,9,4,0,10,952,174,2102000000,727000000,335000000,0,1040000000,52325,376350000,10752857.142857144,7000000,0.45372193024366936,0.014161490683229814,0.20504538939321548,0.5585302435043369,0.3321376378371197,17864193.024366938,35,24909090.90909091,1.84,21.466155109876908,2.302585092994046,1.6094379124341003,20.404437036873308,19.629641092774417,51,0,11,21,25,12,5,1,2.03,3.970291913552122,1,0.717175632365096
ESP,2223,Sevilla,12,19,7,5,7,24,25,-1,26,1.37,19,6,5,8,23,29,-6,23,1.21,35,28.7,52.6,38,3420,47,31,78,43,4,5,121,13,1.24,0.82,2.05,1.13,1.95,418,177,236,1.29,47,54,-7,-0.18,NA,49,1,1,0,0,58,38,15,0,5,5.191154970760234,1.1379310344827587,2.5689655172413794,3.8620689655172415,1,25,7,2,0,16,967,187,1215000000,436500000,209000000,0,569500000,56029,212300000,6433333.333333333,6000000,0.3285798425815203,0.14297952845847686,0.1326634421460315,0.37936596297406466,0.20725388601036268,7832613.468025487,33,11363636.363636363,1.29,20.918009914561967,2.0794415416798357,1.0986122886681098,19.89429893553488,19.157844814713773,57,0,11,19,27,17,6,1,1.84,4.07753744390572,0,0.6892699851862428
ESP,2324,Sevilla,14,19,6,5,8,27,27,0,23,1.21,19,4,6,9,21,27,-6,18,0.95,35,28.6,50.3,38,3420,46,30,76,44,2,2,108,4,1.21,0.79,2,1.16,1.95,418,168,274,1.08,48,54,-6,-0.16,NA,41,1,1,0,0,50,38,6,0,6,5.897108843537415,0.94,2.12,3.16,1,49,23,0,0,26,1503,259,1292200000,583000000,0,0,709200000,49392,213250000,5923611.111111111,3750000,0.37643747975380626,0.12412941367022999,0.12481778425655976,0.4712583040250098,0.2485345838218054,7501602.486232588,36,12636363.636363637,1.08,20.979612029862214,3.1780538303479458,0,20.18369774603003,0,49,0,4,13,20,9,4,1,1.29,3.9318256327243257,0,0.5936519953133703
ESP,2425,Sevilla,17,19,6,6,7,17,23,-6,24,1.26,19,4,5,10,25,32,-7,17,0.89,35,26.1,50.5,38,3420,39,32,71,37,2,3,98,8,1.03,0.84,1.87,0.97,1.82,418,174,266,1.08,42,55,-13,-0.34,NA,41,1,1,0,0,41,38,0,0,3,7.045572916666667,0.6097560975609756,1.5121951219512195,2.3902439024390243,0,27,16,0,0,11,1005,131,627500000,525500000,0,0,102000000,36876,159750000,4840909.090909091,3000000,0.4533300791842933,0.09160429547673284,0.21398741729037857,0.5593398776497369,0.3568075117370892,8029607.332682503,33,10954545.454545455,1.08,20.257254230563838,2.833213344056216,0,20.07986075018423,0,40,0,0,3,6,1,1,0,1.08,3.7376696182833684,1,0.7329932004938384
ENG,1920,Sheffield United,9,19,10,3,6,24,15,9,33,1.74,19,4,9,6,15,24,-9,21,1.11,26,26.9,43.1,38,3420,36,25,61,35,1,1,63,2,0.95,0.66,1.61,0.92,1.58,418,110,171,1.42,39,39,0,0,NA,54,0,0,1,0,44,38,0,0,6,8.16375968992248,0.9772727272727273,2.0681818181818183,2.977272727272727,0,22,8,6,1,7,348,48,194050000,74600000,39300000,5500000,74650000,43843,137600000,4586666.666666667,2400000,0.3409438222749356,0.04440845745044819,0.17820404625595876,0.520203488372093,0.31976744186046513,6649305.476358826,30,9590909.090909092,1.42,19.0836264209325,2.1972245773362196,1.9459101490553132,18.127651078578815,17.486735102284783,43,0,5,10,15,10,4,1,NA,3.8066624897703196,1,0.6932925141227212
ENG,2021,Sheffield United,20,19,5,1,13,12,27,-15,16,0.84,19,2,1,16,8,36,-28,7,0.37,27,26.7,41.7,38,3420,19,13,32,16,3,4,73,3,0.5,0.34,0.84,0.42,0.76,418,103,198,0.61,20,63,-43,-1.13,Relegated,23,1,0,1,0,43,38,0,0,5,5.974206349206349,0.8837209302325582,2.046511627906977,3.0930232558139537,0,30,4,9,1,16,1838,273,1736500000,68000000,184500000,0,1484000000,41106,131650000,4875925.925925926,3500000,0.29470150343015616,0.04909258988955384,0.18097114776431664,0.5103318282201685,0.34181541967337636,6248606.042913443,27,9363636.363636363,0.61,21.275137430724275,1.6094379124341003,2.302585092994046,18.035018277846262,19.03316002686491,42,0,7,10,12,7,3,1,1.42,3.784189633918261,1,0.6673268589519211
ENG,2324,Sheffield United,20,19,2,4,13,19,57,-38,10,0.53,19,1,3,15,16,47,-31,6,0.32,35,25.7,35.8,38,3420,31,18,49,26,5,5,101,5,0.82,0.47,1.29,0.68,1.16,418,152,188,0.42,35,104,-69,-1.82,Relegated,16,1,1,0,0,41,38,0,0,3,7.026041666666667,0.7804878048780488,1.6341463414634145,2.5853658536585367,0,9,4,0,0,5,1703,132,478400000,106000000,0,0,372400000,39494,149500000,3833333.3333333335,2500000,0.44746037372765485,0.04289259127968805,0.19924545500582366,0.57260955321156,0.3076923076923077,6644587.785486403,39,9590909.090909092,0.42,19.985957762690997,1.6094379124341003,0,18.478949661510303,0,40,0,4,6,8,3,1,0,0.61,3.7376696182833684,1,0.6928006221834163
ENG,1516,Southampton,6,19,11,3,5,39,22,17,36,1.89,19,7,6,6,20,19,1,27,1.42,26,26.4,49.2,38,3420,58,45,103,55,3,4,63,0,1.53,1.18,2.71,1.45,2.63,418,111,155,1.66,59,41,18,0.47,"→ Europa League via league finish 2 2. Since FA Cup winners Manchester United qualified for Champions League, all Europa League berths were awarded based on league position.",63,0,0,0,0,46,38,4,0,4,6.439737654320988,0.8478260869565217,1.8695652173913044,2.717391304347826,1,9,3,0,0,6,477,83,938000000,158000000,0,0,780000000,41502,219250000,8432692.307692308,8750000,0.31374391595585754,0.14008963423449472,0.16616066695580936,0.3595737216033681,0.22805017103762829,10131656.305720206,26,13636363.636363637,1.66,20.659260508036596,1.3862943611198906,0,18.878105597320356,0,45,1,7,10,13,7,2,0,NA,3.8501476017100584,0,0.7429881290861484
ENG,1617,Southampton,8,19,6,6,7,17,21,-4,24,1.26,19,6,4,9,24,27,-3,22,1.16,26,26,54.4,38,3420,39,27,66,36,3,6,61,1,1.03,0.71,1.74,0.95,1.66,418,109,157,1.21,41,48,-7,-0.18,NA,46,0,0,0,0,53,38,6,0,9,5.403846153846154,1.1320754716981132,2.358490566037736,3.5660377358490565,1,20,6,0,1,13,1638,277,2660500000,543000000,0,45000000,2072500000,50271,247000000,9148148.148148147,9000000,0.29004794016430946,0.08225418233176185,0.17511089892781126,0.4300494826810617,0.27125506072874495,11848282.309880449,27,16363636.363636363,1.21,21.701779912376566,1.9459101490553132,0,20.11261987973983,0,52,0,13,20,27,19,4,1,1.66,3.9889840465642745,0,0.7240616967149163
ENG,1718,Southampton,17,19,4,7,8,20,26,-6,19,1,19,3,8,8,17,30,-13,17,0.89,26,26.2,51.3,38,3420,36,23,59,33,3,3,65,NA,0.95,0.61,1.55,0.87,1.47,418,113,153,0.95,37,56,-19,-0.5,NA,36,0,0,0,0,44,38,0,0,6,6.372093023255814,0.8181818181818182,1.9090909090909092,2.909090909090909,0,11,4,0,0,7,367,67,906000000,584000000,0,0,322000000,43555,292750000,11710000,12000000,0.3100447709792217,0.12237400987257491,0.14955803007691423,0.38982066609735266,0.300597779675491,13089754.333601194,25,18909090.90909091,0.95,20.624549865111007,1.6094379124341003,0,20.18541154250483,0,43,0,5,9,11,5,2,0,1.21,3.8066624897703196,0,0.6922466234116016
ENG,1819,Southampton,16,19,5,8,6,27,30,-3,23,1.21,19,4,4,11,18,35,-17,16,0.84,30,25.4,43.4,38,3420,44,27,71,40,4,5,75,3,1.16,0.71,1.87,1.05,1.76,418,107,159,1.03,45,65,-20,-0.53,NA,39,0,0,0,0,43,38,0,0,5,6.501488095238095,0.8837209302325582,1.8604651162790697,2.8372093023255816,0,40,15,7,3,15,978,141,1375000000,572000000,62000000,35000000,706000000,43494,277000000,10259259.25925926,10000000,0.3338391502276176,0.14896307536671724,0.190532027406079,0.2928198957079824,0.20938628158844766,12153745.344185404,27,15636363.636363637,1.03,21.041719568792217,2.772588722239781,2.0794415416798357,20.164649551092324,17.9426449591384,42,0,6,12,15,7,2,0,0.95,3.784189633918261,0,0.7772744115467409
ENG,1920,Southampton,11,19,6,3,10,21,35,-14,21,1.11,19,9,4,6,30,25,5,31,1.63,25,25.9,48.9,38,3420,51,32,83,49,2,5,55,4,1.34,0.84,2.18,1.29,2.13,418,111,171,1.37,51,60,-9,-0.24,NA,52,0,0,1,0,44,38,0,0,6,8.16375968992248,0.8636363636363636,2,2.9545454545454546,0,32,10,6,3,13,768,107,845400000,339000000,163200000,24000000,319200000,43394,193400000,8790909.090909092,8000000,0.34329630824537954,0.21724201502511867,0.23176015117297322,0.24917739964275643,0.2481902792140641,9848273.954924643,22,11909090.909090908,1.37,20.555320447279836,2.3978952727983707,1.9459101490553132,19.641510668294575,18.910487006621732,43,0,3,7,15,5,2,0,1.03,3.8066624897703196,0,0.8269543015585579
ENG,2021,Southampton,15,19,8,3,8,28,25,3,27,1.42,19,4,4,11,19,43,-24,16,0.84,29,26.6,52,38,3420,47,33,80,42,5,6,52,3,1.24,0.87,2.11,1.11,1.97,418,101,215,1.13,47,68,-21,-0.55,NA,43,1,0,1,0,44,38,0,0,6,5.884689922480621,0.8863636363636364,2,3.090909090909091,0,31,13,8,1,9,1121,194,1402000000,475000000,429000000,32000000,466000000,39425,225400000,7513333.333333333,5000000,0.4658211794546607,0.019606848446417247,0.23114774889029804,0.544676131322094,0.2972493345164153,12817038.68103995,30,16272727.272727273,1.13,21.061165626272075,2.6390573296152584,2.1972245773362196,19.97882536410418,19.876967479223293,43,0,3,11,17,6,3,1,1.37,3.8066624897703196,1,0.7876392485555276
ENG,2122,Southampton,15,19,6,7,6,23,24,-1,25,1.32,19,3,6,10,20,43,-23,15,0.79,25,25.7,47.7,38,3420,41,26,67,37,4,4,65,2,1.08,0.68,1.76,0.97,1.66,418,110,232,1.05,43,67,-24,-0.63,NA,40,1,1,0,0,45,38,0,0,7,6.387310606060606,0.8222222222222222,1.8888888888888888,2.7333333333333334,0,18,6,1,5,6,977,155,2156200000,226800000,1600000000,78400000,251000000,45357,269250000,10355769.23076923,7500000,0.36636020900853233,0.11224287320589986,0.1888793350530238,0.4789157917291622,0.2934076137418756,14315415.481623564,26,19454545.454545453,1.05,21.49161325053307,1.9459101490553132,0.6931471805599453,19.239579134227043,21.193269466817146,44,0,7,11,13,5,2,0,1.13,3.828641396489095,0,0.7358391135413982
ENG,2223,Southampton,20,19,2,5,12,19,37,-18,11,0.58,19,4,2,13,17,36,-19,14,0.74,36,24.7,44.5,38,3420,36,25,61,34,2,4,73,0,0.95,0.66,1.61,0.89,1.55,418,175,167,0.66,36,73,-37,-0.97,Relegated,25,1,1,0,0,47,38,0,0,9,6.414402173913043,0.9574468085106383,2.0425531914893615,3.127659574468085,0,17,8,2,0,7,958,152,1852000000,1168000000,70000000,0,614000000,45482,361500000,10328571.42857143,8000000,0.4324348093751374,0.06479486390220307,0.20874191988039223,0.4712823552657579,0.2627939142461964,15493141.242689416,35,21272727.272727273,0.66,21.339531973710354,2.1972245773362196,1.0986122886681098,20.87855872220861,18.064005814299346,46,0,6,13,18,9,2,0,1.05,3.871201010907891,0,0.7283100584170238
ENG,2425,Southampton,20,19,1,3,15,13,47,-34,6,0.32,19,1,3,15,13,39,-26,6,0.32,36,25.2,48.5,38,3420,25,16,41,25,0,2,89,3,0.66,0.42,1.08,0.66,1.08,418,180,162,0.32,26,86,-60,-1.58,Relegated,12,1,1,0,0,44,38,0,0,6,6.535852713178294,0.8409090909090909,1.8181818181818181,2.772727272727273,0,35,13,2,1,19,1278,203,1341800000,351800000,42000000,2000000,946000000,NA,NA,NA,NA,NA,NA,NA,NA,NA,NA,NA,NA,0.32,21.017277833838328,2.6390573296152584,1.0986122886681098,19.678573393110256,17.553180200057167,43,0,3,8,12,4,2,0,0.66,3.8066624897703196,NA,NA
ITA,2021,Spezia,15,19,5,7,7,28,33,-5,22,1.16,19,4,5,10,24,39,-15,17,0.89,35,25.2,51.9,38,3420,52,37,89,48,4,5,100,5,1.37,0.97,2.34,1.26,2.24,418,180,268,1.03,52,72,-20,-0.53,NA,39,1,0,1,0,42,38,0,0,4,5.813262195121951,0.9047619047619048,2.0714285714285716,3.0714285714285716,0,67,19,0,10,38,1735,303,491400000,168250000,0,96600000,226550000,42089,71650000,1990277.7777777778,1600000,0.3536078310247333,0.11121670745325382,0.10710636983534891,0.4475653252694427,0.25819958129797627,2640176.768276747,36,4000000,1.03,20.012769020086356,2.995732273553991,0,18.94096153243265,0,41,0,3,10,14,6,2,0,NA,3.7612001156935624,0,0.6600441920691867
ITA,2122,Spezia,16,19,5,3,11,21,30,-9,18,0.95,19,5,3,11,20,41,-21,18,0.95,30,24.4,42.7,38,3420,38,25,63,35,3,5,88,4,1,0.66,1.66,0.92,1.58,418,137,268,0.95,41,71,-30,-0.79,NA,36,1,1,0,0,40,38,0,0,2,7.225160256410256,0.675,1.525,2.35,0,43,8,1,5,29,1044,172,451300000,67300000,17000000,16500000,350500000,39360,76250000,2629310.3448275863,2500000,0.3932672764227642,0.06354166666666666,0.20254065040650407,0.42143583945732055,0.2819672131147541,3695980.6910569104,29,4700000,0.95,19.927642867013052,2.1972245773362196,0.6931471805599453,18.024670809473797,16.648723960844016,39,0,3,7,9,4,2,0,1.03,3.713572066704308,0,0.7863788704376405
ITA,2223,Spezia,17,19,4,8,7,18,30,-12,20,1.05,19,2,5,12,13,32,-19,11,0.58,34,25.7,47.4,38,3420,29,18,47,25,4,4,103,6,0.76,0.47,1.24,0.66,1.13,418,168,310,0.82,31,62,-31,-0.82,"Relegated, → Relegation tie-breaker",31,1,1,0,0,42,39,0,0,3,7.539380081300813,0.7142857142857143,1.619047619047619,2.5952380952380953,0,52,13,0,0,39,1601,202,530350000,190600000,0,0,339750000,40521,112100000,3202857.1428571427,2000000,0.39979270008143925,0.07731793391081168,0.1799313935983811,0.542678730725118,0.3746654772524532,4635567.9770982945,35,7100000,0.82,20.0890477258013,2.6390573296152584,0,19.065687554430966,0,41,0,1,5,6,1,2,0,0.95,3.7612001156935624,1,0.6528968981828583
ESP,1516,Sporting Gijón,17,19,7,4,8,28,28,0,25,1.32,19,3,5,11,12,34,-22,14,0.74,28,24.5,43.1,38,3420,39,29,68,38,1,2,107,6,1.03,0.76,1.79,1,1.76,418,113,153,1.03,40,62,-22,-0.58,NA,39,0,0,0,0,40,38,0,0,2,6.819444444444445,0.725,1.7,2.575,0,11,5,0,0,6,582,80,231700000,115500000,0,0,116200000,38559,52500000,2019230.7692307692,1500000,0.402733473378459,0.07852900749500764,0.19520734458881195,0.468058608058608,0.4,2765520.3713789256,26,3563636.3636363638,1.03,19.26095399371853,1.791759469228055,0,18.56478109658413,0,39,0,3,5,8,1,2,0,NA,3.713572066704308,0,0.7760388797236781
ESP,1617,Sporting Gijón,18,19,5,4,10,26,38,-12,19,1,19,2,6,11,16,34,-18,12,0.63,29,26.4,44.4,38,3420,42,26,68,38,4,7,116,4,1.11,0.68,1.79,1,1.68,418,113,150,0.82,42,72,-30,-0.79,Relegated,31,0,0,0,0,40,38,0,0,2,6.973023504273504,0.75,1.625,2.525,0,32,6,3,0,23,1088,128,188000000,33500000,7200000,0,147300000,39546,46550000,1724074.0740740742,1500000,0.308425630910838,0.11659839174632074,0.17700905274869771,0.321836336873931,0.26852846401718583,2114762.5549992416,27,2645454.5454545454,0.82,19.05195252611337,1.9459101490553132,1.3862943611198906,17.32705602664604,15.789591722875162,39,0,1,6,7,3,1,0,1.03,3.713572066704308,0,0.7993947802402631
GER,2425,St Pauli,14,17,3,5,9,10,19,-9,14,0.82,17,5,3,9,18,22,-4,18,1.06,28,26.9,44.2,34,3060,26,22,48,25,1,2,53,4,0.76,0.65,1.41,0.74,1.38,374,143,163,0.94,28,41,-13,-0.38,NA,32,1,1,0,0,36,34,0,0,2,7.8255952380952385,0.5833333333333334,1.4444444444444444,2.1944444444444446,0,35,9,2,4,20,1636,211,536000000,87100000,67000000,9500000,372400000,35933,64050000,2287500,2250000,0.3926474271560961,0.012523307266301171,0.2028219185706732,0.3853853016616482,0.234192037470726,3117212.5900982386,28,3954545.4545454546,0.94,20.09964472090075,2.302585092994046,1.0986122886681098,18.282567453303788,18.020203192280615,35,0,1,2,3,2,1,0,NA,3.6109179126442243,0,0.7882606549673706
ENG,1516,Stoke City,9,19,8,4,7,22,24,-2,28,1.47,19,6,5,8,19,31,-12,23,1.21,27,27.4,49.7,38,3420,40,29,69,35,5,5,53,0,1.05,0.76,1.82,0.92,1.68,418,107,159,1.34,41,55,-14,-0.37,NA,51,0,0,0,0,46,38,0,0,8,6.2212962962962965,0.9130434782608695,2.0217391304347827,3.0869565217391304,0,15,7,0,0,8,1400,187,1172000000,216000000,0,0,956000000,46324,146750000,5435185.185185186,4500000,0.3028667645281064,0.07393575684310509,0.11946291339262585,0.43649441605148587,0.29982964224872233,6568166.609101114,27,9772727.272727273,1.34,20.881977528954476,2.0794415416798357,0,19.190788970278067,0,45,0,2,9,17,8,3,1,NA,3.8501476017100584,0,0.6720914669777883
ENG,1617,Stoke City,13,19,7,6,6,24,24,0,27,1.42,19,4,5,10,17,32,-15,17,0.89,26,28.7,46.3,38,3420,37,24,61,33,4,6,72,1,0.97,0.63,1.61,0.87,1.5,418,93,173,1.16,41,56,-15,-0.39,NA,44,0,0,0,0,41,38,0,0,3,7.025,0.7317073170731707,1.7317073170731707,2.5121951219512195,0,11,5,1,0,5,672,94,669000000,303000000,2500000,0,363500000,40342,177750000,7406250,5000000,0.2427742799067969,0.24240245897575727,0.10785285806355659,0.41930379746835444,0.270042194092827,7852920.033711764,24,12818181.818181818,1.16,20.32129461958727,1.791759469228055,0.6931471805599453,19.529243366773972,14.731801689838349,40,0,3,7,11,4,2,0,1.34,3.7376696182833684,0,0.612639151566166
ENG,1718,Stoke City,19,19,5,5,9,20,30,-10,20,1.05,19,2,7,10,15,38,-23,13,0.68,30,27.5,41.4,38,3420,34,28,62,34,0,3,62,NA,0.89,0.74,1.63,0.89,1.63,418,92,174,0.87,35,68,-33,-0.87,Relegated,33,0,0,0,0,41,38,0,0,3,6.85,0.8048780487804879,1.7560975609756098,2.731707317073171,0,13,7,0,0,6,575,71,369750000,226750000,0,0,143000000,34128,150200000,5364285.714285715,3000000,0.3945440693858415,0.090014064697609,0.22090365682137833,0.4884202016359138,0.3195739014647137,8048800.105485232,28,10500000,0.87,19.72833766225971,2.0794415416798357,0,19.239358651369663,0,40,0,3,6,9,5,2,0,1.16,3.7376696182833684,1,0.7665523909985935
FRA,1718,Strasbourg,15,19,7,6,6,27,27,0,27,1.42,19,2,5,12,17,40,-23,11,0.58,25,27.2,49.1,38,3420,43,26,69,36,7,7,72,4,1.13,0.68,1.82,0.95,1.63,418,110,156,1,44,67,-23,-0.61,NA,38,0,0,0,0,44,38,0,0,6,6.675387596899225,0.7954545454545454,1.8409090909090908,2.659090909090909,0,16,11,3,0,2,636,89,194500000,146000000,29000000,0,19500000,44082,44850000,1794000,1500000,0.3481239508189284,0.16932081121546208,0.18805861803003493,0.4836566332218506,0.379041248606466,2144693.9794020234,25,3227272.727272727,1,19.085942726164163,2.4849066497880004,1.3862943611198906,18.799117186521926,17.182806422433504,43,0,4,5,9,2,2,0,NA,3.8066624897703196,0,0.6645530640400636
FRA,1819,Strasbourg,11,19,6,8,5,31,25,6,26,1.37,19,5,8,6,27,23,4,23,1.21,26,26.2,50.1,38,3420,57,43,100,52,5,7,71,4,1.5,1.13,2.63,1.37,2.5,418,109,156,1.29,58,48,10,0.26,→ Europa League via cup win 2 2. Strasbourg qualified for a Europa League second qualifying round berth by virtue of winning the Coupe de la Ligue.,49,0,0,0,0,45,38,0,0,7,6.48113952020202,0.8222222222222222,1.8666666666666667,2.7111111111111112,0,8,4,0,0,4,396,57,129300000,17300000,0,0,112000000,43126,86350000,3321153.846153846,3000000,0.37960858878634696,0.07561563789825164,0.22522376292723648,0.4695336510623134,0.335842501447597,4919261.002643417,26,5954545.454545454,1.29,18.677645851476036,1.6094379124341003,0,16.666217117271472,0,44,0,2,7,14,6,3,1,1,3.828641396489095,0,0.8261354355584365
FRA,1920,Strasbourg,10,13,7,3,3,22,14,8,24,1.85,14,4,2,8,10,18,-8,14,1,25,25.8,49.6,27,2430,32,21,53,29,3,4,47,1,1.19,0.78,1.96,1.07,1.85,297,80,109,1.41,32,32,0,0,NA,38,0,0,1,0,49,38,6,0,5,6.37109375,0.7959183673469388,1.5918367346938775,2.4693877551020407,1,8,3,1,0,4,261,54,319475000,102500000,950000,0,216025000,30703,84025000,3653260.8695652173,2200000,0.32664560466403936,0.1139953750447839,0.16679151874409667,0.44435532902992114,0.3296637905385302,4801685.503045305,23,6181818.181818182,1.41,19.582189584589177,1.3862943611198906,0.6931471805599453,18.445373366298835,13.76421831620775,40,0,6,9,13,9,4,1,1.29,3.912023005428146,0,0.7767432431396817
FRA,2021,Strasbourg,15,19,4,5,10,21,29,-8,17,0.89,19,7,4,8,28,29,-1,25,1.32,26,26.8,45.7,38,3420,49,26,75,39,10,12,58,3,1.29,0.68,1.97,1.03,1.71,418,144,196,1.11,49,58,-9,-0.24,NA,42,1,0,1,0,39,38,0,0,1,7.190789473684211,0.6923076923076923,1.5384615384615385,2.58974358974359,0,8,2,0,0,6,483,70,668100000,43500000,0,0,624600000,35410,96200000,4008333.3333333335,2000000,0.3589381530641062,0.08932504942106749,0.19751482632024853,0.5247747747747746,0.4158004158004158,5417091.217170291,24,7381818.181818182,1.11,20.31994842239249,1.0986122886681098,0,17.588271519047417,0,38,0,0,6,8,3,2,0,1.41,3.6888794541139363,1,0.7338424062669113
FRA,2122,Strasbourg,6,19,11,5,3,36,18,18,38,2,19,6,7,6,24,25,-1,25,1.32,26,27,49.5,38,3420,56,40,96,50,6,8,72,3,1.47,1.05,2.53,1.32,2.37,418,145,180,1.66,60,43,17,0.45,NA,63,1,1,0,0,40,38,0,0,2,7.339743589743589,0.725,1.525,2.375,0,11,5,1,0,5,654,91,186400000,66000000,800000,0,119600000,39413,117000000,4875000,3500000,0.39839646817040064,0.09128967599523,0.187603075127496,0.4692307692307691,0.3247863247863248,7013848.2226676475,24,8863636.363636363,1.66,19.043405465580573,1.791759469228055,0.6931471805599453,18.005165315142214,13.592368256649284,39,0,1,4,7,1,1,0,1.11,3.713572066704308,0,0.7913059533266065
FRA,2223,Strasbourg,15,19,5,7,7,25,26,-1,22,1.16,19,4,6,9,26,33,-7,18,0.95,29,27.3,45.9,38,3420,48,28,76,43,5,7,73,7,1.26,0.74,2,1.13,1.87,418,161,169,1.05,51,59,-8,-0.21,NA,40,1,1,0,0,39,38,0,0,1,7.925438596491228,0.6666666666666666,1.4871794871794872,2.4358974358974357,0,19,9,0,0,10,466,66,288800000,129200000,0,0,159600000,38699,122300000,4217241.379310345,3000000,0.40187084937595285,0.10305175844337063,0.18463009380087342,0.49310626779823497,0.3107113654946852,5983440.140572107,29,8272727.2727272725,1.05,19.481244968445548,2.302585092994046,0,18.676872157052713,0,38,0,0,2,4,1,1,0,1.66,3.6888794541139363,1,0.7232729840251998
FRA,2324,Strasbourg,13,17,7,3,7,22,23,-1,24,1.41,17,3,6,8,16,27,-11,15,0.88,30,24.1,44.3,34,3060,36,24,60,33,3,4,59,2,1.06,0.71,1.76,0.97,1.68,374,141,165,1.15,38,50,-12,-0.35,NA,39,1,1,0,1,38,34,0,0,4,7.567849099099099,0.6842105263157895,1.4210526315789473,2.3157894736842106,0,22,6,2,1,13,698,81,517700000,227200000,8000000,12000000,270500000,37665,140250000,5008928.571428572,2250000,0.35536970662418693,0.12191689897783088,0.12767821585025887,0.5523172905525846,0.3422459893048128,6719126.510022568,28,10590909.090909092,1.15,20.06490648380375,1.9459101490553132,1.0986122886681098,19.241341249212677,15.894952224644102,37,0,3,4,4,0,1,0,1.05,3.6635616461296463,1,0.6344239623197273
FRA,2425,Strasbourg,7,17,10,5,2,33,20,13,35,2.06,17,6,4,7,23,24,-1,22,1.29,30,21.4,50.1,34,3060,54,43,97,52,2,2,71,3,1.59,1.26,2.85,1.53,2.79,374,131,177,1.68,56,44,12,0.35,→ Conference League via league finish,57,1,1,0,1,37,34,0,0,3,7.560185185185185,0.6756756756756757,1.4594594594594594,2.324324324324324,0,24,5,1,0,18,1117,110,924500000,99000000,18000000,0,807500000,36612,300850000,9704838.709677419,6000000,0.4855511854036928,0.04468480279689719,0.21626789030918825,0.5203643440359842,0.28253282366627885,17459496.886266798,31,20818181.818181816,1.68,20.64476360987312,1.791759469228055,0.6931471805599453,18.410630418199872,16.705882371415992,36,0,0,2,3,1,1,0,1.15,3.6375861597263857,1,0.8386657892966585
GER,1516,Stuttgart,17,17,6,1,10,22,32,-10,19,1.12,17,3,5,9,28,43,-15,14,0.82,31,26,47.9,34,3060,48,34,82,44,4,4,72,0,1.41,1,2.41,1.29,2.29,374,97,139,0.97,50,75,-25,-0.74,Relegated,33,0,0,0,0,38,34,0,0,4,7.561936936936937,0.7368421052631579,1.736842105263158,2.4473684210526314,0,52,14,2,0,36,1328,170,435200000,141100000,18000000,0,276100000,37843,79675000,2570161.290322581,2000000,0.3955817456332743,0.04161932193536453,0.21171683006104167,0.45179509499276294,0.3137747097583935,3904247.1527098804,31,4954545.454545454,0.97,19.8913162558038,2.70805020110221,1.0986122886681098,18.764979423910216,16.705882371415992,37,0,3,5,7,3,1,0,NA,3.6635616461296463,0,0.7880131867854805
GER,1718,Stuttgart,7,17,10,4,3,18,9,9,34,2,17,5,2,10,18,27,-9,17,1,26,25.6,46.6,34,3060,35,22,57,34,1,3,59,NA,1.03,0.65,1.68,1,1.65,374,100,137,1.5,36,36,0,0,NA,51,0,0,0,0,37,34,0,0,3,7.552083333333333,0.7297297297297297,1.5675675675675675,2.2972972972972974,0,49,13,2,0,34,1124,145,458800000,92500000,56000000,0,310300000,35713,126575000,4868269.230769231,2750000,0.40072242600733626,0.028841038277377985,0.2411166802004872,0.5437411689633691,0.47402725656725264,7903064.710329572,26,9272727.272727273,1.5,19.94412494539909,2.6390573296152584,1.0986122886681098,18.342719213293464,17.840862266556567,36,0,1,3,5,2,2,0,0.97,3.6375861597263857,1,0.852291292290444
GER,1819,Stuttgart,16,17,6,4,7,22,27,-5,22,1.29,17,1,3,13,10,43,-33,6,0.35,26,26.3,45.9,34,3060,32,26,58,31,1,1,66,5,0.94,0.76,1.71,0.91,1.68,374,101,137,0.82,32,70,-38,-1.12,→ German 1/2 Relegation/Promotion play-offs,28,0,0,0,0,37,34,0,0,3,7.833043981481482,0.6216216216216216,1.4594594594594594,2.2162162162162162,0,46,13,1,1,31,988,149,750600000,259500000,75000000,4000000,412100000,32323,122600000,4904000,2500000,0.3456981097051635,0.19577390712495746,0.19763017046685022,0.5423164763458401,0.46492659053833607,6756046.777836216,25,9090909.090909092,0.82,20.43638344599746,2.6390573296152584,0.6931471805599453,19.374267264423782,18.132998684833918,36,0,1,2,3,1,1,0,1.5,3.6375861597263857,1,0.7431651455619837
GER,2021,Stuttgart,9,17,5,6,6,27,26,1,21,1.24,17,7,3,7,29,29,0,24,1.41,29,24.1,51.5,34,3060,54,42,96,48,6,8,65,2,1.59,1.24,2.82,1.41,2.65,374,156,150,1.32,56,55,1,0.03,NA,45,1,0,1,0,37,34,0,0,3,6.972222222222222,0.7297297297297297,1.6486486486486487,2.6486486486486487,0,53,12,2,0,39,1858,228,2076900000,858600000,727000000,0,491300000,36552,187750000,6474137.931034483,2500000,0.4480739768001751,0.02754979207704093,0.15181111840665354,0.5868772670921529,0.36750998668442075,10449072.554169403,29,14363636.363636363,1.32,21.45414223479785,2.5649493574615367,1.0986122886681098,20.57081371491942,20.404437036873308,36,0,2,4,5,1,2,0,0.82,3.6375861597263857,1,0.7274670765560978
GER,2122,Stuttgart,15,17,6,4,7,28,32,-4,22,1.29,17,1,8,8,13,27,-14,11,0.65,34,24,50.7,34,3060,40,31,71,39,1,3,64,2,1.18,0.91,2.09,1.15,2.06,374,135,170,0.97,41,59,-18,-0.53,NA,33,1,1,0,0,36,34,0,0,2,8,0.6111111111111112,1.3888888888888888,2.0555555555555554,0,96,9,1,28,58,2536,307,1891200000,244000000,32000000,213700000,1401500000,34497,165200000,5006060.606060606,2000000,0.4676928428559005,0.06333884105864278,0.19558222454126445,0.5728593440457848,0.3813559322033898,8061634.345015509,33,11590909.090909092,0.97,21.36047738570482,2.302585092994046,0.6931471805599453,19.312678787355836,17.281246492014,35,0,0,2,3,1,1,0,1.32,3.6109179126442243,1,0.6955135513346713
GER,2223,Stuttgart,16,17,5,6,6,23,22,1,21,1.24,17,2,6,9,22,35,-13,12,0.71,30,24.7,50.2,34,3060,45,34,79,40,5,5,72,5,1.32,1,2.32,1.18,2.18,374,140,163,0.97,45,57,-12,-0.35,→ German 1/2 Relegation/Promotion play-offs,33,1,1,0,0,41,34,0,0,7,7.777864583333334,0.8536585365853658,1.7804878048780488,2.731707317073171,0,57,11,0,3,43,1006,125,637100000,233000000,0,13000000,391100000,40326,145700000,5024137.931034483,2500000,0.3524773099241184,0.12565094479988098,0.12324554877746367,0.4917993988592526,0.30199039121482496,6795174.329216883,29,10227272.727272727,0.97,20.27243718865633,2.4849066497880004,0,19.26654901582182,0,40,0,2,4,7,4,2,0,0.97,3.7376696182833684,1,0.6644170455234286
GER,2324,Stuttgart,2,17,13,3,1,50,15,35,42,2.47,17,10,1,6,28,24,4,31,1.82,27,25,59.9,34,3060,78,60,138,73,5,8,56,1,2.29,1.76,4.06,2.15,3.91,374,157,148,2.15,78,39,39,1.15,→ Champions League via league finish,73,1,1,0,0,38,34,0,0,4,7.570382882882883,0.631578947368421,1.5789473684210527,2.3421052631578947,0,32,6,4,5,17,1047,119,1128450000,409800000,173350000,3800000,541500000,33865,268050000,11654347.826086957,10000000,0.3815148383286579,0.018750922781632956,0.21692012402185146,0.5090062691094297,0.37306472673008767,17973413.553816624,23,20545454.545454547,2.15,20.844110847524785,1.9459101490553132,1.6094379124341003,19.831179796209288,18.970823235863982,37,0,0,3,4,0,1,0,0.97,3.6635616461296463,1,0.8748121641238179
GER,2425,Stuttgart,9,17,7,2,8,35,27,8,23,1.35,17,7,6,4,29,26,3,27,1.59,29,24.9,57.2,34,3060,61,45,106,59,2,6,72,5,1.79,1.32,3.12,1.74,3.06,374,161,142,1.47,64,53,11,0.32,→ Europa League via cup win,50,1,1,0,0,49,34,8,0,7,5.832899305555555,1.0204081632653061,2.122448979591837,3.122448979591837,1,58,14,2,8,34,1961,292,2074100000,758700000,18500000,103000000,1193900000,47803,339900000,10964516.129032258,7000000,0.4160617534464364,0.05200510428215802,0.18538585444428174,0.49752773586159127,0.32362459546925565,17508055.979750223,31,22363636.363636363,1.47,21.452793162081242,2.70805020110221,1.0986122886681098,20.447117001626346,16.733281344102608,48,0,5,15,21,14,4,1,2.15,3.912023005428146,1,0.7828805519400507
ENG,1516,Sunderland,17,19,6,6,7,23,20,3,24,1.26,19,3,6,10,25,42,-17,15,0.79,31,27.3,41,38,3420,44,30,74,41,3,3,68,0,1.16,0.79,1.95,1.08,1.87,418,105,161,1.03,48,62,-14,-0.37,NA,39,0,0,0,0,41,38,0,0,3,7.025,0.7804878048780488,1.6829268292682926,2.5121951219512195,0,12,1,3,0,8,366,52,179500000,0,30000000,0,149500000,38469,94500000,3634615.3846153845,3000000,0.3085601393329694,0.17182666562686838,0.10005458940965453,0.38278388278388276,0.2857142857142857,4071824.0661311704,26,6045454.545454546,1.03,19.00568577146364,0.6931471805599453,1.3862943611198906,0,17.216707972959764,40,0,2,5,10,4,1,0,NA,3.7376696182833684,0,0.6735348079314717
ENG,1617,Sunderland,20,19,3,5,11,16,34,-18,14,0.74,19,3,1,15,13,35,-22,10,0.53,31,26.8,39.7,38,3420,28,11,39,23,5,5,84,3,0.74,0.29,1.03,0.61,0.89,418,94,172,0.63,29,69,-40,-1.05,Relegated,24,0,0,0,0,43,38,0,0,5,6.687996031746032,0.8604651162790697,1.8604651162790697,2.6744186046511627,0,25,11,0,0,14,1973,288,1080000000,213500000,0,0,866500000,39423,104000000,4000000,3000000,0.3336123582680161,0.218349694340867,0.1897115896811506,0.4040310650887573,0.3076923076923077,5034491.286812267,26,6727272.7272727275,0.63,20.800226879008466,2.4849066497880004,0,19.179147395316793,0,42,0,6,11,13,7,1,0,1.03,3.784189633918261,0,0.7483703264180397
ENG,1516,Swansea City,12,19,8,6,5,20,20,0,30,1.58,19,4,5,10,22,32,-10,17,0.89,27,27.6,52.5,38,3420,41,25,66,36,5,5,60,0,1.08,0.66,1.74,0.95,1.61,418,109,157,1.24,42,52,-10,-0.26,NA,47,0,0,0,0,41,38,0,0,3,7.022395833333333,0.7317073170731707,1.5609756097560976,2.5121951219512195,0,5,3,0,0,2,119,18,80000000,50000000,0,0,30000000,40432,141200000,5229629.62962963,5000000,0.3200187969924812,0.12687969924812031,0.18012960031658093,0.4041548630783758,0.28328611898017,6790579.244163039,27,8954545.454545455,1.24,18.197537205138154,1.3862943611198906,0,17.72753358339242,0,40,0,2,6,8,3,1,0,NA,3.7376696182833684,0,0.7583387988405424
ENG,1617,Swansea City,15,19,8,3,8,27,34,-7,27,1.42,19,4,2,13,18,36,-18,14,0.74,27,27.4,47.9,38,3420,45,31,76,42,3,3,56,0,1.18,0.82,2,1.11,1.92,418,105,161,1.08,45,70,-25,-0.66,NA,41,0,0,0,0,41,38,0,0,3,7.025,0.8048780487804879,1.5853658536585367,2.4390243902439024,0,19,6,2,0,11,969,116,543500000,178500000,43500000,0,321500000,40705,142500000,5277777.777777778,5000000,0.3303034025304017,0.14194816361626336,0.1647954796708021,0.4218323586744639,0.3087719298245614,6994883.920894239,27,9045454.545454545,1.08,20.113540266365465,1.9459101490553132,1.0986122886681098,19.00009916478621,17.588271519047417,40,0,3,7,9,5,2,0,1.24,3.7376696182833684,0,0.7733037500486094
ENG,1718,Swansea City,18,19,6,3,10,17,24,-7,21,1.11,19,2,6,11,11,32,-21,12,0.63,26,27.2,45.3,38,3420,27,20,47,26,1,1,51,NA,0.71,0.53,1.24,0.68,1.21,418,109,157,0.87,28,56,-28,-0.74,Relegated,33,0,0,0,0,48,38,0,0,10,5.829787234042553,1.0208333333333333,2.1666666666666665,3.2083333333333335,0,15,10,0,0,5,1146,173,1475000000,879000000,0,0,596000000,47417,162190000,5592758.620689655,5000000,0.2782546344138178,0.06139148406689584,0.11989370900731805,0.46539286617866216,0.3082804118626302,6979524.643060505,29,10545454.545454545,0.87,21.11192382741616,2.3978952727983707,0,20.59429545678711,0,47,0,1,10,18,8,3,1,1.08,3.8918202981106265,0,0.661851474772979
ITA,1516,Torino,12,19,6,6,7,25,25,0,24,1.26,19,6,3,10,27,30,-3,21,1.11,27,27.6,47.5,38,3420,49,29,78,40,9,11,99,0,1.29,0.76,2.05,1.05,1.82,418,109,277,1.18,52,55,-3,-0.08,NA,45,0,0,0,0,41,38,0,0,3,6.821614583333333,0.7560975609756098,1.6585365853658536,2.5609756097560976,0,32,14,2,0,16,1067,178,575900000,240700000,62500000,0,272700000,40518,87700000,3132142.8571428573,1800000,0.38138605064415815,0.14783552988795104,0.17027000345525445,0.5056605310311124,0.34207525655644244,4054398.045313194,28,6272727.2727272725,1.18,20.171444594213312,2.70805020110221,1.0986122886681098,19.29906190690785,17.95067713070663,40,0,1,5,12,4,1,0,NA,3.7376696182833684,1,0.6463533115716686
ITA,1617,Torino,9,19,9,8,2,43,31,12,35,1.84,19,4,6,9,28,35,-7,18,0.95,29,26.4,50.7,38,3420,70,54,124,65,5,9,88,3,1.84,1.42,3.26,1.71,3.13,418,113,326,1.39,71,66,5,0.13,NA,53,0,0,0,0,41,38,0,0,3,7.200260416666667,0.6097560975609756,1.5121951219512195,2.317073170731707,0,33,17,1,0,15,808,140,557200000,415500000,6300000,0,135400000,39577,142100000,5075000,2650000,0.41572125224246403,0.11928645425373323,0.236905273264775,0.5623554840655474,0.3800140745953554,7811531.950375218,28,10590909.090909092,1.39,20.138434801664612,2.8903717578961645,0.6931471805599453,19.844993174666516,15.656060350091908,40,0,0,3,5,1,1,0,1.18,3.7376696182833684,1,0.7375695403787759
ITA,1718,Torino,9,19,8,6,5,29,18,11,30,1.58,19,5,9,5,25,28,-3,24,1.26,27,28.1,51.1,38,3420,53,36,89,53,0,2,78,NA,1.39,0.95,2.34,1.39,2.34,418,106,315,1.42,54,46,8,0.21,NA,54,0,0,0,0,42,38,0,0,4,6.871697154471545,0.7619047619047619,1.7142857142857142,2.619047619047619,0,36,14,1,0,21,955,133,898500000,222000000,1200000,0,675300000,41501,167725000,6212037.037037037,4000000,0.32782342594154357,0.17939326763210525,0.12946675983711237,0.5733702102758595,0.4233119689968699,8570332.040191803,27,12545454.545454545,1.42,20.616237265300853,2.70805020110221,0.6931471805599453,19.218187944341057,13.997832948091215,41,0,3,7,10,4,1,0,1.39,3.7612001156935624,1,0.6831424090007959
ITA,1819,Torino,7,19,12,2,5,32,19,13,38,2,19,4,13,2,20,18,2,25,1.32,25,27.6,51.1,38,3420,50,31,81,45,5,6,89,4,1.32,0.82,2.13,1.18,2,418,112,273,1.66,52,37,15,0.39,→ Europa League via league finish,63,0,0,0,0,41,38,0,0,3,7.169010416666667,0.6341463414634146,1.5365853658536586,2.4390243902439024,0,22,6,0,0,16,419,59,427000000,90000000,0,0,337000000,40147,188200000,8554545.454545455,6500000,0.37205768799661243,0.0843151418536877,0.25590953246817943,0.49043570669500536,0.3985122210414453,12113664.78192642,22,14363636.363636363,1.66,19.87229457353482,1.9459101490553132,0,18.31532023940565,0,40,0,3,5,6,2,1,0,1.42,3.7376696182833684,1,0.8433564088682951
ITA,1920,Torino,16,19,7,4,8,23,30,-7,25,1.32,19,4,3,12,23,38,-15,15,0.79,27,27.3,47.4,38,3420,44,29,73,37,7,8,96,7,1.16,0.76,1.92,0.97,1.74,418,118,277,1.05,46,68,-22,-0.58,NA,40,0,0,1,0,46,38,6,0,2,8.31087962962963,0.9782608695652174,1.9782608695652173,2.891304347826087,1,39,14,1,0,24,1050,145,878950000,245900000,217500000,0,415550000,40091,160850000,6186538.461538462,5150000,0.3640218502905889,0.08548053179017735,0.20570701653737747,0.4797470170488509,0.3792353124028598,8961347.933451397,26,11000000,1.05,20.594238572347894,2.70805020110221,0.6931471805599453,19.320435511253116,19.197709413090713,45,0,4,12,18,11,3,1,1.66,3.8501476017100584,0,0.814667993950127
ITA,2021,Torino,17,19,3,9,7,25,36,-11,18,0.95,19,4,7,8,25,33,-8,19,1,29,26.9,47.3,38,3420,49,28,77,44,5,6,78,4,1.29,0.74,2.03,1.16,1.89,418,147,280,0.97,50,69,-19,-0.5,NA,37,1,0,1,0,41,38,0,0,3,6.152864583333334,0.9512195121951219,1.9024390243902438,2.951219512195122,0,43,12,0,13,18,698,122,668600000,143300000,0,226400000,298900000,36616,156000000,5571428.571428572,4500000,0.35263272886169983,0.10083023814725803,0.1400480664190518,0.4945054945054943,0.38461538461538464,7605609.569587066,28,10318181.818181818,0.97,20.320696533445936,2.5649493574615367,0,18.780450899776767,0,40,0,2,11,14,8,2,0,1.05,3.7376696182833684,1,0.7371075353784822
ITA,2122,Torino,10,19,8,5,6,29,21,8,29,1.53,19,5,6,8,17,20,-3,21,1.11,31,25.2,53.3,38,3420,43,27,70,37,6,6,89,3,1.13,0.71,1.84,0.97,1.68,418,163,284,1.32,46,41,5,0.13,NA,50,1,1,0,0,40,38,0,0,2,7.127938034188034,0.7,1.55,2.425,0,59,20,0,3,36,1312,208,1666000000,658900000,0,6400000,1000700000,39054,205850000,6640322.580645162,3500000,0.4147334459978491,0.07149075638859016,0.16748604496338404,0.5424870912894608,0.344911343211076,10291775.4903467,31,14454545.454545455,1.32,21.2336913812913,3.044522437723423,0,20.30608233740173,0,39,0,1,2,3,1,2,0,0.97,3.713572066704308,1,0.7120096251183251
ITA,2223,Torino,10,19,5,7,7,15,19,-4,22,1.16,19,9,4,6,27,22,5,31,1.63,28,25.2,53.2,38,3420,41,34,75,39,2,2,81,0,1.08,0.89,1.97,1.03,1.92,418,164,304,1.39,42,41,1,0.03,NA,53,1,1,0,0,42,38,0,0,4,7.338668699186992,0.6666666666666666,1.8095238095238095,2.619047619047619,0,43,21,1,0,21,1115,165,1204200000,509500000,19000000,0,675700000,41547,191600000,6842857.142857143,3750000,0.3693648157508364,0.029605025633619757,0.1502876260620502,0.48728750372800467,0.33402922755741127,9422430.01901461,28,13363636.363636363,1.39,20.90908128382505,3.091042453358316,0.6931471805599453,20.04894041258976,16.759949589762293,41,0,0,3,9,0,2,0,1.32,3.7612001156935624,1,0.7050797973412294
ITA,2324,Torino,9,19,8,9,2,18,9,9,33,1.74,19,5,5,9,18,27,-9,20,1.05,30,26.4,51.6,38,3420,35,29,64,33,2,2,75,2,0.92,0.76,1.68,0.87,1.63,418,160,274,1.39,36,36,0,0,NA,53,1,1,0,0,40,38,0,0,2,7.329861111111111,0.65,1.45,2.275,0,54,16,0,0,38,1338,179,2079900000,592000000,0,0,1487900000,38806,223100000,7436666.666666667,3500000,0.36739164046796885,0.06815956295418234,0.09274339019739215,0.5431196772747646,0.3809950694755715,10242269.236715972,30,15909090.909090908,1.39,21.455585653061622,2.833213344056216,0,20.19901719453747,0,39,0,0,1,3,0,1,0,1.39,3.713572066704308,1,0.6437997805935755
ITA,2425,Torino,11,19,6,7,6,17,18,-1,25,1.32,19,4,7,8,22,27,-5,19,1,31,26.7,47.5,38,3420,36,21,57,34,2,4,80,3,0.95,0.55,1.5,0.89,1.45,418,179,253,1.16,39,45,-6,-0.16,NA,44,1,1,0,0,40,38,0,0,2,7.358440170940171,0.525,1.475,2.25,0,42,13,3,0,26,1219,152,902200000,168400000,175500000,0,558300000,38156,201800000,6726666.666666667,3250000,0.32537477723031766,0.14058077366600272,0.10742740329174966,0.5398083911463494,0.3468780971258672,9192947.373938568,30,14409090.909090908,1.16,20.620346784046973,2.6390573296152584,1.3862943611198906,18.941852665710744,18.9831496065682,39,0,1,1,1,0,1,0,1.39,3.713572066704308,1,0.6379963477181341
ENG,1516,Tottenham Hotspur,3,19,10,6,3,35,15,20,36,1.89,19,9,7,3,34,20,14,34,1.79,24,24.5,57.4,38,3420,68,50,118,63,5,5,72,0,1.79,1.32,3.11,1.66,2.97,418,106,160,1.84,69,35,34,0.89,→ Champions League via league finish,70,0,0,0,0,53,38,10,0,5,5.405649038461538,1,2.2264150943396226,3.5283018867924527,1,21,1,1,0,19,849,179,2090500000,8000000,0,0,2082500000,52470,370000000,14800000,13000000,0.40823327615780447,0.1356965885267772,0.2349342481417953,0.3556756756756756,0.2594594594594595,19943767.867352773,25,23909090.90909091,1.84,21.460669109239248,0.6931471805599453,0.6931471805599453,15.894952224644102,0,52,0,15,20,21,12,5,1,NA,3.9889840465642745,0,0.8341499868474543
ENG,1617,Tottenham Hotspur,2,19,17,2,0,47,9,38,53,2.79,19,9,6,4,39,17,22,33,1.74,24,25.3,60.5,38,3420,84,59,143,77,7,9,62,0,2.21,1.55,3.76,2.03,3.58,418,111,155,2.26,86,26,60,1.58,→ Champions League via league finish,86,0,0,0,0,53,38,8,0,7,5.403846153846154,0.9433962264150944,2.1320754716981134,3.30188679245283,1,16,4,0,0,12,924,178,4243000000,479000000,0,0,3764000000,48404,454100000,18920833.333333332,19000000,0.4200479299231468,0.06334187257251467,0.2166349888438972,0.4166391396902296,0.29729134551860825,26303549.293446824,24,31818181.818181816,2.26,22.168536403402282,1.6094379124341003,0,19.987211157462873,0,52,0,5,13,24,8,3,1,1.84,3.9889840465642745,0,0.8266829777940431
ENG,1718,Tottenham Hotspur,3,19,13,4,2,40,16,24,43,2.26,19,10,4,5,34,20,14,34,1.79,25,25.8,61.8,38,3420,70,51,121,68,2,3,52,NA,1.84,1.34,3.18,1.79,3.13,418,108,157,2.03,74,36,38,1,→ Champions League via league finish,77,0,0,0,0,55,38,8,0,9,5.056712962962963,1.0909090909090908,2.381818181818182,3.618181818181818,1,21,5,1,3,12,1103,184,5816000000,1930000000,28000000,145000000,3713000000,53935,778500000,32437500,22500000,0.3838138500046352,0.06292759803467136,0.21677945675349958,0.4914097623635194,0.4238921001926782,45506591.267266154,24,56090909.09090909,2.03,22.483878577349568,1.791759469228055,0.6931471805599453,21.38078584038134,17.147715103853763,54,0,9,19,28,15,4,1,2.26,4.02535169073515,1,0.8113006546838374
ENG,1819,Tottenham Hotspur,4,19,12,2,5,34,16,18,38,2,19,11,0,8,33,23,10,33,1.74,28,26.8,59,38,3420,66,47,113,62,4,4,58,3,1.74,1.24,2.97,1.63,2.87,418,106,160,1.87,67,39,28,0.74,→ Champions League via league finish,71,0,0,0,0,58,38,13,0,7,5.164108187134503,1.2241379310344827,2.586206896551724,3.8275862068965516,1,59,34,5,1,19,1838,379,12933000000,6660000000,298000000,18000000,5957000000,57848,889100000,32929629.62962963,25000000,0.36806804038168994,0.06534365924491771,0.18119900428709723,0.5145611250661302,0.3824091778202677,46597069.90734338,27,62090909.09090909,1.87,23.28304802145684,3.5553480614894135,1.791759469228055,22.61938532164886,19.512604047825384,57,1,9,23,33,23,6,1,2.03,4.07753744390572,1,0.750465254730274
ENG,1920,Tottenham Hotspur,6,19,12,3,4,36,17,19,39,2.05,19,4,8,7,25,30,-5,20,1.05,29,26.7,52,38,3420,56,39,95,53,3,4,84,3,1.47,1.03,2.5,1.39,2.42,418,113,171,1.55,61,47,14,0.37,"→ Europa League via league finish 1 1. Since League Cup winners Manchester City qualified for Champions League, the Europa League berth awarded to the League Cup winners was awarded based on league position.",59,0,0,1,0,52,38,8,0,6,6.881127450980392,1.0769230769230769,2.2884615384615383,3.519230769230769,1,41,16,5,1,19,1413,219,7080400000,4033500000,700000000,120000000,2226900000,51735,787600000,28128571.42857143,18750000,0.3394413839760317,0.08410167198221707,0.14415772687735576,0.46227236450700127,0.31995937023869986,35630000.96646371,28,52681818.18181818,1.55,22.68059624037251,2.833213344056216,1.791759469228055,22.117900322589225,20.36659089443625,51,0,9,20,29,15,3,1,1.87,3.970291913552122,0,0.6763244359466796
ENG,2021,Tottenham Hotspur,7,19,10,3,6,35,20,15,33,1.74,19,8,5,6,33,25,8,29,1.53,24,27.2,51.6,38,3420,66,50,116,61,5,5,57,2,1.74,1.32,3.05,1.61,2.92,418,112,204,1.63,68,45,23,0.61,"→ Europa Conference League via league finish 1 1. Since EFL Cup winners Manchester City qualified for Champions League, the Europa League berth awarded to the EFL Cup winners was awarded based on league position.",62,1,0,1,0,59,38,13,0,8,4.344468390804598,1.305084745762712,2.8813559322033897,4.169491525423729,1,40,15,11,1,13,744,162,4051000000,2336000000,319000000,32000000,1364000000,54942,654750000,21120967.741935484,16000000,0.3568308397946926,0.017582177569072842,0.18730661424775216,0.5316335956841445,0.38946162657502864,32617711.404754106,31,43000000,1.63,22.122229601413817,2.772588722239781,2.4849066497880004,21.571705902340472,19.580701663883914,58,0,17,28,33,25,8,1,1.55,4.0943445622221,1,0.7585514280175374
ENG,2122,Tottenham Hotspur,4,19,13,1,5,38,19,19,40,2.11,19,9,4,6,31,21,10,31,1.63,25,26.5,51.8,38,3420,63,50,113,58,5,5,69,1,1.66,1.32,2.97,1.53,2.84,418,106,236,1.87,69,40,29,0.76,→ Champions League via league finish,71,1,1,0,0,54,38,8,8,8,5.282625786163522,1.0555555555555556,2.240740740740741,3.388888888888889,1,34,11,1,2,20,1069,201,5128000000,2553000000,120000000,79000000,2376000000,46019,611650000,24466000,18000000,0.356591842499837,0.17844803233447054,0.22019165996653556,0.40488514673424336,0.3482383716177552,33402288.18531476,25,39909090.90909091,1.87,22.35798155675979,2.4849066497880004,0.6931471805599453,21.660534975597454,18.603002309079653,53,0,11,16,23,14,4,1,1.63,4.007333185232471,0,0.836959385053445
ENG,2223,Tottenham Hotspur,8,19,12,1,6,37,25,12,37,1.95,19,6,5,8,33,38,-5,23,1.21,29,27.6,50,38,3420,68,46,114,63,5,6,77,3,1.79,1.21,3,1.66,2.87,418,140,202,1.58,70,63,7,0.18,NA,60,1,1,0,0,50,38,8,0,4,6.021683673469388,0.98,2.28,3.42,1,26,13,5,0,8,1226,189,4921100000,2338100000,1841000000,0,742000000,48153,598000000,23000000,15000000,0.39040142877909995,0.18069486844018026,0.2007766909642182,0.4877669153588886,0.33444816053511706,31893680.55988204,26,42181818.18181818,1.58,22.31679791989994,2.6390573296152584,1.791759469228055,21.572604471108964,21.333574739740534,49,0,8,16,19,9,6,1,1.87,3.9318256327243257,1,0.7561001856868588
ENG,2324,Tottenham Hotspur,5,19,13,0,6,38,27,11,39,2.05,19,7,6,6,36,34,2,27,1.42,29,25.2,61.6,38,3420,69,58,127,67,2,2,92,4,1.82,1.53,3.34,1.76,3.29,418,170,170,1.74,74,61,13,0.34,→ Europa League via league finish,66,1,1,0,0,41,38,0,0,3,7.002083333333333,0.6585365853658537,1.5609756097560976,2.4634146341463414,0,40,15,7,1,17,1999,261,5947600000,2783000000,301000000,110000000,2753600000,36962,759500000,27125000,18000000,0.5168280937178724,0.04783290947459553,0.21814295763216277,0.41256935954105134,0.2435813034891376,41512345.11119528,28,49181818.18181818,1.74,22.506253613955476,2.772588722239781,2.0794415416798357,21.74679531984949,19.52262082603541,40,0,4,7,8,1,2,0,1.58,3.7376696182833684,0,0.8440587730557266
ENG,2425,Tottenham Hotspur,17,19,6,3,10,35,35,0,21,1.11,19,5,2,12,29,30,-1,17,0.89,31,25,54.7,38,3420,61,47,108,58,3,4,72,1,1.61,1.24,2.84,1.53,2.76,418,158,183,1,64,65,-1,-0.03,→ Champions League,38,1,1,0,0,60,38,15,0,7,4.7259887005649714,1.2,2.533333333333333,3.95,1,44,21,5,2,16,1714,375,10519000000,5692000000,1444000000,44000000,3339000000,NA,NA,NA,NA,NA,NA,NA,NA,NA,NA,NA,NA,1,23.076448982798613,3.091042453358316,1.791759469228055,22.462327517349703,21.090682878109565,59,0,18,22,28,19,5,1,1.74,4.110873864173311,NA,NA
FRA,1516,Toulouse,17,19,6,7,6,29,21,8,25,1.32,19,3,6,10,16,34,-18,15,0.79,25,23.8,46.6,38,3420,43,28,71,39,4,6,80,NA,1.13,0.74,1.87,1.03,1.76,418,113,154,1.05,45,55,-10,-0.26,NA,40,0,0,0,0,43,38,0,0,5,6.646825396825397,0.9767441860465116,1.930232558139535,2.7906976744186047,0,4,2,0,0,2,123,28,57900000,49500000,0,0,8400000,42163,42050000,1617307.6923076923,1500000,0.3417688494651709,0.14434456751179944,0.21291179470151556,0.4346016646848989,0.356718192627824,2169228.9448094303,26,2727272.727272727,1.05,17.87422795981438,1.0986122886681098,0,17.71748324774094,0,42,0,3,10,14,8,4,1,NA,3.784189633918261,0,0.7953839464301244
FRA,1617,Toulouse,13,19,8,6,5,28,18,10,30,1.58,19,2,8,9,9,23,-14,14,0.74,30,23.3,45.4,38,3420,37,22,59,31,6,9,90,NA,0.97,0.58,1.55,0.82,1.39,418,112,153,1.16,37,41,-4,-0.11,NA,44,0,0,0,0,41,38,0,0,3,6.975260416666667,0.7317073170731707,1.6585365853658536,2.4390243902439024,0,15,4,0,0,11,1319,157,247750000,17500000,0,0,230250000,36711,69050000,2466071.4285714286,1750000,0.4866933616627169,0.0356024079976029,0.2339080929421699,0.4631995448432811,0.3113685734974656,3923397.619242189,28,4636363.636363637,1.16,19.3279307352107,1.6094379124341003,0,16.677711496036597,0,40,0,3,6,6,5,2,0,1.05,3.7376696182833684,0,0.8462230159149818
FRA,1718,Toulouse,18,19,7,5,7,23,21,2,26,1.37,19,2,5,12,15,33,-18,11,0.58,25,23.9,45.7,38,3420,35,24,59,27,8,11,93,3,0.92,0.63,1.55,0.71,1.34,418,110,156,0.97,38,54,-16,-0.42,→ French 1/2 Relegation/Promotion play-offs,37,0,0,0,0,45,38,0,0,7,6.72750946969697,0.8,1.8222222222222222,2.7111111111111112,0,6,1,1,0,4,215,30,120000000,0,3000000,0,117000000,44457,110250000,4410000,2500000,0.3737544143779382,0.08918730458645432,0.2371055176912522,0.5056145124716553,0.42630385487528344,6628591.672852419,25,8000000,0.97,18.603002309079653,0.6931471805599453,0.6931471805599453,0,14.914123179965662,44,0,2,5,11,5,3,1,1.16,3.828641396489095,1,0.8285739591065524
FRA,1819,Toulouse,16,19,4,9,6,20,26,-6,21,1.11,19,4,5,10,15,31,-16,17,0.89,29,25.5,48.2,38,3420,35,16,51,28,7,11,77,5,0.92,0.42,1.34,0.74,1.16,418,102,163,1,35,57,-22,-0.58,NA,38,0,0,0,0,42,38,0,0,4,7.000338753387534,0.7857142857142857,1.7142857142857142,2.5238095238095237,0,4,0,1,0,3,371,43,232800000,0,62500000,0,170300000,39038,82050000,3155769.230769231,2500000,0.4323223525795379,0.14465392694297863,0.23190224909062965,0.4318895607743871,0.3534430225472273,4389419.283774784,26,5363636.363636363,1,19.265690278117088,0,0.6931471805599453,0,17.95067713070663,41,0,3,7,7,3,2,0,0.97,3.7612001156935624,0,0.8183663071444512
FRA,1920,Toulouse,20,13,3,0,10,11,24,-13,9,0.69,15,0,4,11,11,34,-23,4,0.27,30,25.1,44.2,28,2520,21,14,35,17,4,6,49,5,0.75,0.5,1.25,0.61,1.11,308,82,113,0.46,22,58,-36,-1.29,Relegated,13,0,0,1,0,41,38,0,0,3,7.211174242424242,0.6341463414634146,1.3902439024390243,2.073170731707317,0,23,6,1,1,15,1303,152,523275000,276100000,23800000,0,223375000,30484,71325000,2459482.7586206896,2000000,0.35343130822726676,0.1294121506363994,0.1807833617635481,0.4442027146258627,0.30984928145811425,3188979.464637187,29,4527272.7272727275,0.46,20.075617698368724,1.9459101490553132,0.6931471805599453,19.43627368052226,16.98519618065851,33,0,2,7,10,4,1,0,1,3.7376696182833684,0,0.7043930544379328
FRA,2223,Toulouse,13,19,6,6,7,27,27,0,24,1.26,19,7,3,9,24,30,-6,24,1.26,29,25.1,51.3,38,3420,50,33,83,46,4,4,62,3,1.32,0.87,2.18,1.21,2.08,418,162,180,1.26,51,57,-6,-0.16,→ Europa League via cup win,48,1,1,0,0,44,38,0,0,6,6.984496124031008,0.8409090909090909,1.8863636363636365,2.909090909090909,0,10,4,1,0,5,743,90,179500000,35500000,87500000,0,56500000,40620,94750000,3267241.379310345,1800000,0.47151649433776466,0.09263909404234368,0.2326193993106844,0.5101628605222455,0.35883905013192613,5351276.464795667,29,6500000,1.26,19.00568577146364,1.6094379124341003,0.6931471805599453,17.385043282614657,18.287149362756413,43,0,3,8,12,5,2,0,0.46,3.8066624897703196,1,0.8232733022762564
FRA,2324,Toulouse,11,17,3,7,7,21,25,-4,16,0.94,17,8,3,6,21,21,0,27,1.59,26,23.8,48.4,34,3060,42,30,72,36,6,9,77,1,1.24,0.88,2.12,1.06,1.94,374,154,152,1.26,42,46,-4,-0.12,NA,43,1,1,0,1,45,34,8,0,3,6.369318181818182,0.9333333333333333,1.8222222222222222,2.933333333333333,1,11,3,0,1,7,418,73,475000000,33000000,0,1500000,440500000,44061,117000000,4333333.333333333,3000000,0.37861147046140575,0.03749347495517578,0.24016704114750007,0.5455840455840457,0.41025641025641024,6794041.215587481,27,8454545.454545455,1.26,19.97882536410418,1.3862943611198906,0,17.312018149733785,0,44,0,8,9,10,9,2,0,1.26,3.828641396489095,1,0.8035962728114224
FRA,2425,Toulouse,10,17,5,5,7,20,22,-2,20,1.18,17,6,4,7,24,21,3,22,1.29,27,25.2,45,34,3060,42,34,76,39,3,4,54,3,1.24,1,2.24,1.15,2.15,374,140,165,1.24,44,43,1,0.03,NA,42,1,1,0,1,37,34,0,0,3,7.560185185185185,0.5945945945945946,1.5405405405405406,2.27027027027027,0,18,4,1,1,12,894,105,489900000,71200000,61200000,1000000,356500000,36685,121100000,4325000,2750000,0.42742265231020854,0.052364726727545316,0.1309527054654491,0.5586882151704611,0.41288191577208916,5981202.126209622,28,8772727.272727273,1.24,20.009711848650035,1.6094379124341003,0.6931471805599453,18.08100339042715,17.929657763822423,36,0,0,3,4,1,1,0,1.26,3.6375861597263857,1,0.6817950610187133
FRA,1516,Troyes,20,19,1,7,11,13,36,-23,10,0.53,19,2,2,15,15,47,-32,8,0.42,33,26.5,48.2,38,3420,27,18,45,24,3,3,76,0,0.71,0.47,1.18,0.63,1.11,418,114,153,0.47,28,83,-55,-1.45,Relegated,18,0,0,0,0,42,38,0,0,4,6.829268292682927,0.8571428571428571,1.8333333333333333,2.6904761904761907,0,8,0,4,0,4,548,88,51000000,0,22000000,0,29000000,39660,30250000,945312.5,800000,0.3168179525970751,0.21817952597075138,0.2008320726172466,0.39344008264462804,0.2809917355371901,1187663.8930912758,32,1704545.4545454546,0.47,17.747336210296442,0,1.6094379124341003,0,16.906553056777135,41,0,1,7,11,6,2,0,NA,3.7612001156935624,0,0.6967628172802152
FRA,1718,Troyes,19,19,7,3,9,17,22,-5,24,1.26,19,2,3,14,15,37,-22,9,0.47,25,26.7,42.6,38,3420,30,21,51,28,2,3,78,7,0.79,0.55,1.34,0.74,1.29,418,114,152,0.87,32,59,-27,-0.71,Relegated,33,0,0,0,0,42,38,0,0,4,7.001016260162602,0.8333333333333334,1.7619047619047619,2.619047619047619,0,2,0,0,0,2,93,13,5850000,0,0,0,5850000,41670,44750000,1657407.4074074074,1000000,0.3064074874010079,0.13642908567314616,0.19359251259899207,0.47738464721704954,0.3575418994413408,2202014.6388288937,27,3113636.3636363638,0.87,15.581952390148196,0,0,0,0,41,0,3,6,9,6,2,0,0.47,3.7612001156935624,0,0.7072163803538052
FRA,2122,Troyes,15,19,5,7,7,19,19,0,22,1.16,19,4,4,11,18,34,-16,16,0.84,35,27.1,44.4,38,3420,35,23,58,29,6,7,75,6,0.92,0.61,1.53,0.76,1.37,418,164,170,1,37,53,-16,-0.42,NA,38,1,1,0,0,39,38,0,0,1,7.552631578947368,0.7692307692307693,1.564102564102564,2.3076923076923075,0,14,3,3,1,7,734,112,200400000,59500000,41200000,1800000,97900000,37168,62650000,1842647.0588235294,1500000,0.46663796814464054,0.07342337494619026,0.14794984933275937,0.4579831932773111,0.23144453312051078,2788167.2406371073,34,3772727.272727273,1,19.115825932165002,1.3862943611198906,1.3862943611198906,17.90148688732258,17.5339488385916,38,0,1,5,8,4,1,0,0.87,3.6888794541139363,0,0.7390322806507995
FRA,2223,Troyes,19,19,1,11,7,19,30,-11,14,0.74,19,3,1,15,26,51,-25,10,0.53,32,25.8,42.6,38,3420,43,26,69,38,5,5,55,5,1.13,0.68,1.82,1,1.68,418,141,192,0.63,45,81,-36,-0.95,Relegated,24,1,1,0,0,39,38,0,0,1,7.901315789473684,0.6923076923076923,1.6153846153846154,2.5384615384615383,0,14,2,4,1,7,808,95,261500000,59000000,30000000,0,172500000,38462,74300000,2321875,2000000,0.3856793718475378,0.06570121158546098,0.14476626280484634,0.46328230148048455,0.28263795423956933,3178041.963496438,32,4590909.090909091,0.63,19.381944845293344,1.0986122886681098,1.6094379124341003,17.893048018819147,17.216707972959764,38,0,0,3,5,1,1,0,1,3.6888794541139363,0,0.6922467643259569
ITA,1516,Udinese,17,19,6,4,9,18,28,-10,22,1.16,19,4,5,10,17,32,-15,17,0.89,28,27.6,44.4,38,3420,34,23,57,32,2,2,105,0,0.89,0.61,1.5,0.84,1.45,418,113,341,1.03,35,60,-25,-0.66,NA,39,0,0,0,0,41,38,0,0,3,6.82734375,0.8048780487804879,1.7317073170731707,2.682926829268293,0,29,17,1,0,11,1187,179,457900000,344300000,16400000,0,97200000,35679,71900000,2567857.1428571427,2000000,0.36890047366798395,0.1281426048936349,0.1632893298578996,0.42405126167295837,0.2851182197496523,3285966.5349365175,28,4618181.818181818,1.03,19.942161379811207,2.8903717578961645,0.6931471805599453,19.657023931213196,16.612791953770035,40,0,0,8,11,4,1,0,NA,3.7376696182833684,0,0.7115281866988522
ITA,1617,Udinese,13,19,8,5,6,30,23,7,29,1.53,19,4,4,11,17,33,-16,16,0.84,29,26.7,41.8,38,3420,47,29,76,45,2,3,85,0,1.24,0.76,2,1.18,1.95,418,112,312,1.18,47,56,-9,-0.24,NA,45,0,0,0,0,39,38,0,0,1,7.58031798245614,0.5641025641025641,1.4871794871794872,2.230769230769231,0,32,8,3,0,21,1025,117,414850000,73250000,169600000,0,172000000,38308,92850000,3316071.4285714286,2450000,0.40036023807037696,0.23021301033726638,0.20168111099509242,0.3892799446111239,0.27463651050080773,4254385.506943719,28,5818181.818181818,1.18,19.84342756948508,2.1972245773362196,1.3862943611198906,18.109388819513327,18.948953287218302,38,0,0,1,3,0,1,0,1.03,3.6888794541139363,0,0.7312225090059518
ITA,1718,Udinese,14,19,6,2,11,24,30,-6,20,1.05,19,6,2,11,24,33,-9,20,1.05,27,26.5,44.7,38,3420,45,27,72,38,7,7,72,NA,1.18,0.71,1.89,1,1.71,418,113,319,1.05,48,63,-15,-0.39,NA,40,0,0,0,0,41,38,0,0,3,7.022135416666667,0.7804878048780488,1.7073170731707317,2.5365853658536586,0,30,18,0,0,12,719,107,365100000,304900000,0,0,60200000,38220,97900000,3765384.6153846155,2200000,0.36988487702773415,0.19259549973835688,0.1998953427524856,0.5319006835860767,0.39325842696629215,5186255.886970173,26,7227272.7272727275,1.05,19.71568184936484,2.9444389791664403,0,19.535494415238247,0,40,0,1,6,10,4,1,0,1.18,3.7376696182833684,1,0.7175951541719735
ITA,1819,Udinese,12,19,8,5,6,22,22,0,29,1.53,19,3,5,11,17,31,-14,14,0.74,31,25.3,42.6,38,3420,37,30,67,34,3,8,92,4,0.97,0.79,1.76,0.89,1.68,418,104,297,1.13,39,53,-14,-0.37,NA,43,0,0,0,0,39,38,0,0,1,7.579495614035087,0.6666666666666666,1.4615384615384615,2.230769230769231,0,27,11,0,0,16,1612,193,811300000,513500000,0,0,297800000,37135,140950000,4698333.333333333,2250000,0.454961626497913,0.10814595395179749,0.2446479062878686,0.5420243585195694,0.3760198652004257,8018053.049683587,30,10000000,1.13,20.514148458597884,2.4849066497880004,0,20.056760589280305,0,38,0,2,4,5,3,1,0,1.05,3.6888794541139363,1,0.8018053049683587
ITA,1920,Udinese,13,19,6,6,7,18,23,-5,24,1.26,19,6,3,10,19,28,-9,21,1.11,25,26.5,44.7,38,3420,37,26,63,37,0,0,77,3,0.97,0.68,1.66,0.97,1.66,418,124,299,1.18,37,51,-14,-0.37,NA,45,0,0,1,0,41,38,0,0,3,8.750260416666666,0.975609756097561,1.975609756097561,2.8048780487804876,0,21,7,1,0,13,601,81,375575000,42225000,228000000,0,105350000,39978,105500000,4395833.333333333,3000000,0.3575716644154285,0.11251188153484416,0.21609385161839012,0.5182859399684043,0.41706161137440756,6063795.087298014,24,7845454.545454546,1.18,19.743968745575344,2.0794415416798357,0.6931471805599453,17.55852304434079,19.24485619130468,40,0,2,10,13,10,5,1,1.13,3.7376696182833684,1,0.7729055151828291
ITA,2021,Udinese,14,19,5,4,10,14,19,-5,19,1,19,5,6,8,28,39,-11,21,1.11,33,27.2,46.3,38,3420,40,30,70,36,4,4,65,2,1.05,0.79,1.84,0.95,1.74,418,146,272,1.05,42,58,-16,-0.42,NA,40,1,0,1,0,40,38,0,0,2,6.102564102564102,0.825,1.8,2.825,0,38,4,2,0,32,1856,218,782750000,72700000,27600000,0,682450000,39200,167600000,5078787.878787879,3000000,0.4240816326530612,0.054693877551020405,0.1801530612244898,0.5861177406523468,0.4295942720763723,9063338.010204082,33,11545454.545454545,1.05,20.478323919448336,1.6094379124341003,1.0986122886681098,18.101851956258905,17.133326366919263,39,0,3,11,15,6,2,0,1.18,3.713572066704308,1,0.7850135284428733
ITA,2122,Udinese,12,19,6,7,6,31,29,2,25,1.32,19,5,7,7,30,29,1,22,1.16,29,26.2,42.7,38,3420,58,36,94,55,3,4,95,6,1.53,0.95,2.47,1.45,2.39,418,155,269,1.24,61,58,3,0.08,NA,47,1,1,0,0,41,38,0,0,3,7.050260416666667,0.7804878048780488,1.7317073170731707,2.4634146341463414,0,33,4,0,3,26,562,87,623150000,173000000,0,9000000,441150000,40697,135725000,5026851.851851852,3500000,0.3607145489839546,0.06430449418876084,0.19900729783522128,0.5022546952920872,0.3831276478172776,7399832.297220926,27,9363636.363636363,1.24,20.25029781984141,1.6094379124341003,0,18.9688021582424,0,40,0,3,6,10,5,2,0,1.05,3.7376696182833684,1,0.7902733521303902
ITA,2223,Udinese,12,19,6,9,4,30,20,10,27,1.42,19,5,4,10,17,28,-11,19,1,30,26.1,48,38,3420,46,41,87,45,1,2,88,3,1.21,1.08,2.29,1.18,2.26,418,174,259,1.21,47,48,-1,-0.03,NA,46,1,1,0,0,40,38,0,0,2,7.772435897435898,0.7,1.55,2.5,0,26,10,3,0,13,2268,227,1506100000,215500000,228500000,0,1062100000,35966,148025000,5482407.407407408,4000000,0.3608407940833009,0.03800811877884669,0.15075348940666183,0.5249738845415253,0.33102516466813037,8147507.368069843,27,10909090.909090908,1.21,21.132789365846044,2.3978952727983707,1.3862943611198906,19.188471472148446,19.247046772674903,39,0,1,2,6,1,1,0,1.24,3.713572066704308,1,0.7468548420730691
ITA,2324,Udinese,15,19,1,11,7,21,29,-8,14,0.74,19,5,8,6,16,24,-8,23,1.21,32,25.7,39.3,38,3420,36,23,59,33,3,4,94,5,0.95,0.61,1.55,0.87,1.47,418,170,330,0.97,37,53,-16,-0.42,NA,37,1,1,0,0,40,38,0,0,2,7.413194444444445,0.6,1.475,2.275,0,31,10,1,0,20,1442,200,815400000,443500000,97500000,0,274400000,39680,147400000,4211428.571428572,2500000,0.4083417338709677,0.07779737903225807,0.209375,0.5039154874975771,0.30529172320217096,6537346.270161291,35,9227272.727272727,0.97,20.519189349575818,2.3978952727983707,0.6931471805599453,19.9102083619687,18.395362946224484,39,0,2,4,5,2,1,0,1.21,3.713572066704308,1,0.708480876569204
ITA,2425,Udinese,12,19,7,3,9,22,27,-5,24,1.26,19,5,5,9,19,29,-10,20,1.05,31,26.4,47.2,38,3420,41,28,69,39,2,4,88,5,1.08,0.74,1.82,1.03,1.76,418,181,278,1.16,41,56,-15,-0.39,NA,44,1,1,0,0,41,38,0,0,3,7.22734375,0.6341463414634146,1.4390243902439024,2.317073170731707,0,39,15,0,0,24,1336,192,934300000,306000000,0,0,628300000,38478,165400000,5513333.333333333,3750000,0.31683039659025936,0.10707417225427517,0.15013774104683195,0.48486497380088656,0.34461910519951633,6978871.0431935135,30,10863636.363636363,1.16,20.655308144833505,2.772588722239781,0,19.53909566318463,0,40,0,2,3,4,1,1,0,0.97,3.7376696182833684,0,0.6424065395408255
GER,1920,Union Berlin,11,17,8,3,6,24,20,4,27,1.59,17,4,2,11,17,38,-21,14,0.82,26,27.7,41.9,34,3060,38,27,65,34,4,5,71,5,1.12,0.79,1.91,1,1.79,374,113,193,1.21,41,58,-17,-0.5,NA,41,0,0,1,0,38,34,0,0,4,8.675675675675675,0.7894736842105263,1.6842105263157894,2.4210526315789473,0,40,6,1,4,29,1180,133,156225000,23850000,31000000,6625000,94750000,37512,39325000,1456481.4814814816,1200000,0.38062486670931966,0.14949882704201323,0.21915653657496267,0.3814838360292907,0.2644628099173554,1909156.4032842824,27,2454545.4545454546,1.21,18.866807840180442,1.9459101490553132,0.6931471805599453,16.987294817227344,17.249497794707484,37,0,2,6,8,3,1,0,NA,3.6635616461296463,0,0.7778044605973002
GER,2021,Union Berlin,7,17,8,8,1,32,18,14,32,1.88,17,4,6,7,18,25,-7,18,1.06,27,27.3,44.9,34,3060,50,39,89,45,5,7,57,2,1.47,1.15,2.62,1.32,2.47,374,146,150,1.47,50,43,7,0.21,→ Europa Conference League via league finish,50,1,0,1,0,36,34,0,0,2,7.196428571428571,0.75,1.5277777777777777,2.4722222222222223,0,43,12,1,3,27,1186,169,597900000,325900000,25000000,9600000,237400000,35866,80350000,2975925.925925926,2000000,0.38061116377627835,0.1584787821334969,0.22101711927731,0.4477632579686097,0.3111387678904792,4238047.17559806,27,5454545.454545454,1.47,20.208934075523654,2.5649493574615367,0.6931471805599453,19.602101146876215,17.034386422832473,35,0,2,4,4,2,2,0,1.21,3.6109179126442243,0,0.776975315526311
GER,2122,Union Berlin,5,17,10,5,2,25,17,8,35,2.06,17,6,4,7,25,27,-2,22,1.29,28,28.3,43.7,34,3060,50,33,83,45,5,5,62,1,1.47,0.97,2.44,1.32,2.29,374,154,151,1.68,50,44,6,0.18,→ Europa League via league finish,57,1,1,0,0,47,34,8,8,5,6.065217391304348,0.9148936170212766,2.021276595744681,3,1,43,3,2,21,17,735,75,261000000,25500000,11600000,98700000,125200000,44821,112900000,3641935.4838709678,2300000,0.3673501260569822,0.1800049084134669,0.1013141161509114,0.5099574273550673,0.36315323294951285,4870460.275317374,31,7636363.636363637,1.68,19.380030969118383,1.3862943611198906,1.0986122886681098,17.05418904934434,16.266515742283485,46,0,12,16,17,8,3,1,1.47,3.871201010907891,1,0.6377983693867989
GER,2223,Union Berlin,4,17,11,6,0,30,11,19,39,2.29,17,7,2,8,21,27,-6,23,1.35,28,27.9,43.8,34,3060,49,38,87,46,3,7,65,2,1.44,1.12,2.56,1.35,2.47,374,165,141,1.82,51,38,13,0.38,→ Champions League via league finish,62,1,1,0,0,48,34,10,0,4,6.359471040189125,1.0833333333333333,2.3125,3.5416666666666665,1,27,3,3,6,15,462,78,448400000,86900000,33500000,50600000,277400000,47454,153900000,5496428.571428572,4000000,0.4070046782146921,0.13819699077000885,0.2148396341720403,0.4813190383365822,0.3183885640025991,7807767.522232057,28,10545454.545454545,1.82,19.92119625139243,1.3862943611198906,1.3862943611198906,18.2802686017431,17.32705602664604,47,0,9,15,19,12,6,1,1.68,3.8918202981106265,0,0.7403917477978674
GER,2324,Union Berlin,15,17,7,2,8,22,30,-8,23,1.35,17,2,4,11,11,28,-17,10,0.59,30,28.1,42.9,34,3060,33,23,56,30,3,6,67,7,0.97,0.68,1.65,0.88,1.56,374,167,136,0.97,33,58,-25,-0.74,NA,33,1,1,0,0,42,34,6,0,2,6.802337398373984,0.8571428571428571,1.8333333333333333,2.7142857142857144,1,27,8,6,3,10,789,101,674400000,146500000,248000000,17900000,262000000,41305,159500000,5500000,4000000,0.3395472703062583,0.18014768187870717,0.17881612395593754,0.41076640363203976,0.27586206896551724,6825212.444014042,29,9863636.363636363,0.97,20.32933396613472,2.1972245773362196,1.9459101490553132,18.802535993247336,19.328939308161516,41,0,2,7,13,7,3,1,1.82,3.7612001156935624,0,0.6919570219737738
GER,2425,Union Berlin,13,17,5,6,6,18,23,-5,21,1.24,17,5,4,8,17,28,-11,19,1.12,28,27.2,40,34,3060,36,25,61,33,3,3,72,1,1.06,0.74,1.79,0.97,1.71,374,168,137,1.18,35,51,-16,-0.47,NA,40,1,1,0,0,36,34,0,0,2,7.8,0.6388888888888888,1.4166666666666667,2.1944444444444446,0,32,2,6,4,20,1105,130,623900000,19600000,76500000,10400000,517400000,34329,123700000,4757692.307692308,3500000,0.37973724839057355,0.12619068426112034,0.22467884296076204,0.4834587401281014,0.34761519805982216,6609761.426199423,26,8636363.636363637,1.18,20.251500658683835,1.0986122886681098,1.9459101490553132,16.791040175221152,18.15280131186866,35,0,1,2,3,1,1,0,0.97,3.6109179126442243,0,0.765340796717828
ESP,1516,Valencia,12,19,6,7,6,25,23,2,25,1.32,19,5,4,10,21,25,-4,19,1,30,24.7,50.1,38,3420,42,27,69,38,4,5,110,7,1.11,0.71,1.82,1,1.71,419,114,153,1.16,46,48,-2,-0.05,NA,44,0,0,0,0,58,38,12,0,8,4.701571637426901,1.2586206896551724,2.603448275862069,3.9655172413793105,1,32,20,2,0,10,1219,235,2699000000,1648000000,98000000,0,953000000,55333,252500000,9711538.461538462,7000000,0.3276164314242857,0.1796938535774312,0.17622395315634432,0.34417364813404405,0.25742574257425743,11036442.990620425,26,15636363.636363637,1.16,21.716147171352787,3.044522437723423,1.0986122886681098,21.222828269040487,18.400478046838927,57,0,16,26,29,24,12,1,NA,4.07753744390572,0,0.7058190284699108
ESP,1617,Valencia,12,19,8,4,7,32,32,0,28,1.47,19,5,3,11,24,33,-9,18,0.95,31,25.9,48.8,38,3420,53,38,91,49,4,6,114,6,1.39,1,2.39,1.29,2.29,418,106,160,1.21,56,65,-9,-0.24,NA,46,0,0,0,0,42,38,0,0,4,6.628810975609756,0.7619047619047619,1.7619047619047619,2.7142857142857144,0,33,12,0,0,21,808,116,988000000,458000000,0,0,530000000,38214,194800000,7214814.814814814,6000000,0.3593447427644319,0.04341340869838279,0.13097294185377087,0.45706897862955365,0.2874743326488706,10115884.230910137,27,13227272.727272727,1.21,20.711193256724286,2.5649493574615367,0,19.942379744261864,0,41,0,7,9,9,5,2,0,1.16,3.7612001156935624,0,0.7647747528523128
ESP,1718,Valencia,4,19,13,3,3,36,16,20,42,2.21,19,9,4,6,29,22,7,31,1.63,25,24.8,48.6,38,3420,63,45,108,55,8,8,107,5,1.66,1.18,2.84,1.45,2.63,418,107,159,1.92,65,38,27,0.71,→ Champions League via league finish,73,0,0,0,0,46,38,0,0,8,6.10162037037037,0.9347826086956522,2.0217391304347827,3.0869565217391304,0,25,7,1,0,17,754,101,1469600000,262000000,12000000,0,1195600000,45661,361100000,14444000,12000000,0.37730229298526097,0.08547776001401634,0.19745515866932392,0.4646690667405151,0.3184713375796178,19979864.65473818,25,26090909.09090909,1.92,21.10825609254565,2.0794415416798357,0.6931471805599453,19.383855065542164,16.300417291085605,45,0,6,11,15,9,6,1,1.21,3.8501476017100584,0,0.7657787846763763
ESP,1819,Valencia,4,19,7,10,2,24,12,12,31,1.63,19,8,6,5,27,23,4,30,1.58,25,26.4,47.1,38,3420,50,38,88,45,5,7,90,3,1.32,1,2.32,1.18,2.18,418,108,158,1.61,51,35,16,0.42,→ Champions League via league finish,61,0,0,0,0,61,38,14,0,9,4.634027777777778,1.278688524590164,2.721311475409836,4.065573770491803,1,38,19,0,0,19,757,145,2988500000,1933000000,0,0,1055500000,59401,494500000,19019230.769230768,15750000,0.3066783387485059,0.09718691604518442,0.20203363579737715,0.43303258925099164,0.3033367037411527,24812317.974444874,26,33636363.63636363,1.61,21.818037426563198,2.995732273553991,0,21.382339037689935,0,60,0,15,26,36,25,6,1,1.92,4.127134385045092,0,0.7376635073483612
ESP,1920,Valencia,9,19,11,7,1,29,16,13,40,2.11,19,3,4,12,17,37,-20,13,0.68,28,27,49,38,3420,45,34,79,40,5,8,80,8,1.18,0.89,2.08,1.05,1.95,418,132,187,1.39,46,53,-7,-0.18,NA,53,0,0,1,0,50,38,8,0,4,6.879251700680272,1.08,2.32,3.46,1,46,23,2,2,19,1813,261,4249000000,1819500000,81700000,0,2347800000,49700,426950000,15248214.285714285,12250000,0.3931388329979879,0.09086519114688128,0.17319919517102617,0.48488866210496373,0.29277432954678534,21246983.903420523,28,29454545.454545453,1.39,22.169949498314434,3.1780538303479458,1.0986122886681098,21.32182757556609,18.218564572070132,49,0,10,20,22,13,3,1,1.61,3.9318256327243257,0,0.7213482189432894
ESP,2021,Valencia,13,19,8,7,4,34,23,11,31,1.63,19,2,6,11,16,30,-14,12,0.63,30,25.2,46.9,38,3420,48,35,83,40,8,10,82,5,1.26,0.92,2.18,1.05,1.97,418,150,283,1.13,50,53,-3,-0.08,NA,43,1,0,1,0,42,38,0,0,4,6.1189024390243905,0.8333333333333334,1.9523809523809523,3.0952380952380953,0,22,12,0,5,5,585,101,904000000,680500000,0,33500000,190000000,41542,265500000,8564516.129032258,5000000,0.3775937605315103,0.06528332771652785,0.1961147754080208,0.5682643824798008,0.3766478342749529,13641111.405324731,31,18863636.363636363,1.13,20.622339919462647,2.5649493574615367,0,20.338338381525304,0,41,0,5,11,12,5,2,0,1.39,3.7612001156935624,1,0.7231432552220339
ESP,2122,Valencia,9,19,6,8,5,26,24,2,26,1.37,19,5,7,7,22,29,-7,22,1.16,34,24.8,43.6,38,3420,45,30,75,37,8,9,134,8,1.18,0.79,1.97,0.97,1.76,418,179,246,1.26,48,53,-5,-0.13,NA,48,1,1,0,0,46,38,0,0,8,6.241203703703704,0.7391304347826086,1.826086956521739,2.869565217391304,0,25,11,0,7,7,694,121,1473500000,955500000,0,95500000,422500000,44457,298700000,10300000,6000000,0.36079807454394136,0.07731065973862383,0.18991384933756214,0.5477990833843205,0.43521928356210243,15051580.178599546,29,21181818.181818184,1.26,21.110906360820678,2.4849066497880004,0,20.677745322691173,0,45,0,6,11,13,3,2,0,1.13,3.8501476017100584,1,0.7105896221656437
ESP,2223,Valencia,16,19,8,5,6,27,19,8,29,1.53,19,3,4,12,15,26,-11,13,0.68,28,24.2,52,38,3420,40,23,63,35,5,8,93,8,1.05,0.61,1.66,0.92,1.53,418,176,271,1.11,42,45,-3,-0.08,NA,42,1,1,0,0,42,38,0,0,4,7.172256097560975,0.7380952380952381,1.7857142857142858,2.7142857142857144,0,9,4,0,1,4,251,46,442000000,192000000,0,64000000,186000000,38708,201000000,7178571.428571428,3750000,0.40769350005166893,0.04260101271055079,0.17598429265268162,0.5324804548685145,0.3482587064676617,10347829.905962592,28,14727272.727272727,1.11,19.906820442304415,1.6094379124341003,0,19.07300593520039,0,41,0,5,9,10,4,3,1,1.26,3.7612001156935624,1,0.7026304257135093
ESP,2324,Valencia,9,19,8,6,5,20,14,6,30,1.58,19,5,4,10,20,31,-11,19,1,29,23.8,44.3,38,3420,39,24,63,31,8,9,64,5,1.03,0.63,1.66,0.82,1.45,418,179,229,1.29,40,45,-5,-0.13,NA,49,1,1,0,0,42,38,0,0,4,7.042936991869919,0.6904761904761905,1.5952380952380953,2.357142857142857,0,22,11,1,1,9,1289,174,1258500000,746000000,42000000,12000000,458500000,41703,244200000,7877419.354838709,3000000,0.4486487782653526,0.027815744670647194,0.2025753542910582,0.6129560645689678,0.36855036855036855,14067071.913291609,31,18909090.90909091,1.29,20.95318637333424,2.4849066497880004,0.6931471805599453,20.430236159508517,17.553180200057167,41,0,4,7,8,3,1,0,1.11,3.7612001156935624,1,0.7439316877221523
ESP,2425,Valencia,12,19,9,4,6,26,20,6,31,1.63,19,2,9,8,18,34,-16,15,0.79,32,24.7,48.4,38,3420,43,26,69,38,5,5,86,1,1.13,0.68,1.82,1,1.68,418,179,264,1.21,44,54,-10,-0.26,NA,46,1,1,0,0,43,38,0,0,5,6.642361111111111,0.8604651162790697,1.7906976744186047,2.6511627906976742,0,11,5,1,0,5,624,72,368800000,122800000,108000000,0,138000000,42427,211875000,6231617.647058823,2750000,0.5174770782756264,0.03229075824357131,0.21990713460767908,0.6145167447509978,0.40117994100294985,11680524.194498787,34,15409090.909090908,1.21,19.72576505235821,1.791759469228055,0.6931471805599453,18.62606758182064,18.497641794347754,42,0,2,8,10,4,2,0,1.29,3.784189633918261,1,0.7580281188170305
ESP,1819,Valladolid,16,19,5,5,9,16,26,-10,20,1.05,19,5,6,8,16,25,-9,21,1.11,28,27.4,46.8,38,3420,31,19,50,27,4,7,92,0,0.82,0.5,1.32,0.71,1.21,418,113,152,1.08,32,51,-19,-0.5,NA,41,0,0,0,0,42,38,0,0,4,6.678861788617886,0.7619047619047619,1.6428571428571428,2.5476190476190474,0,28,13,1,0,14,1138,139,233200000,89500000,2500000,0,141200000,41580,76550000,2251470.588235294,1500000,0.5033189033189033,0.05214045214045214,0.22477152477152476,0.5492565412840513,0.3396472893533638,4019099.3265993265,34,5136363.636363637,1.08,19.267407016728775,2.6390573296152584,0.6931471805599453,18.309749194418266,14.731801689838349,41,0,4,5,8,2,2,0,NA,3.7612001156935624,1,0.7824795149131432
ESP,1920,Valladolid,13,19,5,10,4,18,15,3,25,1.32,19,4,5,10,14,28,-14,17,0.89,30,27.1,44.7,38,3420,31,19,50,28,3,6,84,0,0.82,0.5,1.32,0.74,1.24,418,126,179,1.11,32,43,-11,-0.29,NA,42,0,0,1,0,41,38,0,0,3,8.397395833333334,0.8292682926829268,1.8780487804878048,2.8048780487804876,0,28,20,0,0,8,791,109,461225000,378800000,0,0,82425000,38610,82975000,2592968.75,1800000,0.4094794094794095,0.08513338513338513,0.14195804195804196,0.5106489153359446,0.33745103946971977,3684118.104118104,32,5381818.181818182,1.11,19.94939655347624,3.044522437723423,0,19.752518921916113,0,40,0,2,10,10,5,4,1,1.08,3.7376696182833684,1,0.684548972048972
ESP,2021,Valladolid,19,19,3,7,9,19,30,-11,16,0.84,19,2,9,8,15,27,-12,15,0.79,32,28.1,45.2,38,3420,34,21,55,27,7,8,93,4,0.89,0.55,1.45,0.71,1.26,418,170,246,0.82,34,57,-23,-0.61,Relegated,31,1,0,1,0,42,38,0,0,4,6.123983739837398,0.8095238095238095,1.880952380952381,3.0714285714285716,0,26,10,1,8,7,1110,158,262800000,115400000,35000000,33800000,78600000,40598,55950000,1695454.5454545454,1200000,0.3628750184738164,0.11904527316616582,0.12909502931178876,0.4233216887372384,0.24128686327077747,2210000.4926351053,33,3309090.909090909,0.82,19.386903848379905,2.3978952727983707,0.6931471805599453,18.563914920703784,17.370858648025116,41,0,3,9,13,6,2,0,1.11,3.7612001156935624,0,0.667857291730389
ESP,2223,Valladolid,18,19,8,4,7,21,25,-4,28,1.47,19,3,3,13,12,38,-26,12,0.63,36,27.4,48.7,38,3420,32,24,56,29,3,4,94,6,0.84,0.63,1.47,0.76,1.39,418,189,225,1.05,33,63,-30,-0.79,Relegated,40,1,1,0,0,41,38,0,0,3,7.377083333333333,0.6341463414634146,1.6097560975609757,2.5121951219512195,0,19,10,0,0,9,1113,141,327300000,222500000,0,0,104800000,39958,86000000,2529411.7647058824,2000000,0.3877321187246609,0.06126432754392112,0.14264978227138495,0.4891586867305062,0.32558139534883723,3433971.920516542,34,5136363.636363637,1.05,19.60638774252671,2.3978952727983707,0,19.22043766406495,0,40,0,2,5,6,2,2,0,0.82,3.7376696182833684,1,0.6685609048793267
ESP,2425,Valladolid,20,19,3,4,12,11,32,-21,13,0.68,19,1,0,18,15,58,-43,3,0.16,38,25.6,42.8,38,3420,26,15,41,21,5,5,91,5,0.68,0.39,1.08,0.55,0.95,418,177,264,0.42,26,90,-64,-1.68,Relegated,16,1,1,0,0,41,38,0,0,3,6.949479166666666,0.7073170731707317,1.5609756097560976,2.4634146341463414,0,7,2,1,0,4,234,31,72300000,12300000,30000000,0,30000000,40192,76200000,2005263.1578947369,1200000,0.3564142117834395,0.03234474522292994,0.09093849522292993,0.5746304738223511,0.43963254593175854,2218604.448646497,38,4881818.181818182,0.42,18.096334700960252,1.0986122886681098,0.6931471805599453,16.325109901643454,17.216707972959764,40,0,2,7,9,4,1,0,1.05,3.7376696182833684,1,0.45446273622181504
ITA,2122,Venezia,20,19,3,5,11,21,38,-17,14,0.74,19,3,4,12,13,31,-18,13,0.68,39,26.1,42.3,38,3420,34,23,57,31,3,5,110,9,0.89,0.61,1.5,0.82,1.42,418,183,264,0.71,34,69,-35,-0.92,Relegated,27,1,1,0,0,41,38,0,0,3,7.000260416666666,0.6585365853658537,1.5853658536585367,2.3658536585365852,0,59,5,1,10,43,1094,165,276800000,32400000,1400000,48500000,194500000,40622,77625000,2042763.1578947369,1400000,0.38562847717985327,0.07734725025848063,0.1595687066121806,0.549478769387236,0.3413848631239936,3114464.4527595886,38,4881818.181818182,0.71,19.438805785320504,1.791759469228055,0.6931471805599453,17.293669011626754,14.151983508870947,40,0,4,7,8,0,2,0,NA,3.7376696182833684,1,0.6379722342710517
ITA,2425,Venezia,19,19,5,5,9,17,22,-5,20,1.05,19,0,9,10,15,34,-19,9,0.47,36,25.4,45.1,38,3420,31,16,47,27,4,5,75,2,0.82,0.42,1.24,0.71,1.13,418,187,317,0.76,32,56,-24,-0.63,Relegated,29,1,1,0,0,39,38,0,0,1,7.555646929824562,0.5641025641025641,1.3846153846153846,2.2564102564102564,0,39,11,2,0,26,1270,158,348100000,106900000,72900000,0,168300000,37745,88900000,2614705.882352941,2200000,0.410915353026891,0.14613856139886078,0.19724466816796926,0.4245682524978496,0.24746906636670415,3792587.097628825,34,5109090.909090909,0.76,19.668000355654407,2.4849066497880004,1.0986122886681098,18.487404385349812,18.104599210696307,38,0,0,1,1,0,1,0,0.71,3.6888794541139363,0,0.742321318041229
ESP,1516,Villarreal,4,19,12,4,3,26,12,14,40,2.11,19,6,6,7,18,23,-5,24,1.26,26,25.3,45.9,38,3420,42,32,74,39,3,3,103,4,1.11,0.84,1.95,1.03,1.87,418,110,157,1.68,44,35,9,0.24,→ Champions League via league finish,64,0,0,0,0,56,38,14,0,4,4.834090909090909,1.2321428571428572,2.5892857142857144,3.857142857142857,1,27,15,1,0,11,758,184,1091400000,613500000,4900000,0,473000000,55317,140600000,5624000,5000000,0.32507185856065945,0.1356545004248242,0.17535296563443425,0.39192034139402554,0.2844950213371266,7020838.0787099805,25,9227272.727272727,1.68,20.81072711363266,2.772588722239781,0.6931471805599453,20.234690823745233,15.404745967162468,55,0,17,25,27,21,5,1,NA,4.04305126783455,0,0.7608790036040374
ESP,1617,Villarreal,5,19,11,4,4,35,18,17,37,1.95,19,8,6,5,21,15,6,30,1.58,27,26.7,49.3,38,3420,55,36,91,49,6,8,91,4,1.45,0.95,2.39,1.29,2.24,418,111,152,1.76,56,33,23,0.61,→ Europa League via league finish,67,0,0,0,0,52,38,10,0,4,5.428104575163399,1.0961538461538463,2.1153846153846154,3.25,1,38,14,2,0,22,1297,178,1416400000,403600000,415000000,0,597800000,49388,189950000,6550000,5000000,0.40548311330687614,0.07935125941524257,0.1638859642018304,0.4942861551587985,0.26322716504343247,9561217.299748927,29,13045454.545454545,1.76,21.071384278908038,2.70805020110221,1.0986122886681098,19.81593484892143,19.843789080604612,51,0,13,21,24,16,3,1,1.68,3.970291913552122,1,0.7329156118274439
ESP,1718,Villarreal,5,19,11,3,5,35,22,13,36,1.89,19,7,4,8,22,28,-6,25,1.32,32,26.6,50.4,38,3420,56,45,101,52,4,5,117,6,1.47,1.18,2.66,1.37,2.55,418,112,153,1.61,57,50,7,0.18,→ Europa League via league finish,61,0,0,0,0,50,38,8,0,4,5.5310374149659864,1.04,2.16,3.28,1,32,13,3,1,15,1593,247,883800000,490100000,45000000,25000000,323700000,49348,218700000,5910810.810810811,1000000,0.5604482451163167,0.06101564399773041,0.17885223311988327,0.6380948850084653,0.3292181069958848,11601904.839101888,37,15727272.727272727,1.61,20.599741351792392,2.6390573296152584,1.3862943611198906,20.010120011920176,17.622173069956816,49,0,14,19,21,15,3,1,1.76,3.9318256327243257,1,0.7376933712723744
ESP,1819,Villarreal,14,19,5,8,6,28,26,2,23,1.21,19,5,6,8,21,26,-5,21,1.11,26,27.1,48.3,38,3420,47,34,81,44,3,6,118,3,1.24,0.89,2.13,1.16,2.05,418,113,152,1.16,49,52,-3,-0.08,NA,44,0,0,0,0,54,38,12,0,4,5.147798742138365,1.1481481481481481,2.388888888888889,3.4814814814814814,1,17,8,0,1,8,643,104,466100000,140700000,0,30000000,295400000,52029,213950000,7924074.074074074,5000000,0.3221088239251187,0.053393299890445715,0.1675603990082454,0.5519635082617089,0.35989717223650386,11232654.865555748,27,16000000,1.16,19.95991076348843,2.1972245773362196,0,18.76214052919194,0,53,0,17,22,24,17,3,1,1.61,4.007333185232471,1,0.7020409290972343
ESP,1920,Villarreal,5,19,9,5,5,37,25,12,32,1.68,19,9,1,9,26,24,2,28,1.47,25,27.6,52.9,38,3420,62,40,102,52,10,11,78,1,1.63,1.05,2.68,1.37,2.42,418,132,188,1.58,63,49,14,0.37,"→ Europa League via league finish 1 1. Since the Copa del Rey final was not completed by the UEFA-imposed deadline of 3 August 2020, all Europa League berths were awarded based on league position.",60,0,0,1,0,43,38,0,0,5,8.021329365079366,0.9302325581395349,1.930232558139535,2.9069767441860463,0,14,6,0,0,8,581,75,428200000,270400000,0,0,157800000,40463,200475000,8353125,6000000,0.3168573758742555,0.05790475248992907,0.1469984924498925,0.4925853182026021,0.37411148522259635,9968166.596643848,24,14727272.727272727,1.58,19.875100936455215,1.9459101490553132,0,19.415412905831307,0,42,0,6,16,17,9,3,1,1.16,3.784189633918261,1,0.6768508182906318
ESP,2021,Villarreal,7,19,8,6,5,29,23,6,30,1.58,19,7,7,5,31,21,10,28,1.47,29,28,55.2,38,3420,57,33,90,45,12,13,67,5,1.5,0.87,2.37,1.18,2.05,418,165,238,1.53,60,44,16,0.42,NA,58,1,0,1,0,58,38,15,0,5,4.475511695906433,1.293103448275862,2.689655172413793,4.189655172413793,1,30,21,2,2,5,1138,234,2539900000,1931000000,219500000,77400000,312000000,57041,286600000,9553333.333333334,4500000,0.3035360530144983,0.11405830893567785,0.17063165091776092,0.5639916259595255,0.39078855547801816,13802655.984292,30,20727272.727272727,1.53,21.65539054751681,3.091042453358316,1.0986122886681098,21.381303840910654,19.20686279503531,57,0,15,27,33,24,6,1,1.58,4.07753744390572,1,0.6659176132772456
ESP,2122,Villarreal,7,19,10,6,3,40,18,22,36,1.89,19,6,5,8,23,19,4,23,1.21,29,28,56.8,38,3420,62,51,113,57,5,6,81,1,1.63,1.34,2.97,1.5,2.84,418,183,234,1.55,63,37,26,0.68,→ Europa Conference League via league finish,59,1,1,0,0,54,38,12,0,4,5.360062893081761,1.037037037037037,2.2222222222222223,3.425925925925926,1,11,4,1,0,6,1021,170,3040000000,760000000,110000000,0,2170000000,52216,369400000,11916129.032258065,6000000,0.34037459782442164,0.038283284816914356,0.16138731423318523,0.5927659500148454,0.3789929615592853,17211172.82059139,31,27181818.181818184,1.55,21.83512335269349,1.6094379124341003,0.6931471805599453,20.44882899256044,18.5159909328476,53,0,8,21,26,13,3,1,1.53,4.007333185232471,1,0.6331869599548672
ESP,2223,Villarreal,5,19,12,3,4,36,18,18,39,2.05,19,7,4,8,23,22,1,25,1.32,32,28.4,56.9,38,3420,57,33,90,53,4,7,91,4,1.5,0.87,2.37,1.39,2.26,418,172,204,1.68,59,40,19,0.5,→ Europa League via league finish,64,1,1,0,0,52,38,10,10,4,5.78390522875817,1.0384615384615385,2.2884615384615383,3.3653846153846154,1,11,6,1,0,4,701,122,1890000000,817000000,69000000,0,1004000000,46657,302300000,9751612.903225806,3000000,0.3386201427438541,0.15841138521550893,0.17823692050496173,0.5823525017873721,0.3804168044988422,13649806.03124933,31,22727272.727272727,1.68,21.359842666547063,1.9459101490553132,0.6931471805599453,20.521149654048266,18.049617077054286,51,0,11,17,20,13,6,1,1.55,3.970291913552122,1,0.6005914653749705
ESP,2324,Villarreal,8,19,7,5,7,36,32,4,26,1.37,19,7,6,6,29,33,-4,27,1.42,32,27.9,49.6,38,3420,64,47,111,59,5,7,110,8,1.68,1.24,2.92,1.55,2.79,418,178,186,1.39,65,65,0,0,NA,53,1,1,0,0,49,38,8,0,3,5.953559027777778,0.8979591836734694,2.0816326530612246,3.0408163265306123,1,12,4,0,0,8,977,163,1955100000,232000000,0,0,1723100000,46822,234200000,7554838.70967742,2500000,0.3115202255350049,0.13799068813805476,0.1428174789628807,0.591388666978871,0.40563620836891545,10013450.941864936,31,17454545.454545453,1.39,21.393707180482203,1.6094379124341003,0,19.26224793394093,0,48,0,8,15,17,9,4,1,1.68,3.912023005428146,1,0.5736872935443453
ESP,2425,Villarreal,5,19,9,7,3,43,27,16,34,1.79,19,11,3,5,28,24,4,36,1.89,31,26.7,47.6,38,3420,69,51,120,64,5,7,96,4,1.82,1.34,3.16,1.68,3.03,418,177,179,1.84,71,51,20,0.53,→ Champions League via league finish,70,1,1,0,0,40,38,0,0,2,7.14823717948718,0.7,1.525,2.3,0,16,11,0,0,5,1040,147,1499300000,478800000,0,0,1020500000,39256,258850000,8089062.5,4000000,0.4387100061137151,0.09942429182800082,0.17966680252700223,0.6026233822677227,0.4056403322387483,12889558.284083962,32,18727272.727272727,1.84,21.12826417013211,2.4849066497880004,0,19.98679353373665,0,39,0,0,5,8,3,2,0,1.39,3.713572066704308,1,0.6882773841015708
ENG,1516,Watford,13,19,6,6,7,20,19,1,24,1.26,19,6,3,10,20,31,-11,21,1.11,25,28.2,45.1,38,3420,38,18,56,32,6,7,77,0,1,0.47,1.47,0.84,1.32,418,102,164,1.18,40,50,-10,-0.26,NA,45,0,0,0,0,44,38,0,0,6,6.534883720930233,0.8181818181818182,1.7954545454545454,2.8636363636363638,0,4,3,0,0,1,141,21,109500000,97000000,0,0,12500000,41688,120250000,4625000,4000000,0.2708933026290539,0.24515448090577624,0.2424198810209173,0.341516072285303,0.2494802494802495,5039459.796584149,26,7318181.818181818,1.18,18.51143511635325,1.3862943611198906,0,18.390221546776935,0,43,0,4,5,8,3,1,0,NA,3.8066624897703196,0,0.6886218355580824
ENG,1617,Watford,17,19,8,4,7,25,29,-4,28,1.47,19,3,3,13,15,39,-24,12,0.63,33,29,46.1,38,3420,39,27,66,36,3,3,90,3,1.03,0.71,1.74,0.95,1.66,418,108,158,1.05,40,68,-28,-0.74,NA,40,0,0,0,0,41,38,0,0,3,7.025,0.7317073170731707,1.6585365853658536,2.6097560975609757,0,18,7,2,0,9,1282,190,1053500000,257000000,54000000,0,742500000,39391,138000000,4600000,4000000,0.30539971059379045,0.24051179203371328,0.19011957046025743,0.36811594202898545,0.2536231884057971,4993526.440049757,30,7954545.454545454,1.05,20.775383792157736,2.0794415416798357,1.0986122886681098,19.364586646750546,17.804494623047066,40,0,3,6,10,4,1,0,1.18,3.7376696182833684,0,0.6277576096062553
ENG,1718,Watford,14,19,7,6,6,27,31,-4,27,1.42,19,4,2,13,17,33,-16,14,0.74,29,27.9,49.7,38,3420,42,27,69,39,3,6,65,NA,1.11,0.71,1.82,1.03,1.74,418,111,155,1.08,44,64,-20,-0.53,NA,41,0,0,0,0,41,38,0,0,3,6.852604166666667,0.8292682926829268,1.829268292682927,2.7804878048780486,0,22,13,1,0,8,1693,254,1297500000,657000000,3500000,0,637000000,38756,176500000,6303571.428571428,4500000,0.34503044689854473,0.22050779234183093,0.20972236556920218,0.44607446377984616,0.311614730878187,8105841.676127567,28,11727272.727272727,1.08,20.983705173775032,2.6390573296152584,0.6931471805599453,20.303194577970956,15.068273812173887,40,0,0,5,9,5,2,0,1.05,3.7376696182833684,0,0.6911958018403352
ENG,1819,Watford,11,19,8,3,8,26,28,-2,27,1.42,19,6,5,8,26,31,-5,23,1.21,25,28.5,46.7,38,3420,51,39,90,50,1,1,80,4,1.34,1.03,2.37,1.32,2.34,418,103,163,1.32,52,59,-7,-0.18,NA,50,0,0,0,0,46,38,0,0,8,6.224074074074074,0.8695652173913043,1.891304347826087,2.9565217391304346,0,34,9,5,1,19,1264,184,1366500000,209000000,239500000,4000000,914000000,45977,197500000,7314814.814814814,5000000,0.35476433869108465,0.15609978902494726,0.1870717967679492,0.4378809188935773,0.34430379746835443,9382865.345716337,27,13000000,1.32,21.035518564064194,2.302585092994046,1.791759469228055,19.157844814713773,19.29406397899061,45,0,3,7,11,3,2,0,1.08,3.8501476017100584,0,0.7217588727474106
ENG,1920,Watford,19,19,6,6,7,22,27,-5,24,1.26,19,2,4,13,14,37,-23,10,0.53,26,28.9,42.9,38,3420,35,21,56,28,7,8,80,3,0.92,0.55,1.47,0.74,1.29,418,113,171,0.89,36,64,-28,-0.74,Relegated,34,0,0,1,0,43,38,0,0,5,8.358134920634921,0.9069767441860465,1.8837209302325582,2.8372093023255816,0,35,14,6,0,15,1559,214,1435600000,399400000,390000000,0,646200000,42594,170200000,5868965.517241379,4800000,0.3565290886040287,0.1293844203408931,0.17685589519650655,0.5154787471129298,0.3789659224441833,8040692.351035357,29,11518181.818181818,0.89,21.0848487179343,2.70805020110221,1.9459101490553132,19.805473981449744,19.781657299652068,42,0,5,10,15,7,2,0,1.32,3.784189633918261,1,0.6980869444466372
ENG,2122,Watford,19,19,2,2,15,17,46,-29,8,0.42,19,4,3,12,17,31,-14,15,0.79,30,28.4,40.7,38,3420,33,26,59,32,1,2,63,3,0.87,0.68,1.55,0.84,1.53,418,106,234,0.61,34,77,-43,-1.13,Relegated,23,1,1,0,0,41,38,0,0,3,7.026041666666667,0.7804878048780488,1.6097560975609757,2.4390243902439024,0,10,3,0,0,7,635,112,819600000,180500000,0,0,639100000,40331,140800000,4693333.333333333,3000000,0.3267213805757358,0.23904688700999233,0.15409982395675784,0.4987689393939392,0.390625,5815095.088145595,30,9300000,0.61,20.524326975549126,1.3862943611198906,0,19.011241341277376,0,40,0,3,7,10,5,1,0,0.89,3.7376696182833684,1,0.6252790417360855
GER,1516,Werder Bremen,13,17,5,5,7,27,30,-3,20,1.18,17,5,3,9,23,35,-12,18,1.06,30,26.6,44.9,34,3060,49,32,81,43,6,9,80,0,1.44,0.94,2.38,1.26,2.21,374,96,141,1.12,50,65,-15,-0.44,NA,38,0,0,0,0,39,34,0,0,5,7.368421052631579,0.8461538461538461,1.7179487179487178,2.5128205128205128,0,48,7,1,0,40,1514,182,293450000,70000000,0,0,223450000,38669,58775000,2026724.1379310344,1000000,0.37769272543898214,0.020222917582559674,0.2259174015361142,0.49358306810014807,0.3317737133134836,3194268.6648219503,29,4000000,1.12,19.497217828376353,2.0794415416798357,0.6931471805599453,18.064005814299346,0,38,0,2,6,10,5,1,0,NA,3.6888794541139363,1,0.7985671662054875
GER,1617,Werder Bremen,8,17,8,1,8,28,24,4,25,1.47,17,5,5,7,33,40,-7,20,1.18,31,27,44.6,34,3060,61,39,100,55,6,6,67,0,1.79,1.15,2.94,1.62,2.76,374,100,138,1.32,61,64,-3,-0.09,NA,45,0,0,0,0,35,34,0,0,1,8,0.6571428571428571,1.457142857142857,2.2285714285714286,0,70,15,1,2,52,2176,248,664200000,77950000,24000000,300000,561950000,34508,85200000,2748387.0967741935,2000000,0.3983424133534253,0.0890228352845717,0.1935783006838994,0.5266924125397547,0.3931924882629108,4148246.7833545846,31,5750000,1.32,20.314093868412492,2.772588722239781,0.6931471805599453,18.171578166296797,16.993564429978885,34,0,1,3,3,2,1,0,1.12,3.58351893845611,1,0.7214342231921017
GER,1718,Werder Bremen,11,17,6,7,4,20,17,3,25,1.47,17,4,5,8,17,23,-6,17,1,25,26.3,47.4,34,3060,34,27,61,34,0,0,55,NA,1,0.79,1.79,1,1.79,374,97,140,1.24,37,40,-3,-0.09,NA,42,0,0,0,0,38,34,0,0,4,7.372466216216216,0.7631578947368421,1.5526315789473684,2.3157894736842106,0,50,8,3,3,36,1238,136,424200000,106500000,48000000,1500000,268200000,37982,103950000,4158000,2500000,0.4139855721131062,0.0576325627929019,0.24580064240956243,0.4624146224146224,0.3270803270803271,6209042.441156337,25,7454545.454545454,1.24,19.865715602452234,2.1972245773362196,1.3862943611198906,18.483655552503425,17.6867115897055,37,0,1,4,6,3,2,0,1.32,3.6635616461296463,0,0.8329203274721916
GER,1819,Werder Bremen,8,17,8,6,3,35,26,9,30,1.76,17,6,5,6,23,23,0,23,1.35,24,27.1,52.1,34,3060,57,38,95,53,4,4,64,3,1.68,1.12,2.79,1.56,2.68,374,101,137,1.56,58,49,9,0.26,NA,53,0,0,0,0,39,34,0,0,5,7.184210526315789,0.7948717948717948,1.641025641025641,2.4615384615384617,0,39,12,0,0,27,1188,151,408300000,91500000,0,0,316800000,38850,162600000,6504000,2500000,0.48375804375804377,0.048133848133848134,0.22185328185328185,0.5648462484624845,0.44280442804428044,10545083.655083654,25,12636363.636363637,1.56,19.827512758738983,2.5649493574615367,0,18.331849541174712,0,38,0,2,5,8,4,1,0,1.24,3.6888794541139363,1,0.8345030230641741
GER,1920,Werder Bremen,16,17,2,3,12,15,36,-21,9,0.53,17,6,4,7,27,33,-6,22,1.29,30,26.7,48.8,34,3060,40,30,70,37,3,6,80,4,1.18,0.88,2.06,1.09,1.97,374,117,168,0.91,42,69,-27,-0.79,→ German 1/2 Relegation/Promotion play-offs,31,0,0,1,0,40,34,0,0,6,8.486912393162394,0.775,1.775,2.625,0,49,22,1,0,26,2040,250,1032100000,399200000,112000000,0,520900000,35512,129150000,4453448.275862069,2800000,0.38367312457760755,0.06946947510700609,0.2567301193962604,0.5795720026165778,0.41037553232675184,7201638.882631224,29,9536363.636363637,0.91,20.75486139950506,3.1354942159291497,0.6931471805599453,19.804973104906594,18.53400943818794,39,0,2,6,11,5,3,1,1.56,3.713572066704308,1,0.7551766225828738
GER,2021,Werder Bremen,17,17,3,5,9,16,28,-12,14,0.82,17,4,5,8,20,29,-9,17,1,27,26.3,43.9,34,3060,35,25,60,30,5,5,67,3,1.03,0.74,1.76,0.88,1.62,374,144,162,0.91,36,57,-21,-0.62,Relegated,31,1,0,1,0,39,34,0,0,5,6.625822368421052,0.7692307692307693,1.7692307692307692,2.717948717948718,0,38,16,2,1,19,932,153,612200000,314700000,22500000,7500000,267500000,37651,91350000,3654000,3000000,0.4474515949111577,0.19210645135587368,0.18379325914318345,0.4292939244663383,0.2955665024630542,4812941.223340682,25,6227272.7272727275,0.91,20.23256958610904,2.833213344056216,1.0986122886681098,19.567130365212265,16.929025911619092,38,0,3,9,10,4,2,0,0.91,3.6888794541139363,0,0.7728810723612773
GER,2223,Werder Bremen,13,17,5,2,10,26,28,-2,17,1,17,5,4,8,25,36,-11,19,1.12,25,27.4,49.3,34,3060,50,37,87,45,5,6,76,1,1.47,1.09,2.56,1.32,2.41,374,151,146,1.06,51,64,-13,-0.38,NA,36,1,1,0,0,36,34,0,0,2,8.539861111111112,0.6944444444444444,1.5555555555555556,2.4444444444444446,0,60,11,0,18,31,1280,136,364400000,117900000,0,66400000,180100000,35893,86500000,3460000,2800000,0.427799292341125,0.07285543142116847,0.23157718775248656,0.4452254335260115,0.3179190751445087,4999830.05042766,25,6045454.545454546,1.06,19.713762726094316,2.4849066497880004,0,18.585347373989364,0,35,0,2,3,4,3,1,0,0.91,3.6109179126442243,0,0.8270395572135979
GER,2324,Werder Bremen,9,17,7,4,6,29,26,3,25,1.47,17,4,5,8,19,28,-9,17,1,30,27,46.8,34,3060,45,33,78,40,5,6,73,2,1.32,0.97,2.29,1.18,2.15,374,153,142,1.24,48,54,-6,-0.18,NA,42,1,1,0,0,35,34,0,0,1,8.235294117647058,0.5714285714285714,1.3714285714285714,2.1142857142857143,0,48,11,1,7,29,1114,138,524000000,109400000,48000000,17400000,349200000,33526,110100000,4404000,4000000,0.3599594344687705,0.14129332458390503,0.19274592853307881,0.3733333333333333,0.254314259763851,5513941.418600489,25,7181818.181818182,1.24,20.077002244193714,2.4849066497880004,0.6931471805599453,18.510521457092924,17.6867115897055,34,0,0,0,1,0,1,0,1.06,3.58351893845611,0,0.7677639949950049
GER,2425,Werder Bremen,8,17,5,6,6,21,26,-5,21,1.24,17,9,3,5,33,31,2,30,1.76,23,27.5,50,34,3060,53,38,91,50,3,5,75,4,1.56,1.12,2.68,1.47,2.59,374,156,145,1.5,54,57,-3,-0.09,NA,51,1,1,0,0,38,34,0,0,4,7.321509009009009,0.7105263157894737,1.605263157894737,2.3684210526315788,0,41,10,1,5,25,791,113,651500000,84000000,3000000,51500000,513000000,37158,123500000,5613636.363636363,4000000,0.34727380375692984,0.1694655255934119,0.21443565315678992,0.3627162311372838,0.3481781376518219,6922008.719522041,22,8318181.818181818,1.5,20.294787956064095,2.3978952727983707,0.6931471805599453,18.24632736871235,14.914123179965662,37,0,0,2,7,1,1,0,1.24,3.6635616461296463,0,0.8321540537130323
ENG,1516,West Bromwich Albion,14,19,6,5,8,20,26,-6,23,1.21,19,4,8,7,14,22,-8,20,1.05,28,29.1,39.8,38,3420,32,25,57,31,1,5,65,0,0.84,0.66,1.5,0.82,1.47,418,101,166,1.13,34,48,-14,-0.37,NA,43,0,0,0,0,45,38,0,0,7,6.336174242424242,0.8888888888888888,1.9777777777777779,3.0444444444444443,0,6,3,0,0,3,441,73,278500000,136500000,0,0,142000000,45098,107000000,4115384.6153846155,3000000,0.2527606545744822,0.2814980708678877,0.17867754667612754,0.3774263120057513,0.3364485981308411,4621479.888243381,26,6727272.7272727275,1.13,19.444928620922276,1.3862943611198906,0,18.731835179915297,0,44,0,4,7,10,7,2,0,NA,3.828641396489095,0,0.6869767401442863
ENG,1617,West Bromwich Albion,10,19,9,2,8,27,22,5,29,1.53,19,3,7,9,16,29,-13,16,0.84,23,29.4,37.3,38,3420,43,33,76,42,1,1,80,0,1.13,0.87,2,1.11,1.97,418,109,158,1.18,43,51,-8,-0.21,NA,45,0,0,0,0,40,38,0,0,2,7.205128205128205,0.75,1.55,2.425,0,10,6,1,0,3,696,94,599000000,222000000,128000000,0,249000000,39206,117750000,5119565.217391305,4000000,0.2692189970922818,0.19417946232719482,0.1409733204101413,0.4333056401735438,0.3821656050955414,5823821.608937408,23,8318181.818181818,1.18,20.210772157749172,1.9459101490553132,0.6931471805599453,19.218187944341057,18.667540829696392,39,0,2,5,7,4,1,0,1.13,3.713572066704308,0,0.7001315595443878
ENG,1718,West Bromwich Albion,20,19,3,9,7,21,29,-8,18,0.95,19,3,4,12,10,27,-17,13,0.68,24,29.1,40.7,38,3420,31,24,55,30,1,1,73,NA,0.82,0.63,1.45,0.79,1.42,418,108,157,0.82,31,56,-25,-0.66,Relegated,31,0,0,0,0,43,38,0,0,5,6.523809523809524,0.8372093023255814,1.8604651162790697,2.9069767441860463,0,14,6,1,0,7,772,117,823000000,408000000,30000000,0,385000000,42607,161600000,6464000,4500000,0.2643931748304269,0.1117187316638111,0.10899617433755017,0.43777227722772283,0.297029702970297,7475673.011476987,25,11545454.545454545,0.82,20.52846675985641,1.9459101490553132,0.6931471805599453,19.826777734819416,17.216707972959764,42,0,2,5,8,3,2,0,1.18,3.784189633918261,0,0.6474992372145422
ENG,2021,West Bromwich Albion,19,19,3,6,10,15,39,-24,15,0.79,19,2,5,12,20,37,-17,11,0.58,30,26.4,37.9,38,3420,33,20,53,29,4,4,51,4,0.87,0.53,1.39,0.76,1.29,418,104,211,0.68,35,76,-41,-1.08,Relegated,26,1,0,1,0,41,38,0,0,3,6.302083333333333,0.8536585365853658,1.9268292682926829,2.902439024390244,0,18,2,4,0,12,542,94,307000000,132500000,33000000,0,141500000,37934,129400000,4462068.9655172415,2500000,0.3594928032899246,0.09611430379079454,0.1741972900300522,0.4974684218941534,0.3554868624420402,6138045.025570728,29,8954545.454545455,0.68,19.5423583088088,1.0986122886681098,1.6094379124341003,18.702093210937722,17.312018149733785,40,0,4,10,13,5,2,0,0.82,3.7376696182833684,1,0.685466957170335
ENG,1516,West Ham United,7,19,9,7,3,34,26,8,34,1.79,19,7,7,5,31,25,6,28,1.47,28,26.6,48.4,38,3420,64,38,102,60,4,4,57,0,1.68,1,2.68,1.58,2.58,418,111,155,1.63,65,51,14,0.37,"→ Europa League via league finish 3 3. Since League Cup winners Manchester City qualified for Champions League, all Europa League berths were awarded based on league position.",62,0,0,0,0,51,38,6,0,7,6.356041666666667,0.8431372549019608,1.8431372549019607,2.764705882352941,1,24,16,0,0,8,1253,200,1684500000,852500000,0,0,832000000,45066,191700000,7100000,7500000,0.2619047619047619,0.08540806816668886,0.17396707051879465,0.3383372939971794,0.2347417840375587,8940209.914347846,27,11090909.090909092,1.63,21.24473462140453,2.833213344056216,0,20.56368376829497,0,50,0,3,9,14,6,2,0,NA,3.9512437185814275,0,0.806084500473986
ENG,1617,West Ham United,11,19,7,4,8,19,31,-12,25,1.32,19,5,5,9,28,33,-5,20,1.05,29,27.1,47.1,38,3420,46,28,74,43,3,4,86,4,1.21,0.74,1.95,1.13,1.87,418,109,156,1.18,47,64,-17,-0.45,NA,45,0,0,0,0,46,38,4,0,4,6.594675925925926,0.8260869565217391,1.7826086956521738,2.717391304347826,1,33,13,2,0,18,2307,325,3289500000,1188500000,118000000,0,1983000000,41486,264500000,9446428.57142857,9000000,0.26358289543460445,0.20153786819650002,0.14144530685050377,0.313056980826357,0.23440453686200377,10257882.177119993,28,14545454.545454545,1.18,21.914001414794324,2.6390573296152584,1.0986122886681098,20.89595784560592,18.586195190904515,45,0,7,10,12,7,2,0,1.63,3.8501476017100584,0,0.7052293996769995
ENG,1718,West Ham United,13,19,7,6,6,24,26,-2,27,1.42,19,3,6,10,24,42,-18,15,0.79,27,28,45.2,38,3420,48,29,77,46,2,4,75,NA,1.26,0.76,2.03,1.21,1.97,418,97,167,1.11,48,68,-20,-0.53,NA,42,0,0,0,0,45,38,0,0,7,6.203598484848485,0.9111111111111111,2.111111111111111,3,0,32,12,0,3,17,1877,277,2303000000,895000000,0,105000000,1303000000,43350,227000000,8107142.857142857,7000000,0.3622145328719723,0.0794002306805075,0.14136101499423298,0.3911264946507236,0.2643171806167401,10077681.660899654,28,13909090.909090908,1.11,21.557478458219176,2.5649493574615367,0,20.61233427735645,0,44,0,6,11,16,8,3,1,1.18,3.828641396489095,0,0.7245392043784066
ENG,1819,West Ham United,10,19,9,4,6,32,27,5,31,1.63,19,6,3,10,20,28,-8,21,1.11,26,27.6,48.6,38,3420,51,33,84,46,5,5,59,1,1.34,0.87,2.21,1.21,2.08,418,113,152,1.37,52,55,-3,-0.08,NA,52,0,0,0,0,43,38,0,0,5,6.501488095238095,0.8372093023255814,1.813953488372093,2.604651162790698,0,49,10,7,6,26,1995,279,3537500000,415000000,843000000,266500000,2013000000,42517,331500000,12750000,7500000,0.31140484982477595,0.13968530234964838,0.234376837500294,0.47018215570251765,0.36199095022624433,16933473.669355787,26,23090909.09090909,1.37,21.98668610019845,2.3978952727983707,2.0794415416798357,19.843789080604612,20.55247751715237,42,0,5,10,12,6,2,0,1.11,3.784189633918261,0,0.7333394108776129
ENG,1920,West Ham United,16,19,6,4,9,30,33,-3,22,1.16,19,4,5,10,19,29,-10,17,0.89,29,27.4,44.1,38,3420,49,36,85,45,4,4,64,1,1.29,0.95,2.24,1.18,2.13,418,107,177,1.03,49,62,-13,-0.34,NA,39,0,0,1,0,42,38,0,0,4,8.564532520325203,0.8571428571428571,1.8095238095238095,2.642857142857143,0,43,17,6,0,20,1187,146,1385400000,663000000,113000000,0,609400000,40582,285200000,11408000,6500000,0.3665910995022424,0.16965649795475826,0.19156276181558327,0.5281767180925665,0.4119915848527349,15511793.405943522,25,21272727.272727273,1.03,21.04925474427459,2.8903717578961645,1.9459101490553132,20.312285549658434,18.542898385526172,41,0,5,9,12,7,2,0,1.37,3.7612001156935624,1,0.7291868695101655
ENG,2021,West Ham United,6,19,10,4,5,32,22,10,34,1.79,19,9,4,6,30,25,5,31,1.63,24,27.8,43.2,38,3420,60,46,106,58,2,4,50,3,1.58,1.21,2.79,1.53,2.74,418,99,214,1.71,62,47,15,0.39,→ Europa League via cup win,65,1,0,1,0,44,38,0,0,6,5.87984496124031,0.9318181818181818,1.9090909090909092,3.090909090909091,0,35,15,5,2,13,749,121,835500000,246500000,201500000,88000000,299500000,35508,257350000,8874137.931034483,3000000,0.4230877548721415,0.030331192970598175,0.19758927565619017,0.6519901114140811,0.4740625607149796,14977105.159400698,29,20363636.363636363,1.71,20.54354090719661,2.772588722239781,1.791759469228055,19.322872555503814,19.12129994431379,43,0,5,10,13,8,4,1,1.03,3.8066624897703196,1,0.7354828426491414
ENG,2122,West Ham United,7,19,9,5,5,33,26,7,32,1.68,19,7,3,9,27,25,2,24,1.26,25,28.2,47.9,38,3420,58,46,104,54,4,6,52,3,1.53,1.21,2.74,1.42,2.63,418,95,247,1.47,60,51,9,0.24,→ Europa Conference League via league finish,56,1,1,0,0,56,38,12,0,6,5.092424242424243,1.0714285714285714,2.4107142857142856,3.6607142857142856,1,7,2,1,0,4,398,71,581800000,352000000,46800000,0,183000000,54949,331350000,11425862.068965517,3000000,0.45706018307885493,0.025842144534022456,0.23439917013958397,0.6821727207921615,0.5039987928172627,21124146.93624998,29,26818181.818181816,1.47,20.18163730574418,1.0986122886681098,0.6931471805599453,19.67914173640328,17.661393782255395,55,0,16,23,26,14,4,1,1.71,4.04305126783455,1,0.7876800552499993
ENG,2223,West Ham United,14,19,8,4,7,26,24,2,28,1.47,19,3,3,13,16,31,-15,12,0.63,25,28.2,42.1,38,3420,41,25,66,35,6,8,44,0,1.08,0.66,1.74,0.92,1.58,418,132,204,1.05,42,55,-13,-0.34,NA,40,1,1,0,0,57,38,15,15,4,5.431919642857143,1.1578947368421053,2.526315789473684,3.8421052631578947,1,23,6,1,3,13,682,128,2717800000,683000000,35000000,62900000,1936900000,54425,444950000,15343103.448275862,9000000,0.4153054662379421,0.15555351401010564,0.20698208543867708,0.5894579398692608,0.38880773120575346,23674675.241157558,29,33090909.09090909,1.05,21.723088566818618,1.9459101490553132,0.6931471805599453,20.342005418999193,17.370858648025116,56,0,18,24,26,18,7,1,1.47,4.060443010546419,1,0.7154434825624537
ENG,2324,West Ham United,9,19,7,8,4,31,28,3,29,1.53,19,7,2,10,29,46,-17,23,1.21,26,28.3,41.1,38,3420,58,40,98,54,4,5,82,3,1.53,1.05,2.58,1.42,2.47,418,109,233,1.37,60,74,-14,-0.37,NA,52,1,1,0,0,53,38,10,0,5,5.404647435897436,1.0377358490566038,2.2264150943396226,3.490566037735849,1,17,5,2,3,7,319,58,1184000000,603000000,80000000,148000000,353000000,52385,475300000,17603703.703703705,10000000,0.38732461582514077,0.08105373675670516,0.2060322611434571,0.5218692287911728,0.3471491689459289,25742038.751551017,27,35000000,1.37,20.89216437425282,1.791759469228055,1.0986122886681098,20.217427756349835,18.197537205138154,52,0,15,19,20,13,4,1,1.05,3.9889840465642745,1,0.7354868214728862
ENG,2425,West Ham United,14,19,5,5,9,23,34,-11,20,1.05,19,6,5,8,23,28,-5,23,1.21,27,28.1,48.4,38,3420,43,29,72,40,3,3,82,3,1.13,0.76,1.89,1.05,1.82,418,172,170,1.13,46,62,-16,-0.42,NA,43,1,1,0,0,41,38,0,0,3,7.0234375,0.6585365853658537,1.5853658536585367,2.4878048780487805,0,15,5,1,0,9,869,121,1569200000,789000000,21700000,0,758500000,NA,NA,NA,NA,NA,NA,NA,NA,NA,NA,NA,NA,1.13,21.17383177293694,1.791759469228055,0.6931471805599453,20.486276880077575,16.892822864593636,40,0,2,4,7,0,1,0,1.37,3.7376696182833684,NA,NA
GER,1516,Wolfsburg,8,17,9,5,3,32,17,15,32,1.88,17,3,4,10,15,32,-17,13,0.76,29,27,57.6,34,3060,46,39,85,43,3,3,59,0,1.35,1.15,2.5,1.26,2.41,374,96,139,1.32,47,49,-2,-0.06,NA,45,0,0,0,0,47,34,10,0,3,6.234601449275362,1.1063829787234043,2.2127659574468086,3.1914893617021276,1,45,15,1,0,29,1157,180,1237000000,442000000,94500000,0,700500000,42486,200150000,8006000,5000000,0.32384785576425174,0.06590406251471073,0.1322317940027303,0.5168723457406945,0.3497376967274544,10712427.62321706,25,15090909.090909092,1.32,20.93595493116517,2.772588722239781,0.6931471805599453,19.906820442304415,18.36411040304598,46,0,4,12,21,13,3,1,NA,3.871201010907891,1,0.7098596617794436
GER,1617,Wolfsburg,16,17,5,3,9,15,25,-10,18,1.06,17,5,4,8,19,27,-8,19,1.12,31,25.7,51.7,34,3060,32,23,55,29,3,3,69,2,0.94,0.68,1.62,0.85,1.53,374,96,142,1.09,34,52,-18,-0.53,→ German 1/2 Relegation/Promotion play-offs,37,0,0,0,0,39,34,0,0,5,7.42077850877193,0.7948717948717948,1.6153846153846154,2.41025641025641,0,69,20,0,3,46,1509,171,1193900000,405300000,0,30000000,758600000,36593,199900000,6246875,3750000,0.37037138250485063,0.07386658650561582,0.09810619517394037,0.5120529014507254,0.3401700850425213,8007107.916814691,32,13272727.272727273,1.09,20.900491097153207,3.044522437723423,0,19.820138094065847,0,38,0,2,6,7,2,1,0,1.32,3.6888794541139363,1,0.6032752540065863
GER,1718,Wolfsburg,16,17,3,8,6,23,25,-2,17,1,17,3,7,7,13,23,-10,16,0.94,29,25.1,49.3,34,3060,36,26,62,35,1,6,65,NA,1.06,0.76,1.82,1.03,1.79,374,91,147,0.97,36,48,-12,-0.35,→ German 1/2 Relegation/Promotion play-offs,33,0,0,0,0,40,34,0,0,6,7.210470085470085,0.725,1.675,2.375,0,81,11,3,3,64,2388,301,1471350000,111500000,23000000,24500000,1312350000,37883,143000000,4766666.666666667,5000000,0.333975661906396,0.12250877702399493,0.10603700868463427,0.38913752913752897,0.2097902097902098,6115305.018081989,30,8227272.7272727275,0.97,21.109446184322355,2.4849066497880004,1.3862943611198906,18.529535157833056,16.951004817371683,39,0,1,6,8,3,2,0,1.09,3.713572066704308,0,0.7432967425293026
GER,1819,Wolfsburg,6,17,8,5,4,36,23,13,29,1.71,17,8,2,7,26,27,-1,26,1.53,25,25.4,53.3,34,3060,59,38,97,54,5,5,62,0,1.74,1.12,2.85,1.59,2.71,374,97,140,1.62,62,50,12,0.35,"→ Europa League via league finish 1 1. Since DFB-Pokal winners Bayern Munich qualified for Champions League, all Europa League berths were awarded based on league position.",55,0,0,0,0,37,34,0,0,3,7.583333333333333,0.8378378378378378,1.6486486486486487,2.3783783783783785,0,19,5,2,0,12,1385,160,1724000000,310000000,79000000,0,1335000000,36609,198850000,8285416.666666667,8000000,0.40872463055532793,0.0470376137015488,0.23808353137206698,0.39580714106110126,0.2765903947699271,11446819.088202355,24,13636363.636363637,1.62,21.26791300976796,1.791759469228055,1.0986122886681098,19.552082858669273,18.184958423089522,36,0,2,3,4,3,1,0,0.97,3.6375861597263857,0,0.839433399801506
GER,1920,Wolfsburg,7,17,4,7,6,19,23,-4,19,1.12,17,9,3,5,29,23,6,30,1.76,26,26,48.4,34,3060,48,33,81,44,4,4,71,4,1.41,0.97,2.38,1.29,2.26,374,106,199,1.44,48,46,2,0.06,→ Europa League via league finish,49,0,0,1,0,46,34,10,0,2,7.97908950617284,0.9565217391304348,2.0217391304347827,2.9782608695652173,1,22,9,1,0,12,955,135,1352700000,336900000,275000000,0,740800000,44682,197025000,7036607.142857143,6500000,0.4383420616803187,0.06678304462647151,0.23248735508705967,0.4246243225116464,0.2639258977287146,10085400.161138713,28,12636363.636363637,1.44,21.025368432798686,2.302585092994046,0.6931471805599453,19.63529671134502,19.432281659267208,45,0,9,13,16,8,3,1,1.62,3.8501476017100584,0,0.7981251926080996
GER,2021,Wolfsburg,4,17,10,4,3,32,16,16,34,2,17,7,6,4,29,21,8,27,1.59,26,25.6,51.1,34,3060,57,48,105,55,2,3,58,3,1.68,1.41,3.09,1.62,3.03,374,128,173,1.79,61,37,24,0.71,→ Champions League via league finish,61,1,0,1,0,41,34,3,0,4,6.3,0.8536585365853658,1.951219512195122,2.8780487804878048,1,27,5,2,6,14,1117,161,1141000000,109000000,227000000,124500000,680500000,37501,254550000,9790384.615384616,7000000,0.47497400069331486,0.044798805365190264,0.23871363430308526,0.4833945272955289,0.3339226085248478,15813804.965200927,26,18136363.636363637,1.79,20.855170908702775,1.791759469228055,1.0986122886681098,18.50685844936773,19.240460579850964,40,0,6,9,11,7,3,1,1.44,3.7376696182833684,0,0.8719391208882716
GER,2122,Wolfsburg,12,17,7,3,7,25,21,4,24,1.41,17,5,3,9,18,33,-15,18,1.06,30,26,50.5,34,3060,42,25,67,39,3,4,61,3,1.24,0.74,1.97,1.15,1.88,374,139,161,1.24,43,54,-11,-0.32,NA,42,1,1,0,0,41,34,6,0,1,6.975,0.8780487804878049,1.7317073170731707,2.6341463414634148,1,29,5,1,6,17,1073,134,1659300000,112500000,810000000,89500000,647300000,39585,230500000,8865384.615384616,7000000,0.3775419982316534,0.09864847795882278,0.1836554250347354,0.4220423827799098,0.29067245119305857,11591736.768978149,26,15454545.454545455,1.24,21.229661664235678,1.791759469228055,0.6931471805599453,18.538463788497637,20.512544806865325,40,0,3,8,10,6,2,0,1.79,3.7376696182833684,0,0.7500535556397625
GER,2223,Wolfsburg,8,17,6,7,4,34,25,9,25,1.47,17,7,3,7,23,23,0,24,1.41,28,24.8,50.6,34,3060,55,44,99,51,4,7,63,0,1.62,1.29,2.91,1.5,2.79,374,158,148,1.44,57,48,9,0.26,NA,49,1,1,0,0,37,34,0,0,3,8.358217592592593,0.7297297297297297,1.7027027027027026,2.6216216216216215,0,28,10,0,4,14,931,110,853100000,301100000,0,38000000,514000000,36190,219500000,8442307.692307692,6000000,0.3787510361978447,0.06750483558994197,0.1971262779773418,0.46239705624671457,0.30068337129840544,12333509.256700747,26,15590909.090909092,1.44,20.56438733305112,2.3978952727983707,0,19.522952996773117,0,36,0,0,4,7,3,2,0,1.24,3.6375861597263857,0,0.7910705645697271
GER,2324,Wolfsburg,12,17,6,4,7,25,25,0,22,1.29,17,4,3,10,16,31,-15,15,0.88,28,25.6,48,34,3060,41,27,68,39,2,3,86,5,1.21,0.79,2,1.15,1.94,374,155,149,1.09,41,56,-15,-0.44,NA,37,1,1,0,0,37,34,0,0,3,7.75,0.7297297297297297,1.5405405405405406,2.27027027027027,0,30,8,2,6,14,1432,159,1047200000,227000000,25400000,106000000,688800000,36769,205700000,7618518.518518519,6000000,0.3486632761293481,0.06880796322989474,0.2083820609752781,0.4025279533300925,0.2916869227029655,10036751.067475319,27,12909090.909090908,1.09,20.76938577351489,2.1972245773362196,1.0986122886681098,19.240460579850964,17.050259771358842,36,0,0,2,3,1,1,0,1.44,3.6375861597263857,0,0.7774948010016093
GER,2425,Wolfsburg,11,17,3,7,7,27,30,-3,16,0.94,17,8,3,6,29,24,5,27,1.59,27,25.2,46.1,34,3060,53,38,91,49,4,5,75,3,1.56,1.12,2.68,1.44,2.56,374,155,150,1.26,56,54,2,0.06,NA,43,1,1,0,0,38,34,0,0,4,7.321509009009009,0.7105263157894737,1.605263157894737,2.3684210526315788,0,39,13,1,4,21,1256,167,1767000000,807000000,12000000,33000000,915000000,36863,272500000,10092592.592592593,7500000,0.29718145566014703,0.11892683720804058,0.1497979003336679,0.41114509004417266,0.30091743119266057,12264180.885983236,27,17454545.454545453,1.26,21.2925490308499,2.6390573296152584,0.6931471805599453,20.50883422747338,16.300417291085605,37,0,1,3,6,3,1,0,1.09,3.6635616461296463,0,0.7026353632594563
ENG,1819,Wolves,7,19,10,4,5,28,21,7,34,1.79,19,6,5,8,19,25,-6,23,1.21,21,26.1,46.8,38,3420,46,35,81,42,4,4,73,1,1.21,0.92,2.13,1.11,2.03,418,110,156,1.5,47,46,1,0.03,→ Europa League via league finish,57,0,0,0,0,46,38,0,0,8,6.086574074074074,0.8695652173913043,1.934782608695652,3,0,11,2,3,0,6,223,37,827000000,245000000,108000000,0,474000000,42381,259400000,12970000,10000000,0.3483400580448786,0.07208418866945093,0.21965031499964607,0.42750578257517335,0.3855050115651503,16429970.977560699,20,19545454.545454547,1.5,20.533315254197156,1.0986122886681098,1.3862943611198906,19.316768772590635,18.497641794347754,45,0,1,8,13,5,2,0,NA,3.8501476017100584,0,0.8406031662938032
ENG,1920,Wolves,7,19,8,7,4,27,19,8,31,1.63,19,7,7,5,24,21,3,28,1.47,21,26.6,48.3,38,3420,49,34,83,45,4,4,61,2,1.29,0.89,2.18,1.18,2.08,418,97,187,1.55,51,40,11,0.29,NA,59,0,0,1,0,59,38,17,0,4,6.604346264367816,1.11864406779661,2.3559322033898304,3.542372881355932,1,25,6,6,2,11,987,120,1186925000,301500000,65825000,16000000,803600000,52777,316125000,11708333.333333334,9000000,0.42122515489701956,0.031017299202304033,0.20694620762832294,0.51475769957383255,0.3416370106761566,18432763.7986244,27,22590909.09090909,1.55,20.894631766921496,1.9459101490553132,1.9459101490553132,19.524280577448263,18.002510278538445,58,1,17,23,25,17,4,1,1.5,4.0943445622221,1,0.8159372305226092
ENG,2021,Wolves,13,19,7,4,8,21,25,-4,25,1.32,19,5,5,9,15,27,-12,20,1.05,27,26.3,49.3,38,3420,34,21,55,30,4,4,55,1,0.89,0.55,1.45,0.79,1.34,418,106,204,1.18,36,52,-16,-0.42,NA,45,1,0,1,0,42,38,0,0,4,6.119918699186992,0.8333333333333334,1.9047619047619047,2.9761904761904763,0,23,7,4,2,10,1646,233,4999100000,502400000,667800000,73000000,3755900000,36247,355400000,16154545.454545455,14500000,0.33746241068226335,0.11399564101856706,0.2356332937898309,0.4538036527344349,0.3095104108047271,22230675.64212211,22,27636363.636363637,1.18,22.332523733378604,2.0794415416798357,1.6094379124341003,20.03490717510871,20.319499286971283,41,0,3,8,13,4,2,0,1.55,3.7612001156935624,0,0.8043994475767868
ENG,2122,Wolves,10,19,7,3,9,20,25,-5,24,1.26,19,8,3,8,18,18,0,27,1.42,26,27.3,49.5,38,3420,35,22,57,34,1,1,62,2,0.92,0.58,1.5,0.89,1.47,418,107,230,1.34,38,43,-5,-0.13,NA,51,1,1,0,0,42,38,0,0,4,6.854674796747967,0.7619047619047619,1.7142857142857142,2.642857142857143,0,14,5,0,3,6,508,89,1029000000,342000000,0,135000000,552000000,38541,352200000,13546153.846153846,15000000,0.36343115124153497,0.15809138320230404,0.14903609143509508,0.4363124099069584,0.2839295854628052,17550400.87179886,26,23727272.727272727,1.34,20.75185329477014,1.791759469228055,0,19.650321297950857,0,41,0,5,5,8,2,2,0,1.18,3.7612001156935624,0,0.7396720673938217
ENG,2223,Wolves,13,19,9,3,7,19,20,-1,30,1.58,19,2,5,12,12,38,-26,11,0.58,32,26.7,49.9,38,3420,28,12,40,25,3,3,85,6,0.74,0.32,1.05,0.66,0.97,418,165,175,1.08,31,58,-27,-0.71,NA,41,1,1,0,0,44,38,0,0,6,6.861918604651163,0.9318181818181818,1.9318181818181819,2.8863636363636362,0,14,6,1,1,6,822,130,2010000000,357000000,645000000,22000000,986000000,39211,392300000,14529629.629629629,12000000,0.3206243146055954,0.11473821121624034,0.16311749254035857,0.475467565449722,0.3186336986999745,19240251.460049476,27,27090909.09090909,1.08,21.421400559514908,1.9459101490553132,0.6931471805599453,19.693246342545034,20.284760876310433,43,0,3,10,12,5,3,1,1.34,3.8066624897703196,0,0.7102106243642424
ENG,2324,Wolves,14,19,8,3,8,26,30,-4,27,1.42,19,5,4,10,24,35,-11,19,1,27,26.6,48.9,38,3420,47,36,83,43,4,4,102,4,1.24,0.95,2.18,1.13,2.08,418,146,196,1.21,50,65,-15,-0.39,NA,46,1,1,0,0,45,38,0,0,7,6.337121212121212,0.8222222222222222,1.8,2.7555555555555555,0,15,8,1,1,5,870,134,2553500000,1789500000,260000000,12000000,492000000,44681,424400000,14146666.666666666,9000000,0.3669344911707437,0.08421924307871355,0.1044067948344934,0.5645538799874332,0.353440150801131,19999080.145923324,30,30727272.727272727,1.21,21.660730804443592,2.1972245773362196,0.6931471805599453,21.30520208872917,19.376192192825954,44,0,4,10,13,6,2,0,1.08,3.828641396489095,1,0.6508576378850786
ENG,2425,Wolves,16,19,6,3,10,27,32,-5,21,1.11,19,6,3,10,27,37,-10,21,1.11,32,26.9,48.1,38,3420,53,42,95,53,0,0,79,2,1.39,1.11,2.5,1.39,2.5,418,167,174,1.11,54,69,-15,-0.39,NA,42,1,1,0,0,43,38,0,0,5,6.691468253968254,0.6744186046511628,1.6744186046511629,2.697674418604651,0,23,11,1,2,9,904,130,1290500000,557500000,304000000,30000000,399000000,NA,NA,NA,NA,NA,NA,NA,NA,NA,NA,NA,NA,1.11,20.978295577897835,2.4849066497880004,0.6931471805599453,20.13897306309227,19.53253826265997,42,0,3,6,8,3,1,0,1.21,3.784189633918261,NA,NA
